source_id,category,paper_id_guess,pdf_path,pdf_relative_path,pdf_exists,pdf_file_size_mb,markdown_expected_path,markdown_actual_path,markdown_exists,markdown_char_count,markdown_status,output_dir,legacy_output_dir,resolved_output_dir,output_dir_layout,has_output_dir,has_stage3,has_stage4a,has_final_dataset,has_link_aware_export,current_pipeline_status,recommended_next_action
fiber_process__002_pva作纺丝助剂制备莫来石_氧化铝长纤维,fiber_process,002_PVA作纺丝助剂制备莫来石-氧化铝长纤维,G:\paper\Sorted_Database\Fiber_Process\002_PVA作纺丝助剂制备莫来石-氧化铝长纤维.pdf,G:\paper\Sorted_Database\Fiber_Process\002_PVA作纺丝助剂制备莫来石-氧化铝长纤维.pdf,true,0.264,data\markdown\fiber_process\002_PVA作纺丝助剂制备莫来石-氧化铝长纤维.md,data\markdown\fiber_process\002_PVA作纺丝助剂制备莫来石-氧化铝长纤维.md,true,8808,exists_ok,data\outputs\fiber_process\002_PVA作纺丝助剂制备莫来石-氧化铝长纤维,data\outputs\002_PVA作纺丝助剂制备莫来石-氧化铝长纤维,data\outputs\fiber_process\002_PVA作纺丝助剂制备莫来石-氧化铝长纤维,category_aware,true,false,false,false,false,markdown_ready,run_stage3_next
fiber_process__004_sol_gel法制备新型多晶钇_铝石榴石纤维,fiber_process,004_Sol-Gel法制备新型多晶钇-铝石榴石纤维,G:\paper\Sorted_Database\Fiber_Process\004_Sol-Gel法制备新型多晶钇-铝石榴石纤维.pdf,G:\paper\Sorted_Database\Fiber_Process\004_Sol-Gel法制备新型多晶钇-铝石榴石纤维.pdf,true,1.315,data\markdown\fiber_process\004_Sol-Gel法制备新型多晶钇-铝石榴石纤维.md,data\markdown\fiber_process\004_Sol-Gel法制备新型多晶钇-铝石榴石纤维.md,true,10374,exists_ok,data\outputs\fiber_process\004_Sol-Gel法制备新型多晶钇-铝石榴石纤维,data\outputs\004_Sol-Gel法制备新型多晶钇-铝石榴石纤维,data\outputs\fiber_process\004_Sol-Gel法制备新型多晶钇-铝石榴石纤维,category_aware,true,false,false,false,false,markdown_ready,run_stage3_next
fiber_process__005_α_a12o3连续纤维的制备与表征,fiber_process,005_α-A12O3连续纤维的制备与表征,G:\paper\Sorted_Database\Fiber_Process\005_α-A12O3连续纤维的制备与表征.pdf,G:\paper\Sorted_Database\Fiber_Process\005_α-A12O3连续纤维的制备与表征.pdf,true,5.613,data\markdown\fiber_process\005_α-A12O3连续纤维的制备与表征.md,data\markdown\fiber_process\005_α-A12O3连续纤维的制备与表征.md,true,73772,exists_ok,data\outputs\fiber_process\005_α-A12O3连续纤维的制备与表征,data\outputs\005_α-A12O3连续纤维的制备与表征,data\outputs\fiber_process\005_α-A12O3连续纤维的制备与表征,category_aware,true,false,false,false,false,markdown_ready,run_stage3_next
fiber_process__009_含硅氧化物连续纤维的制备及其性质的研究,fiber_process,009_含硅氧化物连续纤维的制备及其性质的研究,G:\paper\Sorted_Database\Fiber_Process\009_含硅氧化物连续纤维的制备及其性质的研究.pdf,G:\paper\Sorted_Database\Fiber_Process\009_含硅氧化物连续纤维的制备及其性质的研究.pdf,true,7.11,data\markdown\fiber_process\009_含硅氧化物连续纤维的制备及其性质的研究.md,data\markdown\fiber_process\009_含硅氧化物连续纤维的制备及其性质的研究.md,true,67192,exists_ok,data\outputs\fiber_process\009_含硅氧化物连续纤维的制备及其性质的研究,data\outputs\009_含硅氧化物连续纤维的制备及其性质的研究,data\outputs\fiber_process\009_含硅氧化物连续纤维的制备及其性质的研究,category_aware,true,false,false,false,false,markdown_ready,run_stage3_next
fiber_process__010_含硼氧化铝基陶瓷连续纤维的制备及表征,fiber_process,010_含硼氧化铝基陶瓷连续纤维的制备及表征,G:\paper\Sorted_Database\Fiber_Process\010_含硼氧化铝基陶瓷连续纤维的制备及表征.pdf,G:\paper\Sorted_Database\Fiber_Process\010_含硼氧化铝基陶瓷连续纤维的制备及表征.pdf,true,9.34,data\markdown\fiber_process\010_含硼氧化铝基陶瓷连续纤维的制备及表征.md,data\markdown\fiber_process\010_含硼氧化铝基陶瓷连续纤维的制备及表征.md,true,63761,exists_ok,data\outputs\fiber_process\010_含硼氧化铝基陶瓷连续纤维的制备及表征,data\outputs\010_含硼氧化铝基陶瓷连续纤维的制备及表征,data\outputs\fiber_process\010_含硼氧化铝基陶瓷连续纤维的制备及表征,category_aware,true,false,false,false,false,markdown_ready,run_stage3_next
fiber_process__011_固相反应合成mgal_2o_4多孔纤维的研究_王昕悦,fiber_process,011_固相反应合成MgAl_2O_4多孔纤维的研究_王昕悦,G:\paper\Sorted_Database\Fiber_Process\011_固相反应合成MgAl_2O_4多孔纤维的研究_王昕悦.pdf,G:\paper\Sorted_Database\Fiber_Process\011_固相反应合成MgAl_2O_4多孔纤维的研究_王昕悦.pdf,true,1.517,data\markdown\fiber_process\011_固相反应合成MgAl_2O_4多孔纤维的研究_王昕悦.md,data\markdown\fiber_process\011_固相反应合成MgAl_2O_4多孔纤维的研究_王昕悦.md,true,12502,exists_ok,data\outputs\fiber_process\011_固相反应合成MgAl_2O_4多孔纤维的研究_王昕悦,data\outputs\011_固相反应合成MgAl_2O_4多孔纤维的研究_王昕悦,data\outputs\fiber_process\011_固相反应合成MgAl_2O_4多孔纤维的研究_王昕悦,category_aware,true,false,false,false,false,markdown_ready,run_stage3_next
fiber_process__013_多孔莫来石纤维基隔热陶瓷的制备与性能研究,fiber_process,013_多孔莫来石纤维基隔热陶瓷的制备与性能研究,G:\paper\Sorted_Database\Fiber_Process\013_多孔莫来石纤维基隔热陶瓷的制备与性能研究.pdf,G:\paper\Sorted_Database\Fiber_Process\013_多孔莫来石纤维基隔热陶瓷的制备与性能研究.pdf,true,7.998,data\markdown\fiber_process\013_多孔莫来石纤维基隔热陶瓷的制备与性能研究.md,data\markdown\fiber_process\013_多孔莫来石纤维基隔热陶瓷的制备与性能研究.md,true,118240,exists_ok,data\outputs\fiber_process\013_多孔莫来石纤维基隔热陶瓷的制备与性能研究,data\outputs\013_多孔莫来石纤维基隔热陶瓷的制备与性能研究,data\outputs\fiber_process\013_多孔莫来石纤维基隔热陶瓷的制备与性能研究,category_aware,true,false,false,false,false,markdown_ready,run_stage3_next
fiber_process__014_多晶型氧化铝连续纤维的研制及性能,fiber_process,014_多晶型氧化铝连续纤维的研制及性能,G:\paper\Sorted_Database\Fiber_Process\014_多晶型氧化铝连续纤维的研制及性能.pdf,G:\paper\Sorted_Database\Fiber_Process\014_多晶型氧化铝连续纤维的研制及性能.pdf,true,19.185,data\markdown\fiber_process\014_多晶型氧化铝连续纤维的研制及性能.md,data\markdown\fiber_process\014_多晶型氧化铝连续纤维的研制及性能.md,true,126742,exists_ok,data\outputs\fiber_process\014_多晶型氧化铝连续纤维的研制及性能,data\outputs\014_多晶型氧化铝连续纤维的研制及性能,data\outputs\fiber_process\014_多晶型氧化铝连续纤维的研制及性能,category_aware,true,false,false,false,false,markdown_ready,run_stage3_next
fiber_process__015_多晶莫来石纤维的制备研究,fiber_process,015_多晶莫来石纤维的制备研究,G:\paper\Sorted_Database\Fiber_Process\015_多晶莫来石纤维的制备研究.pdf,G:\paper\Sorted_Database\Fiber_Process\015_多晶莫来石纤维的制备研究.pdf,true,0.386,data\markdown\fiber_process\015_多晶莫来石纤维的制备研究.md,data\markdown\fiber_process\015_多晶莫来石纤维的制备研究.md,true,10101,exists_ok,data\outputs\fiber_process\015_多晶莫来石纤维的制备研究,data\outputs\015_多晶莫来石纤维的制备研究,data\outputs\fiber_process\015_多晶莫来石纤维的制备研究,category_aware,true,false,false,false,false,markdown_ready,run_stage3_next
fiber_process__016_多晶莫来石纤维纺丝原液制备与可纺性研究,fiber_process,016_多晶莫来石纤维纺丝原液制备与可纺性研究,G:\paper\Sorted_Database\Fiber_Process\016_多晶莫来石纤维纺丝原液制备与可纺性研究.pdf,G:\paper\Sorted_Database\Fiber_Process\016_多晶莫来石纤维纺丝原液制备与可纺性研究.pdf,true,0.386,data\markdown\fiber_process\016_多晶莫来石纤维纺丝原液制备与可纺性研究.md,data\markdown\fiber_process\016_多晶莫来石纤维纺丝原液制备与可纺性研究.md,true,16778,exists_ok,data\outputs\fiber_process\016_多晶莫来石纤维纺丝原液制备与可纺性研究,data\outputs\016_多晶莫来石纤维纺丝原液制备与可纺性研究,data\outputs\fiber_process\016_多晶莫来石纤维纺丝原液制备与可纺性研究,category_aware,true,false,false,false,false,markdown_ready,run_stage3_next
fiber_process__019_干法纺丝制备α_al_2o_3陶瓷纤维及其力学性能研究_李建军,fiber_process,019_干法纺丝制备α-Al_2O_3陶瓷纤维及其力学性能研究_李建军,G:\paper\Sorted_Database\Fiber_Process\019_干法纺丝制备α-Al_2O_3陶瓷纤维及其力学性能研究_李建军.pdf,G:\paper\Sorted_Database\Fiber_Process\019_干法纺丝制备α-Al_2O_3陶瓷纤维及其力学性能研究_李建军.pdf,true,4.262,data\markdown\fiber_process\019_干法纺丝制备α-Al_2O_3陶瓷纤维及其力学性能研究_李建军.md,data\markdown\fiber_process\019_干法纺丝制备α-Al_2O_3陶瓷纤维及其力学性能研究_李建军.md,true,17795,exists_ok,data\outputs\fiber_process\019_干法纺丝制备α-Al_2O_3陶瓷纤维及其力学性能研究_李建军,data\outputs\019_干法纺丝制备α-Al_2O_3陶瓷纤维及其力学性能研究_李建军,data\outputs\fiber_process\019_干法纺丝制备α-Al_2O_3陶瓷纤维及其力学性能研究_李建军,category_aware,true,false,false,false,false,markdown_ready,run_stage3_next
fiber_process__029_无机酸铝体系氧化铝连续纤维的制备技术研究,fiber_process,029_无机酸铝体系氧化铝连续纤维的制备技术研究,G:\paper\Sorted_Database\Fiber_Process\029_无机酸铝体系氧化铝连续纤维的制备技术研究.pdf,G:\paper\Sorted_Database\Fiber_Process\029_无机酸铝体系氧化铝连续纤维的制备技术研究.pdf,true,1.411,data\markdown\fiber_process\029_无机酸铝体系氧化铝连续纤维的制备技术研究.md,data\markdown\fiber_process\029_无机酸铝体系氧化铝连续纤维的制备技术研究.md,true,35838,exists_ok,data\outputs\fiber_process\029_无机酸铝体系氧化铝连续纤维的制备技术研究,data\outputs\029_无机酸铝体系氧化铝连续纤维的制备技术研究,data\outputs\fiber_process\029_无机酸铝体系氧化铝连续纤维的制备技术研究,category_aware,true,false,false,false,false,markdown_ready,run_stage3_next
fiber_process__030_气电纺丝法制备硅铝增强氧化铈纳微纤维,fiber_process,030_气电纺丝法制备硅铝增强氧化铈纳微纤维,G:\paper\Sorted_Database\Fiber_Process\030_气电纺丝法制备硅铝增强氧化铈纳微纤维.pdf,G:\paper\Sorted_Database\Fiber_Process\030_气电纺丝法制备硅铝增强氧化铈纳微纤维.pdf,true,0.71,data\markdown\fiber_process\030_气电纺丝法制备硅铝增强氧化铈纳微纤维.md,data\markdown\fiber_process\030_气电纺丝法制备硅铝增强氧化铈纳微纤维.md,true,17451,exists_ok,data\outputs\fiber_process\030_气电纺丝法制备硅铝增强氧化铈纳微纤维,data\outputs\030_气电纺丝法制备硅铝增强氧化铈纳微纤维,data\outputs\fiber_process\030_气电纺丝法制备硅铝增强氧化铈纳微纤维,category_aware,true,false,false,false,false,markdown_ready,run_stage3_next
fiber_process__031_氧化硅_氧化铝前驱体结晶结构演变及其在氧化铝纤维制备中的应用研究,fiber_process,031_氧化硅_氧化铝前驱体结晶结构演变及其在氧化铝纤维制备中的应用研究,G:\paper\Sorted_Database\Fiber_Process\031_氧化硅_氧化铝前驱体结晶结构演变及其在氧化铝纤维制备中的应用研究.pdf,G:\paper\Sorted_Database\Fiber_Process\031_氧化硅_氧化铝前驱体结晶结构演变及其在氧化铝纤维制备中的应用研究.pdf,true,2.242,data\markdown\fiber_process\031_氧化硅_氧化铝前驱体结晶结构演变及其在氧化铝纤维制备中的应用研究.md,data\markdown\fiber_process\031_氧化硅_氧化铝前驱体结晶结构演变及其在氧化铝纤维制备中的应用研究.md,true,79928,exists_ok,data\outputs\fiber_process\031_氧化硅_氧化铝前驱体结晶结构演变及其在氧化铝纤维制备中的应用研究,data\outputs\031_氧化硅_氧化铝前驱体结晶结构演变及其在氧化铝纤维制备中的应用研究,data\outputs\fiber_process\031_氧化硅_氧化铝前驱体结晶结构演变及其在氧化铝纤维制备中的应用研究,category_aware,true,false,false,false,false,markdown_ready,run_stage3_next
fiber_process__032_氧化铝_莫来石前驱体纤维的溶胶设计及预烧结机理研究,fiber_process,032_氧化铝-莫来石前驱体纤维的溶胶设计及预烧结机理研究,G:\paper\Sorted_Database\Fiber_Process\032_氧化铝-莫来石前驱体纤维的溶胶设计及预烧结机理研究.pdf,G:\paper\Sorted_Database\Fiber_Process\032_氧化铝-莫来石前驱体纤维的溶胶设计及预烧结机理研究.pdf,true,13.732,data\markdown\fiber_process\032_氧化铝-莫来石前驱体纤维的溶胶设计及预烧结机理研究.md,data\markdown\fiber_process\032_氧化铝-莫来石前驱体纤维的溶胶设计及预烧结机理研究.md,true,271609,exists_ok,data\outputs\fiber_process\032_氧化铝-莫来石前驱体纤维的溶胶设计及预烧结机理研究,data\outputs\032_氧化铝-莫来石前驱体纤维的溶胶设计及预烧结机理研究,data\outputs\fiber_process\032_氧化铝-莫来石前驱体纤维的溶胶设计及预烧结机理研究,category_aware,true,false,false,false,false,markdown_ready,run_stage3_next
fiber_process__033_氧化铝_氧化锆前驱体纤维纺丝液的制备技术研究,fiber_process,033_氧化铝_氧化锆前驱体纤维纺丝液的制备技术研究,G:\paper\Sorted_Database\Fiber_Process\033_氧化铝_氧化锆前驱体纤维纺丝液的制备技术研究.pdf,G:\paper\Sorted_Database\Fiber_Process\033_氧化铝_氧化锆前驱体纤维纺丝液的制备技术研究.pdf,true,0.375,data\markdown\fiber_process\033_氧化铝_氧化锆前驱体纤维纺丝液的制备技术研究.md,data\markdown\fiber_process\033_氧化铝_氧化锆前驱体纤维纺丝液的制备技术研究.md,true,18691,exists_ok,data\outputs\fiber_process\033_氧化铝_氧化锆前驱体纤维纺丝液的制备技术研究,data\outputs\033_氧化铝_氧化锆前驱体纤维纺丝液的制备技术研究,data\outputs\fiber_process\033_氧化铝_氧化锆前驱体纤维纺丝液的制备技术研究,category_aware,true,false,false,false,false,markdown_ready,run_stage3_next
fiber_process__034_氧化铝基纤维_氧化铝复合材料的制备及其性能研究,fiber_process,034_氧化铝基纤维_氧化铝复合材料的制备及其性能研究,G:\paper\Sorted_Database\Fiber_Process\034_氧化铝基纤维_氧化铝复合材料的制备及其性能研究.pdf,G:\paper\Sorted_Database\Fiber_Process\034_氧化铝基纤维_氧化铝复合材料的制备及其性能研究.pdf,true,5.165,data\markdown\fiber_process\034_氧化铝基纤维_氧化铝复合材料的制备及其性能研究.md,data\markdown\fiber_process\034_氧化铝基纤维_氧化铝复合材料的制备及其性能研究.md,true,81426,exists_ok,data\outputs\fiber_process\034_氧化铝基纤维_氧化铝复合材料的制备及其性能研究,data\outputs\034_氧化铝基纤维_氧化铝复合材料的制备及其性能研究,data\outputs\fiber_process\034_氧化铝基纤维_氧化铝复合材料的制备及其性能研究,category_aware,true,false,false,false,false,markdown_ready,run_stage3_next
fiber_process__035_氧化铝基陶瓷连续纤维研究进展,fiber_process,035_氧化铝基陶瓷连续纤维研究进展,G:\paper\Sorted_Database\Fiber_Process\035_氧化铝基陶瓷连续纤维研究进展.pdf,G:\paper\Sorted_Database\Fiber_Process\035_氧化铝基陶瓷连续纤维研究进展.pdf,true,1.172,data\markdown\fiber_process\035_氧化铝基陶瓷连续纤维研究进展.md,data\markdown\fiber_process\035_氧化铝基陶瓷连续纤维研究进展.md,true,36650,exists_ok,data\outputs\fiber_process\035_氧化铝基陶瓷连续纤维研究进展,data\outputs\035_氧化铝基陶瓷连续纤维研究进展,data\outputs\fiber_process\035_氧化铝基陶瓷连续纤维研究进展,category_aware,true,false,false,false,false,markdown_ready,run_stage3_next
fiber_process__036_氧化铝溶胶浸渍法制备氧化铝纤维的工艺研究,fiber_process,036_氧化铝溶胶浸渍法制备氧化铝纤维的工艺研究,G:\paper\Sorted_Database\Fiber_Process\036_氧化铝溶胶浸渍法制备氧化铝纤维的工艺研究.pdf,G:\paper\Sorted_Database\Fiber_Process\036_氧化铝溶胶浸渍法制备氧化铝纤维的工艺研究.pdf,true,0.51,data\markdown\fiber_process\036_氧化铝溶胶浸渍法制备氧化铝纤维的工艺研究.md,data\markdown\fiber_process\036_氧化铝溶胶浸渍法制备氧化铝纤维的工艺研究.md,true,7233,exists_ok,data\outputs\fiber_process\036_氧化铝溶胶浸渍法制备氧化铝纤维的工艺研究,data\outputs\036_氧化铝溶胶浸渍法制备氧化铝纤维的工艺研究,data\outputs\fiber_process\036_氧化铝溶胶浸渍法制备氧化铝纤维的工艺研究,category_aware,true,false,false,false,false,markdown_ready,run_stage3_next
fiber_process__037_氧化铝纤维制备工艺及表面涂层性能表征研究,fiber_process,037_氧化铝纤维制备工艺及表面涂层性能表征研究,G:\paper\Sorted_Database\Fiber_Process\037_氧化铝纤维制备工艺及表面涂层性能表征研究.pdf,G:\paper\Sorted_Database\Fiber_Process\037_氧化铝纤维制备工艺及表面涂层性能表征研究.pdf,true,5.715,data\markdown\fiber_process\037_氧化铝纤维制备工艺及表面涂层性能表征研究.md,data\markdown\fiber_process\037_氧化铝纤维制备工艺及表面涂层性能表征研究.md,true,43329,exists_ok,data\outputs\fiber_process\037_氧化铝纤维制备工艺及表面涂层性能表征研究,data\outputs\037_氧化铝纤维制备工艺及表面涂层性能表征研究,data\outputs\fiber_process\037_氧化铝纤维制备工艺及表面涂层性能表征研究,category_aware,true,false,false,false,false,markdown_ready,run_stage3_next
fiber_process__038_氧化铝纤维基层状多孔陶瓷的制备与性能研究,fiber_process,038_氧化铝纤维基层状多孔陶瓷的制备与性能研究,G:\paper\Sorted_Database\Fiber_Process\038_氧化铝纤维基层状多孔陶瓷的制备与性能研究.pdf,G:\paper\Sorted_Database\Fiber_Process\038_氧化铝纤维基层状多孔陶瓷的制备与性能研究.pdf,true,11.33,data\markdown\fiber_process\038_氧化铝纤维基层状多孔陶瓷的制备与性能研究.md,data\markdown\fiber_process\038_氧化铝纤维基层状多孔陶瓷的制备与性能研究.md,true,86366,exists_ok,data\outputs\fiber_process\038_氧化铝纤维基层状多孔陶瓷的制备与性能研究,data\outputs\038_氧化铝纤维基层状多孔陶瓷的制备与性能研究,data\outputs\fiber_process\038_氧化铝纤维基层状多孔陶瓷的制备与性能研究,category_aware,true,false,false,false,false,markdown_ready,run_stage3_next
fiber_process__039_氧化铝纤维晶相抑制剂sio_2前驱体的选择_宋士玮,fiber_process,039_氧化铝纤维晶相抑制剂SiO_2前驱体的选择_宋士玮,G:\paper\Sorted_Database\Fiber_Process\039_氧化铝纤维晶相抑制剂SiO_2前驱体的选择_宋士玮.pdf,G:\paper\Sorted_Database\Fiber_Process\039_氧化铝纤维晶相抑制剂SiO_2前驱体的选择_宋士玮.pdf,true,0.664,data\markdown\fiber_process\039_氧化铝纤维晶相抑制剂SiO_2前驱体的选择_宋士玮.md,data\markdown\fiber_process\039_氧化铝纤维晶相抑制剂SiO_2前驱体的选择_宋士玮.md,true,6517,exists_ok,data\outputs\fiber_process\039_氧化铝纤维晶相抑制剂SiO_2前驱体的选择_宋士玮,data\outputs\039_氧化铝纤维晶相抑制剂SiO_2前驱体的选择_宋士玮,data\outputs\fiber_process\039_氧化铝纤维晶相抑制剂SiO_2前驱体的选择_宋士玮,category_aware,true,false,false,false,false,markdown_ready,run_stage3_next
fiber_process__041_氧化铝连续纤维前驱体的制备与表征,fiber_process,041_氧化铝连续纤维前驱体的制备与表征,G:\paper\Sorted_Database\Fiber_Process\041_氧化铝连续纤维前驱体的制备与表征.pdf,G:\paper\Sorted_Database\Fiber_Process\041_氧化铝连续纤维前驱体的制备与表征.pdf,true,8.063,data\markdown\fiber_process\041_氧化铝连续纤维前驱体的制备与表征.md,data\markdown\fiber_process\041_氧化铝连续纤维前驱体的制备与表征.md,true,80690,exists_ok,data\outputs\fiber_process\041_氧化铝连续纤维前驱体的制备与表征,data\outputs\041_氧化铝连续纤维前驱体的制备与表征,data\outputs\fiber_process\041_氧化铝连续纤维前驱体的制备与表征,category_aware,true,false,false,false,false,markdown_ready,run_stage3_next
fiber_process__042_氧化铝连续纤维的研制及表征_初步搞到这里了,fiber_process,042_氧化铝连续纤维的研制及表征（初步搞到这里了）,G:\paper\Sorted_Database\Fiber_Process\042_氧化铝连续纤维的研制及表征（初步搞到这里了）.pdf,G:\paper\Sorted_Database\Fiber_Process\042_氧化铝连续纤维的研制及表征（初步搞到这里了）.pdf,true,16.337,data\markdown\fiber_process\042_氧化铝连续纤维的研制及表征（初步搞到这里了）.md,data\markdown\fiber_process\042_氧化铝连续纤维的研制及表征（初步搞到这里了）.md,true,95348,exists_ok,data\outputs\fiber_process\042_氧化铝连续纤维的研制及表征（初步搞到这里了）,data\outputs\042_氧化铝连续纤维的研制及表征（初步搞到这里了）,data\outputs\fiber_process\042_氧化铝连续纤维的研制及表征（初步搞到这里了）,category_aware,true,false,false,false,false,markdown_ready,run_stage3_next
fiber_process__044_溶胶_凝胶法制备zro_2掺杂和cuo_in_2o_3负载的氧化铝复合材料及其应用性能_阮铖涛,fiber_process,044_溶胶—凝胶法制备ZrO_2掺杂和CuO@In_2O_3负载的氧化铝复合材料及其应用性能_阮铖涛,G:\paper\Sorted_Database\Fiber_Process\044_溶胶—凝胶法制备ZrO_2掺杂和CuO@In_2O_3负载的氧化铝复合材料及其应用性能_阮铖涛.pdf,G:\paper\Sorted_Database\Fiber_Process\044_溶胶—凝胶法制备ZrO_2掺杂和CuO@In_2O_3负载的氧化铝复合材料及其应用性能_阮铖涛.pdf,true,9.386,data\markdown\fiber_process\044_溶胶—凝胶法制备ZrO_2掺杂和CuO@In_2O_3负载的氧化铝复合材料及其应用性能_阮铖涛.md,data\markdown\fiber_process\044_溶胶—凝胶法制备ZrO_2掺杂和CuO@In_2O_3负载的氧化铝复合材料及其应用性能_阮铖涛.md,true,174275,exists_ok,data\outputs\fiber_process\044_溶胶—凝胶法制备ZrO_2掺杂和CuO@In_2O_3负载的氧化铝复合材料及其应用性能_阮铖涛,data\outputs\044_溶胶—凝胶法制备ZrO_2掺杂和CuO@In_2O_3负载的氧化铝复合材料及其应用性能_阮铖涛,data\outputs\fiber_process\044_溶胶—凝胶法制备ZrO_2掺杂和CuO@In_2O_3负载的氧化铝复合材料及其应用性能_阮铖涛,category_aware,true,false,false,false,false,markdown_ready,run_stage3_next
fiber_process__045_溶胶_凝胶法制备α_al_2o_3纤维的相变与微观形貌控制_李相东,fiber_process,045_溶胶—凝胶法制备α-Al_2O_3纤维的相变与微观形貌控制_李相东,G:\paper\Sorted_Database\Fiber_Process\045_溶胶—凝胶法制备α-Al_2O_3纤维的相变与微观形貌控制_李相东.pdf,G:\paper\Sorted_Database\Fiber_Process\045_溶胶—凝胶法制备α-Al_2O_3纤维的相变与微观形貌控制_李相东.pdf,true,34.446,data\markdown\fiber_process\045_溶胶—凝胶法制备α-Al_2O_3纤维的相变与微观形貌控制_李相东.md,data\markdown\fiber_process\045_溶胶—凝胶法制备α-Al_2O_3纤维的相变与微观形貌控制_李相东.md,true,133816,exists_ok,data\outputs\fiber_process\045_溶胶—凝胶法制备α-Al_2O_3纤维的相变与微观形貌控制_李相东,data\outputs\045_溶胶—凝胶法制备α-Al_2O_3纤维的相变与微观形貌控制_李相东,data\outputs\fiber_process\045_溶胶—凝胶法制备α-Al_2O_3纤维的相变与微观形貌控制_李相东,category_aware,true,false,false,false,false,markdown_ready,run_stage3_next
fiber_process__046_溶胶_凝胶法制备氧化铝基纤维研究,fiber_process,046_溶胶—凝胶法制备氧化铝基纤维研究,G:\paper\Sorted_Database\Fiber_Process\046_溶胶—凝胶法制备氧化铝基纤维研究.pdf,G:\paper\Sorted_Database\Fiber_Process\046_溶胶—凝胶法制备氧化铝基纤维研究.pdf,true,2.713,data\markdown\fiber_process\046_溶胶—凝胶法制备氧化铝基纤维研究.md,data\markdown\fiber_process\046_溶胶—凝胶法制备氧化铝基纤维研究.md,true,72070,exists_ok,data\outputs\fiber_process\046_溶胶—凝胶法制备氧化铝基纤维研究,data\outputs\046_溶胶—凝胶法制备氧化铝基纤维研究,data\outputs\fiber_process\046_溶胶—凝胶法制备氧化铝基纤维研究,category_aware,true,false,false,false,false,markdown_ready,run_stage3_next
fiber_process__048_溶胶_凝胶法制备钛酸铝纤维的研究,fiber_process,048_溶胶—凝胶法制备钛酸铝纤维的研究,G:\paper\Sorted_Database\Fiber_Process\048_溶胶—凝胶法制备钛酸铝纤维的研究.pdf,G:\paper\Sorted_Database\Fiber_Process\048_溶胶—凝胶法制备钛酸铝纤维的研究.pdf,true,8.021,data\markdown\fiber_process\048_溶胶—凝胶法制备钛酸铝纤维的研究.md,data\markdown\fiber_process\048_溶胶—凝胶法制备钛酸铝纤维的研究.md,true,68410,exists_ok,data\outputs\fiber_process\048_溶胶—凝胶法制备钛酸铝纤维的研究,data\outputs\048_溶胶—凝胶法制备钛酸铝纤维的研究,data\outputs\fiber_process\048_溶胶—凝胶法制备钛酸铝纤维的研究,category_aware,true,false,false,false,false,markdown_ready,run_stage3_next
fiber_process__049_溶胶组成对氧化铝纤维微观结构及性质的影响,fiber_process,049_溶胶组成对氧化铝纤维微观结构及性质的影响,G:\paper\Sorted_Database\Fiber_Process\049_溶胶组成对氧化铝纤维微观结构及性质的影响.pdf,G:\paper\Sorted_Database\Fiber_Process\049_溶胶组成对氧化铝纤维微观结构及性质的影响.pdf,true,1.781,data\markdown\fiber_process\049_溶胶组成对氧化铝纤维微观结构及性质的影响.md,data\markdown\fiber_process\049_溶胶组成对氧化铝纤维微观结构及性质的影响.md,true,27816,exists_ok,data\outputs\fiber_process\049_溶胶组成对氧化铝纤维微观结构及性质的影响,data\outputs\049_溶胶组成对氧化铝纤维微观结构及性质的影响,data\outputs\fiber_process\049_溶胶组成对氧化铝纤维微观结构及性质的影响,category_aware,true,false,false,false,false,markdown_ready,run_stage3_next
fiber_process__050_烧结温度对莫来石纤维组织结构和性能的影响,fiber_process,050_烧结温度对莫来石纤维组织结构和性能的影响,G:\paper\Sorted_Database\Fiber_Process\050_烧结温度对莫来石纤维组织结构和性能的影响.pdf,G:\paper\Sorted_Database\Fiber_Process\050_烧结温度对莫来石纤维组织结构和性能的影响.pdf,true,0.554,data\markdown\fiber_process\050_烧结温度对莫来石纤维组织结构和性能的影响.md,data\markdown\fiber_process\050_烧结温度对莫来石纤维组织结构和性能的影响.md,true,22026,exists_ok,data\outputs\fiber_process\050_烧结温度对莫来石纤维组织结构和性能的影响,data\outputs\050_烧结温度对莫来石纤维组织结构和性能的影响,data\outputs\fiber_process\050_烧结温度对莫来石纤维组织结构和性能的影响,category_aware,true,false,false,false,false,markdown_ready,run_stage3_next
fiber_process__051_稀土氧化物对低温固相合成镁铝尖晶石纤维的影响,fiber_process,051_稀土氧化物对低温固相合成镁铝尖晶石纤维的影响,G:\paper\Sorted_Database\Fiber_Process\051_稀土氧化物对低温固相合成镁铝尖晶石纤维的影响.pdf,G:\paper\Sorted_Database\Fiber_Process\051_稀土氧化物对低温固相合成镁铝尖晶石纤维的影响.pdf,true,1.696,data\markdown\fiber_process\051_稀土氧化物对低温固相合成镁铝尖晶石纤维的影响.md,data\markdown\fiber_process\051_稀土氧化物对低温固相合成镁铝尖晶石纤维的影响.md,true,13881,exists_ok,data\outputs\fiber_process\051_稀土氧化物对低温固相合成镁铝尖晶石纤维的影响,data\outputs\051_稀土氧化物对低温固相合成镁铝尖晶石纤维的影响,data\outputs\fiber_process\051_稀土氧化物对低温固相合成镁铝尖晶石纤维的影响,category_aware,true,false,false,false,false,markdown_ready,run_stage3_next
fiber_process__054_纳米α_al_2o_3籽晶的合成及其在制备α_al_2o_3纤维中的应用_肖泓芮,fiber_process,054_纳米α-Al_2O_3籽晶的合成及其在制备α-Al_2O_3纤维中的应用_肖泓芮,G:\paper\Sorted_Database\Fiber_Process\054_纳米α-Al_2O_3籽晶的合成及其在制备α-Al_2O_3纤维中的应用_肖泓芮.pdf,G:\paper\Sorted_Database\Fiber_Process\054_纳米α-Al_2O_3籽晶的合成及其在制备α-Al_2O_3纤维中的应用_肖泓芮.pdf,true,15.302,data\markdown\fiber_process\054_纳米α-Al_2O_3籽晶的合成及其在制备α-Al_2O_3纤维中的应用_肖泓芮.md,data\markdown\fiber_process\054_纳米α-Al_2O_3籽晶的合成及其在制备α-Al_2O_3纤维中的应用_肖泓芮.md,true,116847,exists_ok,data\outputs\fiber_process\054_纳米α-Al_2O_3籽晶的合成及其在制备α-Al_2O_3纤维中的应用_肖泓芮,data\outputs\054_纳米α-Al_2O_3籽晶的合成及其在制备α-Al_2O_3纤维中的应用_肖泓芮,data\outputs\fiber_process\054_纳米α-Al_2O_3籽晶的合成及其在制备α-Al_2O_3纤维中的应用_肖泓芮,category_aware,true,false,false,false,false,markdown_ready,run_stage3_next
fiber_process__055_纳米氧化铝纤维基多孔陶瓷的制备与性能研究,fiber_process,055_纳米氧化铝纤维基多孔陶瓷的制备与性能研究,G:\paper\Sorted_Database\Fiber_Process\055_纳米氧化铝纤维基多孔陶瓷的制备与性能研究.pdf,G:\paper\Sorted_Database\Fiber_Process\055_纳米氧化铝纤维基多孔陶瓷的制备与性能研究.pdf,true,4.983,data\markdown\fiber_process\055_纳米氧化铝纤维基多孔陶瓷的制备与性能研究.md,data\markdown\fiber_process\055_纳米氧化铝纤维基多孔陶瓷的制备与性能研究.md,true,62990,exists_ok,data\outputs\fiber_process\055_纳米氧化铝纤维基多孔陶瓷的制备与性能研究,data\outputs\055_纳米氧化铝纤维基多孔陶瓷的制备与性能研究,data\outputs\fiber_process\055_纳米氧化铝纤维基多孔陶瓷的制备与性能研究,category_aware,true,false,false,false,false,markdown_ready,run_stage3_next
fiber_process__056_莫来石_氧化铝复合连续纤维制备及研究,fiber_process,056_莫来石-氧化铝复合连续纤维制备及研究,G:\paper\Sorted_Database\Fiber_Process\056_莫来石-氧化铝复合连续纤维制备及研究.pdf,G:\paper\Sorted_Database\Fiber_Process\056_莫来石-氧化铝复合连续纤维制备及研究.pdf,true,12.672,data\markdown\fiber_process\056_莫来石-氧化铝复合连续纤维制备及研究.md,data\markdown\fiber_process\056_莫来石-氧化铝复合连续纤维制备及研究.md,true,55781,exists_ok,data\outputs\fiber_process\056_莫来石-氧化铝复合连续纤维制备及研究,data\outputs\056_莫来石-氧化铝复合连续纤维制备及研究,data\outputs\fiber_process\056_莫来石-氧化铝复合连续纤维制备及研究,category_aware,true,false,false,false,false,markdown_ready,run_stage3_next
fiber_process__057_莫来石纤维复合网络二级结构的可控化研究,fiber_process,057_莫来石纤维复合网络二级结构的可控化研究,G:\paper\Sorted_Database\Fiber_Process\057_莫来石纤维复合网络二级结构的可控化研究.pdf,G:\paper\Sorted_Database\Fiber_Process\057_莫来石纤维复合网络二级结构的可控化研究.pdf,true,1.41,data\markdown\fiber_process\057_莫来石纤维复合网络二级结构的可控化研究.md,data\markdown\fiber_process\057_莫来石纤维复合网络二级结构的可控化研究.md,true,8690,exists_ok,data\outputs\fiber_process\057_莫来石纤维复合网络二级结构的可控化研究,data\outputs\057_莫来石纤维复合网络二级结构的可控化研究,data\outputs\fiber_process\057_莫来石纤维复合网络二级结构的可控化研究,category_aware,true,false,false,false,false,markdown_ready,run_stage3_next
fiber_process__058_莫来石纳米纤维复合材料的制备及隔热研究,fiber_process,058_莫来石纳米纤维复合材料的制备及隔热研究,G:\paper\Sorted_Database\Fiber_Process\058_莫来石纳米纤维复合材料的制备及隔热研究.pdf,G:\paper\Sorted_Database\Fiber_Process\058_莫来石纳米纤维复合材料的制备及隔热研究.pdf,true,4.373,data\markdown\fiber_process\058_莫来石纳米纤维复合材料的制备及隔热研究.md,data\markdown\fiber_process\058_莫来石纳米纤维复合材料的制备及隔热研究.md,true,80746,exists_ok,data\outputs\fiber_process\058_莫来石纳米纤维复合材料的制备及隔热研究,data\outputs\058_莫来石纳米纤维复合材料的制备及隔热研究,data\outputs\fiber_process\058_莫来石纳米纤维复合材料的制备及隔热研究,category_aware,true,false,false,false,false,markdown_ready,run_stage3_next
fiber_process__059_连续氧化铝纤维及其复合材料的研究进展,fiber_process,059_连续氧化铝纤维及其复合材料的研究进展,G:\paper\Sorted_Database\Fiber_Process\059_连续氧化铝纤维及其复合材料的研究进展.pdf,G:\paper\Sorted_Database\Fiber_Process\059_连续氧化铝纤维及其复合材料的研究进展.pdf,true,1.295,data\markdown\fiber_process\059_连续氧化铝纤维及其复合材料的研究进展.md,data\markdown\fiber_process\059_连续氧化铝纤维及其复合材料的研究进展.md,true,30041,exists_ok,data\outputs\fiber_process\059_连续氧化铝纤维及其复合材料的研究进展,data\outputs\059_连续氧化铝纤维及其复合材料的研究进展,data\outputs\fiber_process\059_连续氧化铝纤维及其复合材料的研究进展,category_aware,true,false,false,false,false,markdown_ready,run_stage3_next
fiber_process__060_连续氧化铝纤维增强氧化铝基复合材料的制备与性能研究,fiber_process,060_连续氧化铝纤维增强氧化铝基复合材料的制备与性能研究,G:\paper\Sorted_Database\Fiber_Process\060_连续氧化铝纤维增强氧化铝基复合材料的制备与性能研究.pdf,G:\paper\Sorted_Database\Fiber_Process\060_连续氧化铝纤维增强氧化铝基复合材料的制备与性能研究.pdf,true,10.65,data\markdown\fiber_process\060_连续氧化铝纤维增强氧化铝基复合材料的制备与性能研究.md,data\markdown\fiber_process\060_连续氧化铝纤维增强氧化铝基复合材料的制备与性能研究.md,true,217476,exists_ok,data\outputs\fiber_process\060_连续氧化铝纤维增强氧化铝基复合材料的制备与性能研究,data\outputs\060_连续氧化铝纤维增强氧化铝基复合材料的制备与性能研究,data\outputs\fiber_process\060_连续氧化铝纤维增强氧化铝基复合材料的制备与性能研究,category_aware,true,false,false,false,false,markdown_ready,run_stage3_next
fiber_process__061_连续氧化铝纤维高温烧结的相变行为及致密化机理研究,fiber_process,061_连续氧化铝纤维高温烧结的相变行为及致密化机理研究,G:\paper\Sorted_Database\Fiber_Process\061_连续氧化铝纤维高温烧结的相变行为及致密化机理研究.pdf,G:\paper\Sorted_Database\Fiber_Process\061_连续氧化铝纤维高温烧结的相变行为及致密化机理研究.pdf,true,17.956,data\markdown\fiber_process\061_连续氧化铝纤维高温烧结的相变行为及致密化机理研究.md,data\markdown\fiber_process\061_连续氧化铝纤维高温烧结的相变行为及致密化机理研究.md,true,233739,exists_ok,data\outputs\fiber_process\061_连续氧化铝纤维高温烧结的相变行为及致密化机理研究,data\outputs\061_连续氧化铝纤维高温烧结的相变行为及致密化机理研究,data\outputs\fiber_process\061_连续氧化铝纤维高温烧结的相变行为及致密化机理研究,category_aware,true,false,false,false,false,markdown_ready,run_stage3_next
fiber_process__062_连续铝硅酸盐纤维增强al_2o_3_zro_2陶瓷基复合材料的制备与表征_张锦昌,fiber_process,062_连续铝硅酸盐纤维增强Al_2O_3-ZrO_2陶瓷基复合材料的制备与表征_张锦昌,G:\paper\Sorted_Database\Fiber_Process\062_连续铝硅酸盐纤维增强Al_2O_3-ZrO_2陶瓷基复合材料的制备与表征_张锦昌.pdf,G:\paper\Sorted_Database\Fiber_Process\062_连续铝硅酸盐纤维增强Al_2O_3-ZrO_2陶瓷基复合材料的制备与表征_张锦昌.pdf,true,5.634,data\markdown\fiber_process\062_连续铝硅酸盐纤维增强Al_2O_3-ZrO_2陶瓷基复合材料的制备与表征_张锦昌.md,data\markdown\fiber_process\062_连续铝硅酸盐纤维增强Al_2O_3-ZrO_2陶瓷基复合材料的制备与表征_张锦昌.md,true,117660,exists_ok,data\outputs\fiber_process\062_连续铝硅酸盐纤维增强Al_2O_3-ZrO_2陶瓷基复合材料的制备与表征_张锦昌,data\outputs\062_连续铝硅酸盐纤维增强Al_2O_3-ZrO_2陶瓷基复合材料的制备与表征_张锦昌,data\outputs\fiber_process\062_连续铝硅酸盐纤维增强Al_2O_3-ZrO_2陶瓷基复合材料的制备与表征_张锦昌,category_aware,true,false,false,false,false,markdown_ready,run_stage3_next
fiber_process__064_铁复合铝硅系溶胶制备及其性能基础研究,fiber_process,064_铁复合铝硅系溶胶制备及其性能基础研究,G:\paper\Sorted_Database\Fiber_Process\064_铁复合铝硅系溶胶制备及其性能基础研究.pdf,G:\paper\Sorted_Database\Fiber_Process\064_铁复合铝硅系溶胶制备及其性能基础研究.pdf,true,3.53,data\markdown\fiber_process\064_铁复合铝硅系溶胶制备及其性能基础研究.md,data\markdown\fiber_process\064_铁复合铝硅系溶胶制备及其性能基础研究.md,true,88977,exists_ok,data\outputs\fiber_process\064_铁复合铝硅系溶胶制备及其性能基础研究,data\outputs\064_铁复合铝硅系溶胶制备及其性能基础研究,data\outputs\fiber_process\064_铁复合铝硅系溶胶制备及其性能基础研究,category_aware,true,false,false,false,false,markdown_ready,run_stage3_next
fiber_process__067_镁源种类非水解溶胶_凝胶法制备镁稳定钛酸铝纤维的影响,fiber_process,067_镁源种类非水解溶胶-凝胶法制备镁稳定钛酸铝纤维的影响,G:\paper\Sorted_Database\Fiber_Process\067_镁源种类非水解溶胶-凝胶法制备镁稳定钛酸铝纤维的影响.pdf,G:\paper\Sorted_Database\Fiber_Process\067_镁源种类非水解溶胶-凝胶法制备镁稳定钛酸铝纤维的影响.pdf,true,2.365,data\markdown\fiber_process\067_镁源种类非水解溶胶-凝胶法制备镁稳定钛酸铝纤维的影响.md,data\markdown\fiber_process\067_镁源种类非水解溶胶-凝胶法制备镁稳定钛酸铝纤维的影响.md,true,12022,exists_ok,data\outputs\fiber_process\067_镁源种类非水解溶胶-凝胶法制备镁稳定钛酸铝纤维的影响,data\outputs\067_镁源种类非水解溶胶-凝胶法制备镁稳定钛酸铝纤维的影响,data\outputs\fiber_process\067_镁源种类非水解溶胶-凝胶法制备镁稳定钛酸铝纤维的影响,category_aware,true,false,false,false,false,markdown_ready,run_stage3_next
fiber_process__068_镁铝尖晶石纤维及纤维板的制备与性能研究,fiber_process,068_镁铝尖晶石纤维及纤维板的制备与性能研究,G:\paper\Sorted_Database\Fiber_Process\068_镁铝尖晶石纤维及纤维板的制备与性能研究.pdf,G:\paper\Sorted_Database\Fiber_Process\068_镁铝尖晶石纤维及纤维板的制备与性能研究.pdf,true,7.712,data\markdown\fiber_process\068_镁铝尖晶石纤维及纤维板的制备与性能研究.md,data\markdown\fiber_process\068_镁铝尖晶石纤维及纤维板的制备与性能研究.md,true,57429,exists_ok,data\outputs\fiber_process\068_镁铝尖晶石纤维及纤维板的制备与性能研究,data\outputs\068_镁铝尖晶石纤维及纤维板的制备与性能研究,data\outputs\fiber_process\068_镁铝尖晶石纤维及纤维板的制备与性能研究,category_aware,true,false,false,false,false,markdown_ready,run_stage3_next
fiber_process__069_静电纺氧化铝_会议_纤维膜的制备与构效关系,fiber_process,069_静电纺氧化铝！！会议！！纤维膜的制备与构效关系,G:\paper\Sorted_Database\Fiber_Process\069_静电纺氧化铝！！会议！！纤维膜的制备与构效关系.pdf,G:\paper\Sorted_Database\Fiber_Process\069_静电纺氧化铝！！会议！！纤维膜的制备与构效关系.pdf,true,0.185,data\markdown\fiber_process\069_静电纺氧化铝！！会议！！纤维膜的制备与构效关系.md,data\markdown\fiber_process\069_静电纺氧化铝！！会议！！纤维膜的制备与构效关系.md,true,1309,exists_ok,data\outputs\fiber_process\069_静电纺氧化铝！！会议！！纤维膜的制备与构效关系,data\outputs\069_静电纺氧化铝！！会议！！纤维膜的制备与构效关系,data\outputs\fiber_process\069_静电纺氧化铝！！会议！！纤维膜的制备与构效关系,category_aware,true,false,false,false,false,markdown_ready,run_stage3_next
fiber_process__072_abdullah_等_2010_effects_of_the_polyvinyl_alcohol_pva_on_the_synthesis_of_alumina_fibers_through_electrospinning_te,fiber_process,072_Abdullah 等 - 2010 - Effects of the polyvinyl alcohol (PVA) on the synthesis of alumina fibers through electrospinning te,G:\paper\Sorted_Database\Fiber_Process\072_Abdullah 等 - 2010 - Effects of the polyvinyl alcohol (PVA) on the synthesis of alumina fibers through electrospinning te.pdf,G:\paper\Sorted_Database\Fiber_Process\072_Abdullah 等 - 2010 - Effects of the polyvinyl alcohol (PVA) on the synthesis of alumina fibers through electrospinning te.pdf,true,1.504,data\markdown\fiber_process\072_Abdullah 等 - 2010 - Effects of the polyvinyl alcohol (PVA) on the synthesis of alumina fibers through electrospinning te.md,data\markdown\fiber_process\072_Abdullah 等 - 2010 - Effects of the polyvinyl alcohol (PVA) on the synthesis of alumina fibers through electrospinning te.md,true,15762,exists_ok,data\outputs\fiber_process\072_Abdullah 等 - 2010 - Effects of the polyvinyl alcohol (PVA) on the synthesis of alumina fibers through electrospinning te,data\outputs\072_Abdullah 等 - 2010 - Effects of the polyvinyl alcohol (PVA) on the synthesis of alumina fibers through electrospinning te,data\outputs\fiber_process\072_Abdullah 等 - 2010 - Effects of the polyvinyl alcohol (PVA) on the synthesis of alumina fibers through electrospinning te,category_aware,true,false,false,false,false,markdown_ready,run_stage3_next
fiber_process__081_al_sub_2__sub_o_sub_3__sub__zro_sub_2__sub_复合膜的制备与表征,fiber_process,081_Al_sub_2__sub_O_sub_3__sub_-ZrO_sub_2__sub_复合膜的制备与表征,G:\paper\Sorted_Database\Fiber_Process\081_Al_sub_2__sub_O_sub_3__sub_-ZrO_sub_2__sub_复合膜的制备与表征.pdf,G:\paper\Sorted_Database\Fiber_Process\081_Al_sub_2__sub_O_sub_3__sub_-ZrO_sub_2__sub_复合膜的制备与表征.pdf,true,0.138,data\markdown\fiber_process\081_Al_sub_2__sub_O_sub_3__sub_-ZrO_sub_2__sub_复合膜的制备与表征.md,data\markdown\fiber_process\081_Al_sub_2__sub_O_sub_3__sub_-ZrO_sub_2__sub_复合膜的制备与表征.md,true,12633,exists_ok,data\outputs\fiber_process\081_Al_sub_2__sub_O_sub_3__sub_-ZrO_sub_2__sub_复合膜的制备与表征,data\outputs\081_Al_sub_2__sub_O_sub_3__sub_-ZrO_sub_2__sub_复合膜的制备与表征,data\outputs\fiber_process\081_Al_sub_2__sub_O_sub_3__sub_-ZrO_sub_2__sub_复合膜的制备与表征,category_aware,true,false,false,false,false,markdown_ready,run_stage3_next
fiber_process__095_buining_等_1991_preparation_of_colloidal_boehmite_needles_by_hydrothermal_treatment_of_aluminum_alkoxide_precursors,fiber_process,095_Buining 等 - 1991 - Preparation of colloidal boehmite needles by hydrothermal treatment of aluminum alkoxide precursors,G:\paper\Sorted_Database\Fiber_Process\095_Buining 等 - 1991 - Preparation of colloidal boehmite needles by hydrothermal treatment of aluminum alkoxide precursors.pdf,G:\paper\Sorted_Database\Fiber_Process\095_Buining 等 - 1991 - Preparation of colloidal boehmite needles by hydrothermal treatment of aluminum alkoxide precursors.pdf,true,0.614,data\markdown\fiber_process\095_Buining 等 - 1991 - Preparation of colloidal boehmite needles by hydrothermal treatment of aluminum alkoxide precursors.md,data\markdown\fiber_process\095_Buining 等 - 1991 - Preparation of colloidal boehmite needles by hydrothermal treatment of aluminum alkoxide precursors.md,true,31344,exists_ok,data\outputs\fiber_process\095_Buining 等 - 1991 - Preparation of colloidal boehmite needles by hydrothermal treatment of aluminum alkoxide precursors,data\outputs\095_Buining 等 - 1991 - Preparation of colloidal boehmite needles by hydrothermal treatment of aluminum alkoxide precursors,data\outputs\fiber_process\095_Buining 等 - 1991 - Preparation of colloidal boehmite needles by hydrothermal treatment of aluminum alkoxide precursors,category_aware,true,false,false,false,false,markdown_ready,run_stage3_next
fiber_process__096_cai_等_2006_azeotropic_distillation_assisted_preparation_of_macro_mesostructured_γ_al2o3_nanofibres_of_crumpled,fiber_process,096_Cai 等 - 2006 - Azeotropic distillation-assisted preparation of macro-mesostructured γ-Al2O3 nanofibres of crumpled,G:\paper\Sorted_Database\Fiber_Process\096_Cai 等 - 2006 - Azeotropic distillation-assisted preparation of macro-mesostructured γ-Al2O3 nanofibres of crumpled.pdf,G:\paper\Sorted_Database\Fiber_Process\096_Cai 等 - 2006 - Azeotropic distillation-assisted preparation of macro-mesostructured γ-Al2O3 nanofibres of crumpled.pdf,true,0.273,data\markdown\fiber_process\096_Cai 等 - 2006 - Azeotropic distillation-assisted preparation of macro-mesostructured γ-Al2O3 nanofibres of crumpled.md,data\markdown\fiber_process\096_Cai 等 - 2006 - Azeotropic distillation-assisted preparation of macro-mesostructured γ-Al2O3 nanofibres of crumpled.md,true,18179,exists_ok,data\outputs\fiber_process\096_Cai 等 - 2006 - Azeotropic distillation-assisted preparation of macro-mesostructured γ-Al2O3 nanofibres of crumpled,data\outputs\096_Cai 等 - 2006 - Azeotropic distillation-assisted preparation of macro-mesostructured γ-Al2O3 nanofibres of crumpled,data\outputs\fiber_process\096_Cai 等 - 2006 - Azeotropic distillation-assisted preparation of macro-mesostructured γ-Al2O3 nanofibres of crumpled,category_aware,true,false,false,false,false,markdown_ready,run_stage3_next
fiber_process__098_chandradass_等_2008_synthesis_and_characterization_of_sol_gel_alumina_fiber_by_seeding_α_alumina_through_extended_ball_m,fiber_process,098_Chandradass 等 - 2008 - Synthesis and characterization of sol–gel alumina fiber by seeding α-alumina through extended ball m,G:\paper\Sorted_Database\Fiber_Process\098_Chandradass 等 - 2008 - Synthesis and characterization of sol–gel alumina fiber by seeding α-alumina through extended ball m.pdf,G:\paper\Sorted_Database\Fiber_Process\098_Chandradass 等 - 2008 - Synthesis and characterization of sol–gel alumina fiber by seeding α-alumina through extended ball m.pdf,true,0.677,data\markdown\fiber_process\098_Chandradass 等 - 2008 - Synthesis and characterization of sol–gel alumina fiber by seeding α-alumina through extended ball m.md,data\markdown\fiber_process\098_Chandradass 等 - 2008 - Synthesis and characterization of sol–gel alumina fiber by seeding α-alumina through extended ball m.md,true,22596,exists_ok,data\outputs\fiber_process\098_Chandradass 等 - 2008 - Synthesis and characterization of sol–gel alumina fiber by seeding α-alumina through extended ball m,data\outputs\098_Chandradass 等 - 2008 - Synthesis and characterization of sol–gel alumina fiber by seeding α-alumina through extended ball m,data\outputs\fiber_process\098_Chandradass 等 - 2008 - Synthesis and characterization of sol–gel alumina fiber by seeding α-alumina through extended ball m,category_aware,true,false,false,false,false,markdown_ready,run_stage3_next
fiber_process__099_chandradass和balasubramanian_2005_sol_gel_based_extrusion_of_alumina_zirconia_fibres,fiber_process,099_Chandradass和Balasubramanian - 2005 - Sol–gel based extrusion of alumina–zirconia fibres,G:\paper\Sorted_Database\Fiber_Process\099_Chandradass和Balasubramanian - 2005 - Sol–gel based extrusion of alumina–zirconia fibres.pdf,G:\paper\Sorted_Database\Fiber_Process\099_Chandradass和Balasubramanian - 2005 - Sol–gel based extrusion of alumina–zirconia fibres.pdf,true,0.312,data\markdown\fiber_process\099_Chandradass和Balasubramanian - 2005 - Sol–gel based extrusion of alumina–zirconia fibres.md,data\markdown\fiber_process\099_Chandradass和Balasubramanian - 2005 - Sol–gel based extrusion of alumina–zirconia fibres.md,true,16819,exists_ok,data\outputs\fiber_process\099_Chandradass和Balasubramanian - 2005 - Sol–gel based extrusion of alumina–zirconia fibres,data\outputs\099_Chandradass和Balasubramanian - 2005 - Sol–gel based extrusion of alumina–zirconia fibres,data\outputs\fiber_process\099_Chandradass和Balasubramanian - 2005 - Sol–gel based extrusion of alumina–zirconia fibres,category_aware,true,false,false,false,false,markdown_ready,run_stage3_next
fiber_process__100_chandradass和balasubramanian_2006_effect_of_magnesium_oxide_on_sol_gel_spun_alumina_and_alumina_zirconia_fibres,fiber_process,100_Chandradass和Balasubramanian - 2006 - Effect of magnesium oxide on sol–gel spun alumina and alumina–zirconia fibres,G:\paper\Sorted_Database\Fiber_Process\100_Chandradass和Balasubramanian - 2006 - Effect of magnesium oxide on sol–gel spun alumina and alumina–zirconia fibres.pdf,G:\paper\Sorted_Database\Fiber_Process\100_Chandradass和Balasubramanian - 2006 - Effect of magnesium oxide on sol–gel spun alumina and alumina–zirconia fibres.pdf,true,0.422,data\markdown\fiber_process\100_Chandradass和Balasubramanian - 2006 - Effect of magnesium oxide on sol–gel spun alumina and alumina–zirconia fibres.md,data\markdown\fiber_process\100_Chandradass和Balasubramanian - 2006 - Effect of magnesium oxide on sol–gel spun alumina and alumina–zirconia fibres.md,true,30870,exists_ok,data\outputs\fiber_process\100_Chandradass和Balasubramanian - 2006 - Effect of magnesium oxide on sol–gel spun alumina and alumina–zirconia fibres,data\outputs\100_Chandradass和Balasubramanian - 2006 - Effect of magnesium oxide on sol–gel spun alumina and alumina–zirconia fibres,data\outputs\fiber_process\100_Chandradass和Balasubramanian - 2006 - Effect of magnesium oxide on sol–gel spun alumina and alumina–zirconia fibres,category_aware,true,false,false,false,false,markdown_ready,run_stage3_next
fiber_process__101_chandradass和balasubramanian_2006_sol_gel_based_extrusion_of_alumina_fibers,fiber_process,101_Chandradass和Balasubramanian - 2006 - Sol-gel based extrusion of alumina fibers,G:\paper\Sorted_Database\Fiber_Process\101_Chandradass和Balasubramanian - 2006 - Sol-gel based extrusion of alumina fibers.pdf,G:\paper\Sorted_Database\Fiber_Process\101_Chandradass和Balasubramanian - 2006 - Sol-gel based extrusion of alumina fibers.pdf,true,0.913,data\markdown\fiber_process\101_Chandradass和Balasubramanian - 2006 - Sol-gel based extrusion of alumina fibers.md,data\markdown\fiber_process\101_Chandradass和Balasubramanian - 2006 - Sol-gel based extrusion of alumina fibers.md,true,24579,exists_ok,data\outputs\fiber_process\101_Chandradass和Balasubramanian - 2006 - Sol-gel based extrusion of alumina fibers,data\outputs\101_Chandradass和Balasubramanian - 2006 - Sol-gel based extrusion of alumina fibers,data\outputs\fiber_process\101_Chandradass和Balasubramanian - 2006 - Sol-gel based extrusion of alumina fibers,category_aware,true,false,false,false,false,markdown_ready,run_stage3_next
fiber_process__102_chandradass和balasubramanian_2007_extrusion_of_alumina_fibers_using_zirconia_sol_as_binder,fiber_process,102_Chandradass和Balasubramanian - 2007 - Extrusion of alumina fibers using zirconia sol as binder,G:\paper\Sorted_Database\Fiber_Process\102_Chandradass和Balasubramanian - 2007 - Extrusion of alumina fibers using zirconia sol as binder.pdf,G:\paper\Sorted_Database\Fiber_Process\102_Chandradass和Balasubramanian - 2007 - Extrusion of alumina fibers using zirconia sol as binder.pdf,true,0.803,data\markdown\fiber_process\102_Chandradass和Balasubramanian - 2007 - Extrusion of alumina fibers using zirconia sol as binder.md,data\markdown\fiber_process\102_Chandradass和Balasubramanian - 2007 - Extrusion of alumina fibers using zirconia sol as binder.md,true,16161,exists_ok,data\outputs\fiber_process\102_Chandradass和Balasubramanian - 2007 - Extrusion of alumina fibers using zirconia sol as binder,data\outputs\102_Chandradass和Balasubramanian - 2007 - Extrusion of alumina fibers using zirconia sol as binder,data\outputs\fiber_process\102_Chandradass和Balasubramanian - 2007 - Extrusion of alumina fibers using zirconia sol as binder,category_aware,true,false,false,false,false,markdown_ready,run_stage3_next
fiber_process__103_chandradass和balasubramanian_2008_synthesis_and_characterization_of_cao_doped_alumina_zirconia_fibers_by_sol_gel_process,fiber_process,103_Chandradass和Balasubramanian - 2008 - Synthesis and characterization of CaO doped alumina–zirconia fibers by sol-gel process,G:\paper\Sorted_Database\Fiber_Process\103_Chandradass和Balasubramanian - 2008 - Synthesis and characterization of CaO doped alumina–zirconia fibers by sol-gel process.pdf,G:\paper\Sorted_Database\Fiber_Process\103_Chandradass和Balasubramanian - 2008 - Synthesis and characterization of CaO doped alumina–zirconia fibers by sol-gel process.pdf,true,0.701,data\markdown\fiber_process\103_Chandradass和Balasubramanian - 2008 - Synthesis and characterization of CaO doped alumina–zirconia fibers by sol-gel process.md,data\markdown\fiber_process\103_Chandradass和Balasubramanian - 2008 - Synthesis and characterization of CaO doped alumina–zirconia fibers by sol-gel process.md,true,21231,exists_ok,data\outputs\fiber_process\103_Chandradass和Balasubramanian - 2008 - Synthesis and characterization of CaO doped alumina–zirconia fibers by sol-gel process,data\outputs\103_Chandradass和Balasubramanian - 2008 - Synthesis and characterization of CaO doped alumina–zirconia fibers by sol-gel process,data\outputs\fiber_process\103_Chandradass和Balasubramanian - 2008 - Synthesis and characterization of CaO doped alumina–zirconia fibers by sol-gel process,category_aware,true,false,false,false,false,markdown_ready,run_stage3_next
fiber_process__104_chen_等_1996_preparation_of_mullite_fiber,fiber_process,104_Chen 等 - 1996 - Preparation of mullite fiber,G:\paper\Sorted_Database\Fiber_Process\104_Chen 等 - 1996 - Preparation of mullite fiber.pdf,G:\paper\Sorted_Database\Fiber_Process\104_Chen 等 - 1996 - Preparation of mullite fiber.pdf,true,3.876,data\markdown\fiber_process\104_Chen 等 - 1996 - Preparation of mullite fiber.md,data\markdown\fiber_process\104_Chen 等 - 1996 - Preparation of mullite fiber.md,true,29423,exists_ok,data\outputs\fiber_process\104_Chen 等 - 1996 - Preparation of mullite fiber,data\outputs\104_Chen 等 - 1996 - Preparation of mullite fiber,data\outputs\fiber_process\104_Chen 等 - 1996 - Preparation of mullite fiber,category_aware,true,false,false,false,false,markdown_ready,run_stage3_next
fiber_process__107_chen和gu_2008_the_sol_gel_transition_of_mullite_spinning_solution_in_relation_to_the_formation_of_ceramic_fibers,fiber_process,107_Chen和Gu - 2008 - The sol–gel transition of mullite spinning solution in relation to the formation of ceramic fibers,G:\paper\Sorted_Database\Fiber_Process\107_Chen和Gu - 2008 - The sol–gel transition of mullite spinning solution in relation to the formation of ceramic fibers.pdf,G:\paper\Sorted_Database\Fiber_Process\107_Chen和Gu - 2008 - The sol–gel transition of mullite spinning solution in relation to the formation of ceramic fibers.pdf,true,0.483,data\markdown\fiber_process\107_Chen和Gu - 2008 - The sol–gel transition of mullite spinning solution in relation to the formation of ceramic fibers.md,data\markdown\fiber_process\107_Chen和Gu - 2008 - The sol–gel transition of mullite spinning solution in relation to the formation of ceramic fibers.md,true,51817,exists_ok,data\outputs\fiber_process\107_Chen和Gu - 2008 - The sol–gel transition of mullite spinning solution in relation to the formation of ceramic fibers,data\outputs\107_Chen和Gu - 2008 - The sol–gel transition of mullite spinning solution in relation to the formation of ceramic fibers,data\outputs\fiber_process\107_Chen和Gu - 2008 - The sol–gel transition of mullite spinning solution in relation to the formation of ceramic fibers,category_aware,true,false,false,false,false,markdown_ready,run_stage3_next
fiber_process__108_chen和gu_2009_sol_gel_dry_spinning_of_mullite_fibers_from_anteosaip_system,fiber_process,108_Chen和Gu - 2009 - Sol–gel dry spinning of mullite fibers from ANTEOSAIP system,G:\paper\Sorted_Database\Fiber_Process\108_Chen和Gu - 2009 - Sol–gel dry spinning of mullite fibers from ANTEOSAIP system.pdf,G:\paper\Sorted_Database\Fiber_Process\108_Chen和Gu - 2009 - Sol–gel dry spinning of mullite fibers from ANTEOSAIP system.pdf,true,1.442,data\markdown\fiber_process\108_Chen和Gu - 2009 - Sol–gel dry spinning of mullite fibers from ANTEOSAIP system.md,data\markdown\fiber_process\108_Chen和Gu - 2009 - Sol–gel dry spinning of mullite fibers from ANTEOSAIP system.md,true,53703,exists_ok,data\outputs\fiber_process\108_Chen和Gu - 2009 - Sol–gel dry spinning of mullite fibers from ANTEOSAIP system,data\outputs\108_Chen和Gu - 2009 - Sol–gel dry spinning of mullite fibers from ANTEOSAIP system,data\outputs\fiber_process\108_Chen和Gu - 2009 - Sol–gel dry spinning of mullite fibers from ANTEOSAIP system,category_aware,true,false,false,false,false,markdown_ready,run_stage3_next
fiber_process__109_chen和gu_2009_structural_evolution_of_sol_gel_derived_mullite_fibers_with_different_solid_contents_during_sinterin,fiber_process,109_Chen和Gu - 2009 - Structural evolution of sol–gel derived mullite fibers with different solid contents during sinterin,G:\paper\Sorted_Database\Fiber_Process\109_Chen和Gu - 2009 - Structural evolution of sol–gel derived mullite fibers with different solid contents during sinterin.pdf,G:\paper\Sorted_Database\Fiber_Process\109_Chen和Gu - 2009 - Structural evolution of sol–gel derived mullite fibers with different solid contents during sinterin.pdf,true,0.666,data\markdown\fiber_process\109_Chen和Gu - 2009 - Structural evolution of sol–gel derived mullite fibers with different solid contents during sinterin.md,data\markdown\fiber_process\109_Chen和Gu - 2009 - Structural evolution of sol–gel derived mullite fibers with different solid contents during sinterin.md,true,41184,exists_ok,data\outputs\fiber_process\109_Chen和Gu - 2009 - Structural evolution of sol–gel derived mullite fibers with different solid contents during sinterin,data\outputs\109_Chen和Gu - 2009 - Structural evolution of sol–gel derived mullite fibers with different solid contents during sinterin,data\outputs\fiber_process\109_Chen和Gu - 2009 - Structural evolution of sol–gel derived mullite fibers with different solid contents during sinterin,category_aware,true,false,false,false,false,markdown_ready,run_stage3_next
fiber_process__110_chiou_等_1994_the_preparation_of_alumina_fibre_by_sol_gel_processing,fiber_process,110_Chiou 等 - 1994 - The preparation of alumina fibre by sol-gel processing,G:\paper\Sorted_Database\Fiber_Process\110_Chiou 等 - 1994 - The preparation of alumina fibre by sol-gel processing.pdf,G:\paper\Sorted_Database\Fiber_Process\110_Chiou 等 - 1994 - The preparation of alumina fibre by sol-gel processing.pdf,true,1.787,data\markdown\fiber_process\110_Chiou 等 - 1994 - The preparation of alumina fibre by sol-gel processing.md,data\markdown\fiber_process\110_Chiou 等 - 1994 - The preparation of alumina fibre by sol-gel processing.md,true,43082,exists_ok,data\outputs\fiber_process\110_Chiou 等 - 1994 - The preparation of alumina fibre by sol-gel processing,data\outputs\110_Chiou 等 - 1994 - The preparation of alumina fibre by sol-gel processing,data\outputs\fiber_process\110_Chiou 等 - 1994 - The preparation of alumina fibre by sol-gel processing,category_aware,true,false,false,false,false,markdown_ready,run_stage3_next
fiber_process__111_choi_等_2013_preparation_of_alumina_rods_by_electrospinning_aluminum_sec_butoxidepolyvinylpyrrolidone_blended_so,fiber_process,111_Choi 等 - 2013 - Preparation of alumina rods by electrospinning aluminum sec-butoxidepolyvinylpyrrolidone blended so,G:\paper\Sorted_Database\Fiber_Process\111_Choi 等 - 2013 - Preparation of alumina rods by electrospinning aluminum sec-butoxidepolyvinylpyrrolidone blended so.pdf,G:\paper\Sorted_Database\Fiber_Process\111_Choi 等 - 2013 - Preparation of alumina rods by electrospinning aluminum sec-butoxidepolyvinylpyrrolidone blended so.pdf,true,4.252,data\markdown\fiber_process\111_Choi 等 - 2013 - Preparation of alumina rods by electrospinning aluminum sec-butoxidepolyvinylpyrrolidone blended so.md,data\markdown\fiber_process\111_Choi 等 - 2013 - Preparation of alumina rods by electrospinning aluminum sec-butoxidepolyvinylpyrrolidone blended so.md,true,19121,exists_ok,data\outputs\fiber_process\111_Choi 等 - 2013 - Preparation of alumina rods by electrospinning aluminum sec-butoxidepolyvinylpyrrolidone blended so,data\outputs\111_Choi 等 - 2013 - Preparation of alumina rods by electrospinning aluminum sec-butoxidepolyvinylpyrrolidone blended so,data\outputs\fiber_process\111_Choi 等 - 2013 - Preparation of alumina rods by electrospinning aluminum sec-butoxidepolyvinylpyrrolidone blended so,category_aware,true,false,false,false,false,markdown_ready,run_stage3_next
fiber_process__112_clauss_1994_preparation_and_characterization_of_spinning_dopes_for_dry_spinning_of_continuous_alumina_green_fibe,fiber_process,112_Clauss - 1994 - Preparation and characterization of spinning dopes for dry spinning of continuous alumina green fibe,G:\paper\Sorted_Database\Fiber_Process\112_Clauss - 1994 - Preparation and characterization of spinning dopes for dry spinning of continuous alumina green fibe.pdf,G:\paper\Sorted_Database\Fiber_Process\112_Clauss - 1994 - Preparation and characterization of spinning dopes for dry spinning of continuous alumina green fibe.pdf,true,1.146,data\markdown\fiber_process\112_Clauss - 1994 - Preparation and characterization of spinning dopes for dry spinning of continuous alumina green fibe.md,data\markdown\fiber_process\112_Clauss - 1994 - Preparation and characterization of spinning dopes for dry spinning of continuous alumina green fibe.md,true,45656,exists_ok,data\outputs\fiber_process\112_Clauss - 1994 - Preparation and characterization of spinning dopes for dry spinning of continuous alumina green fibe,data\outputs\112_Clauss - 1994 - Preparation and characterization of spinning dopes for dry spinning of continuous alumina green fibe,data\outputs\fiber_process\112_Clauss - 1994 - Preparation and characterization of spinning dopes for dry spinning of continuous alumina green fibe,category_aware,true,false,false,false,false,markdown_ready,run_stage3_next
fiber_process__115_davies_等_2000_preparation_of_barium_hexa_aluminate_ceramic_fibres_and_refractories,fiber_process,115_Davies 等 - 2000 - Preparation of barium hexa-aluminate ceramic fibres and refractories,G:\paper\Sorted_Database\Fiber_Process\115_Davies 等 - 2000 - Preparation of barium hexa-aluminate ceramic fibres and refractories.pdf,G:\paper\Sorted_Database\Fiber_Process\115_Davies 等 - 2000 - Preparation of barium hexa-aluminate ceramic fibres and refractories.pdf,true,0.212,data\markdown\fiber_process\115_Davies 等 - 2000 - Preparation of barium hexa-aluminate ceramic fibres and refractories.md,data\markdown\fiber_process\115_Davies 等 - 2000 - Preparation of barium hexa-aluminate ceramic fibres and refractories.md,true,15333,exists_ok,data\outputs\fiber_process\115_Davies 等 - 2000 - Preparation of barium hexa-aluminate ceramic fibres and refractories,data\outputs\115_Davies 等 - 2000 - Preparation of barium hexa-aluminate ceramic fibres and refractories,data\outputs\fiber_process\115_Davies 等 - 2000 - Preparation of barium hexa-aluminate ceramic fibres and refractories,category_aware,true,false,false,false,false,markdown_ready,run_stage3_next
fiber_process__122_effect_of_production_parameters_on_the_structure_and_morphology_of_aluminum_titanate_nanofibers_produced_using_electrospinning_technique,fiber_process,122_Effect of production parameters on the structure and morphology of aluminum titanate nanofibers produced using electrospinning technique,G:\paper\Sorted_Database\Fiber_Process\122_Effect of production parameters on the structure and morphology of aluminum titanate nanofibers produced using electrospinning technique.pdf,G:\paper\Sorted_Database\Fiber_Process\122_Effect of production parameters on the structure and morphology of aluminum titanate nanofibers produced using electrospinning technique.pdf,true,2.113,data\markdown\fiber_process\122_Effect of production parameters on the structure and morphology of aluminum titanate nanofibers produced using electrospinning technique.md,data\markdown\fiber_process\122_Effect of production parameters on the structure and morphology of aluminum titanate nanofibers produced using electrospinning technique.md,true,12938,exists_ok,data\outputs\fiber_process\122_Effect of production parameters on the structure and morphology of aluminum titanate nanofibers produced using electrospinning technique,data\outputs\122_Effect of production parameters on the structure and morphology of aluminum titanate nanofibers produced using electrospinning technique,data\outputs\fiber_process\122_Effect of production parameters on the structure and morphology of aluminum titanate nanofibers produced using electrospinning technique,category_aware,true,false,false,false,false,markdown_ready,run_stage3_next
fiber_process__128_feng_等_2019_low_temperature_preparation_of_novel_stabilized_aluminum_titanate_ceramic_fibers_via_nonhydrolytic_s,fiber_process,128_Feng 等 - 2019 - Low-temperature preparation of novel stabilized aluminum titanate ceramic fibers via nonhydrolytic s,G:\paper\Sorted_Database\Fiber_Process\128_Feng 等 - 2019 - Low-temperature preparation of novel stabilized aluminum titanate ceramic fibers via nonhydrolytic s.pdf,G:\paper\Sorted_Database\Fiber_Process\128_Feng 等 - 2019 - Low-temperature preparation of novel stabilized aluminum titanate ceramic fibers via nonhydrolytic s.pdf,true,1.312,data\markdown\fiber_process\128_Feng 等 - 2019 - Low-temperature preparation of novel stabilized aluminum titanate ceramic fibers via nonhydrolytic s.md,data\markdown\fiber_process\128_Feng 等 - 2019 - Low-temperature preparation of novel stabilized aluminum titanate ceramic fibers via nonhydrolytic s.md,true,39036,exists_ok,data\outputs\fiber_process\128_Feng 等 - 2019 - Low-temperature preparation of novel stabilized aluminum titanate ceramic fibers via nonhydrolytic s,data\outputs\128_Feng 等 - 2019 - Low-temperature preparation of novel stabilized aluminum titanate ceramic fibers via nonhydrolytic s,data\outputs\fiber_process\128_Feng 等 - 2019 - Low-temperature preparation of novel stabilized aluminum titanate ceramic fibers via nonhydrolytic s,category_aware,true,false,false,false,false,markdown_ready,run_stage3_next
fiber_process__135_gao_等_2019_preparation_characterization_and_mechanical_properties_of_continuous_mullite_fibers_derived_from_th,fiber_process,"135_Gao 等 - 2019 - Preparation, characterization and mechanical properties of continuous mullite fibers derived from th","G:\paper\Sorted_Database\Fiber_Process\135_Gao 等 - 2019 - Preparation, characterization and mechanical properties of continuous mullite fibers derived from th.pdf","G:\paper\Sorted_Database\Fiber_Process\135_Gao 等 - 2019 - Preparation, characterization and mechanical properties of continuous mullite fibers derived from th.pdf",true,3.365,"data\markdown\fiber_process\135_Gao 等 - 2019 - Preparation, characterization and mechanical properties of continuous mullite fibers derived from th.md","data\markdown\fiber_process\135_Gao 等 - 2019 - Preparation, characterization and mechanical properties of continuous mullite fibers derived from th.md",true,38553,exists_ok,"data\outputs\fiber_process\135_Gao 等 - 2019 - Preparation, characterization and mechanical properties of continuous mullite fibers derived from th","data\outputs\135_Gao 等 - 2019 - Preparation, characterization and mechanical properties of continuous mullite fibers derived from th","data\outputs\fiber_process\135_Gao 等 - 2019 - Preparation, characterization and mechanical properties of continuous mullite fibers derived from th",category_aware,true,false,false,false,false,markdown_ready,run_stage3_next
fiber_process__136_gao_等_2019_thermal_decomposition_of_aluminum_carboxylates_based_precursor_for_alumina_fibers,fiber_process,136_Gao 等 - 2019 - Thermal decomposition of aluminum carboxylates based precursor for alumina fibers,G:\paper\Sorted_Database\Fiber_Process\136_Gao 等 - 2019 - Thermal decomposition of aluminum carboxylates based precursor for alumina fibers.pdf,G:\paper\Sorted_Database\Fiber_Process\136_Gao 等 - 2019 - Thermal decomposition of aluminum carboxylates based precursor for alumina fibers.pdf,true,1.682,data\markdown\fiber_process\136_Gao 等 - 2019 - Thermal decomposition of aluminum carboxylates based precursor for alumina fibers.md,data\markdown\fiber_process\136_Gao 等 - 2019 - Thermal decomposition of aluminum carboxylates based precursor for alumina fibers.md,true,43146,exists_ok,data\outputs\fiber_process\136_Gao 等 - 2019 - Thermal decomposition of aluminum carboxylates based precursor for alumina fibers,data\outputs\136_Gao 等 - 2019 - Thermal decomposition of aluminum carboxylates based precursor for alumina fibers,data\outputs\fiber_process\136_Gao 等 - 2019 - Thermal decomposition of aluminum carboxylates based precursor for alumina fibers,category_aware,true,false,false,false,false,markdown_ready,run_stage3_next
fiber_process__139_glaubitt_等_1994_a_new_way_to_spinnable_sols_derived_from_modified_aluminumalkoxides_code_ep6,fiber_process,139_Glaubitt 等 - 1994 - A new way to spinnable sols derived from modified aluminumalkoxides Code EP6,G:\paper\Sorted_Database\Fiber_Process\139_Glaubitt 等 - 1994 - A new way to spinnable sols derived from modified aluminumalkoxides Code EP6.pdf,G:\paper\Sorted_Database\Fiber_Process\139_Glaubitt 等 - 1994 - A new way to spinnable sols derived from modified aluminumalkoxides Code EP6.pdf,true,0.246,data\markdown\fiber_process\139_Glaubitt 等 - 1994 - A new way to spinnable sols derived from modified aluminumalkoxides Code EP6.md,data\markdown\fiber_process\139_Glaubitt 等 - 1994 - A new way to spinnable sols derived from modified aluminumalkoxides Code EP6.md,true,13114,exists_ok,data\outputs\fiber_process\139_Glaubitt 等 - 1994 - A new way to spinnable sols derived from modified aluminumalkoxides Code EP6,data\outputs\139_Glaubitt 等 - 1994 - A new way to spinnable sols derived from modified aluminumalkoxides Code EP6,data\outputs\fiber_process\139_Glaubitt 等 - 1994 - A new way to spinnable sols derived from modified aluminumalkoxides Code EP6,category_aware,true,false,false,false,false,markdown_ready,run_stage3_next
fiber_process__142_gotoh_等_2004_preparation_of_transparent_alumina_film_and_fiber_from_a_composite_of_aluminum_polynuclear_complexm,fiber_process,142_Gotoh 等 - 2004 - Preparation of transparent alumina film and fiber from a composite of aluminum polynuclear complexm,G:\paper\Sorted_Database\Fiber_Process\142_Gotoh 等 - 2004 - Preparation of transparent alumina film and fiber from a composite of aluminum polynuclear complexm.pdf,G:\paper\Sorted_Database\Fiber_Process\142_Gotoh 等 - 2004 - Preparation of transparent alumina film and fiber from a composite of aluminum polynuclear complexm.pdf,true,0.292,data\markdown\fiber_process\142_Gotoh 等 - 2004 - Preparation of transparent alumina film and fiber from a composite of aluminum polynuclear complexm.md,data\markdown\fiber_process\142_Gotoh 等 - 2004 - Preparation of transparent alumina film and fiber from a composite of aluminum polynuclear complexm.md,true,25766,exists_ok,data\outputs\fiber_process\142_Gotoh 等 - 2004 - Preparation of transparent alumina film and fiber from a composite of aluminum polynuclear complexm,data\outputs\142_Gotoh 等 - 2004 - Preparation of transparent alumina film and fiber from a composite of aluminum polynuclear complexm,data\outputs\fiber_process\142_Gotoh 等 - 2004 - Preparation of transparent alumina film and fiber from a composite of aluminum polynuclear complexm,category_aware,true,false,false,false,false,markdown_ready,run_stage3_next
fiber_process__153_influence_of_processing_parameters_control_on_preparation_ofa80_polycrystalline_alumina_fiber中文,fiber_process,153_Influence of Processing Parameters Control on Preparation ofA80 Polycrystalline Alumina Fiber中文,G:\paper\Sorted_Database\Fiber_Process\153_Influence of Processing Parameters Control on Preparation ofA80 Polycrystalline Alumina Fiber中文.pdf,G:\paper\Sorted_Database\Fiber_Process\153_Influence of Processing Parameters Control on Preparation ofA80 Polycrystalline Alumina Fiber中文.pdf,true,2.714,data\markdown\fiber_process\153_Influence of Processing Parameters Control on Preparation ofA80 Polycrystalline Alumina Fiber中文.md,data\markdown\fiber_process\153_Influence of Processing Parameters Control on Preparation ofA80 Polycrystalline Alumina Fiber中文.md,true,10775,exists_ok,data\outputs\fiber_process\153_Influence of Processing Parameters Control on Preparation ofA80 Polycrystalline Alumina Fiber中文,data\outputs\153_Influence of Processing Parameters Control on Preparation ofA80 Polycrystalline Alumina Fiber中文,data\outputs\fiber_process\153_Influence of Processing Parameters Control on Preparation ofA80 Polycrystalline Alumina Fiber中文,category_aware,true,false,false,false,false,markdown_ready,run_stage3_next
fiber_process__157_jia_等_2023_preparation_of_alumina_ceramic_continuous_fibers_with_inorganic_acidic_aluminum_sol_as_precursor,fiber_process,157_JIA 等 - 2023 - Preparation of alumina ceramic continuous fibers with inorganic acidic aluminum sol as precursor,G:\paper\Sorted_Database\Fiber_Process\157_JIA 等 - 2023 - Preparation of alumina ceramic continuous fibers with inorganic acidic aluminum sol as precursor.pdf,G:\paper\Sorted_Database\Fiber_Process\157_JIA 等 - 2023 - Preparation of alumina ceramic continuous fibers with inorganic acidic aluminum sol as precursor.pdf,true,2.561,data\markdown\fiber_process\157_JIA 等 - 2023 - Preparation of alumina ceramic continuous fibers with inorganic acidic aluminum sol as precursor.md,data\markdown\fiber_process\157_JIA 等 - 2023 - Preparation of alumina ceramic continuous fibers with inorganic acidic aluminum sol as precursor.md,true,35297,exists_ok,data\outputs\fiber_process\157_JIA 等 - 2023 - Preparation of alumina ceramic continuous fibers with inorganic acidic aluminum sol as precursor,data\outputs\157_JIA 等 - 2023 - Preparation of alumina ceramic continuous fibers with inorganic acidic aluminum sol as precursor,data\outputs\fiber_process\157_JIA 等 - 2023 - Preparation of alumina ceramic continuous fibers with inorganic acidic aluminum sol as precursor,category_aware,true,false,false,false,false,markdown_ready,run_stage3_next
fiber_process__158_jing_等_2007_synthesis_of_sub_micro_sized_solid_alpha_alumina_fibers_with_smooth_surfaces_by_sol_gel_method,fiber_process,158_Jing 等 - 2007 - Synthesis of sub-micro-sized solid alpha alumina fibers with smooth surfaces by sol–gel method,G:\paper\Sorted_Database\Fiber_Process\158_Jing 等 - 2007 - Synthesis of sub-micro-sized solid alpha alumina fibers with smooth surfaces by sol–gel method.pdf,G:\paper\Sorted_Database\Fiber_Process\158_Jing 等 - 2007 - Synthesis of sub-micro-sized solid alpha alumina fibers with smooth surfaces by sol–gel method.pdf,true,0.274,data\markdown\fiber_process\158_Jing 等 - 2007 - Synthesis of sub-micro-sized solid alpha alumina fibers with smooth surfaces by sol–gel method.md,data\markdown\fiber_process\158_Jing 等 - 2007 - Synthesis of sub-micro-sized solid alpha alumina fibers with smooth surfaces by sol–gel method.md,true,21863,exists_ok,data\outputs\fiber_process\158_Jing 等 - 2007 - Synthesis of sub-micro-sized solid alpha alumina fibers with smooth surfaces by sol–gel method,data\outputs\158_Jing 等 - 2007 - Synthesis of sub-micro-sized solid alpha alumina fibers with smooth surfaces by sol–gel method,data\outputs\fiber_process\158_Jing 等 - 2007 - Synthesis of sub-micro-sized solid alpha alumina fibers with smooth surfaces by sol–gel method,category_aware,true,false,false,false,false,markdown_ready,run_stage3_next
fiber_process__163_kang和gu_2011_dispersion_of_multi_walled_carbon_nanotubes_in_alumina_sol_for_carbon_nanotubealumina_composite_fib,fiber_process,163_Kang和Gu - 2011 - Dispersion of multi-walled carbon nanotubes in alumina sol for carbon nanotubealumina composite fib,G:\paper\Sorted_Database\Fiber_Process\163_Kang和Gu - 2011 - Dispersion of multi-walled carbon nanotubes in alumina sol for carbon nanotubealumina composite fib.pdf,G:\paper\Sorted_Database\Fiber_Process\163_Kang和Gu - 2011 - Dispersion of multi-walled carbon nanotubes in alumina sol for carbon nanotubealumina composite fib.pdf,true,1.045,data\markdown\fiber_process\163_Kang和Gu - 2011 - Dispersion of multi-walled carbon nanotubes in alumina sol for carbon nanotubealumina composite fib.md,data\markdown\fiber_process\163_Kang和Gu - 2011 - Dispersion of multi-walled carbon nanotubes in alumina sol for carbon nanotubealumina composite fib.md,true,31267,exists_ok,data\outputs\fiber_process\163_Kang和Gu - 2011 - Dispersion of multi-walled carbon nanotubes in alumina sol for carbon nanotubealumina composite fib,data\outputs\163_Kang和Gu - 2011 - Dispersion of multi-walled carbon nanotubes in alumina sol for carbon nanotubealumina composite fib,data\outputs\fiber_process\163_Kang和Gu - 2011 - Dispersion of multi-walled carbon nanotubes in alumina sol for carbon nanotubealumina composite fib,category_aware,true,false,false,false,false,markdown_ready,run_stage3_next
fiber_process__164_kang和gu_2011_sol_gel_synthesis_of_multi_walled_carbon_nanotubes_reinforced_alumina_silica_fibers,fiber_process,164_Kang和Gu - 2011 - Sol-gel synthesis of multi-walled carbon nanotubes reinforced alumina-silica fibers,G:\paper\Sorted_Database\Fiber_Process\164_Kang和Gu - 2011 - Sol-gel synthesis of multi-walled carbon nanotubes reinforced alumina-silica fibers.pdf,G:\paper\Sorted_Database\Fiber_Process\164_Kang和Gu - 2011 - Sol-gel synthesis of multi-walled carbon nanotubes reinforced alumina-silica fibers.pdf,true,0.584,data\markdown\fiber_process\164_Kang和Gu - 2011 - Sol-gel synthesis of multi-walled carbon nanotubes reinforced alumina-silica fibers.md,data\markdown\fiber_process\164_Kang和Gu - 2011 - Sol-gel synthesis of multi-walled carbon nanotubes reinforced alumina-silica fibers.md,true,34482,exists_ok,data\outputs\fiber_process\164_Kang和Gu - 2011 - Sol-gel synthesis of multi-walled carbon nanotubes reinforced alumina-silica fibers,data\outputs\164_Kang和Gu - 2011 - Sol-gel synthesis of multi-walled carbon nanotubes reinforced alumina-silica fibers,data\outputs\fiber_process\164_Kang和Gu - 2011 - Sol-gel synthesis of multi-walled carbon nanotubes reinforced alumina-silica fibers,category_aware,true,false,false,false,false,markdown_ready,run_stage3_next
fiber_process__165_kebbede和carim_1998_influence_of_process_variations_on_microstructure_in_doped_sol_gel_derived_α_alumina,fiber_process,165_Kebbede和Carim - 1998 - Influence of process variations on microstructure in doped sol–gel derived α-alumina,G:\paper\Sorted_Database\Fiber_Process\165_Kebbede和Carim - 1998 - Influence of process variations on microstructure in doped sol–gel derived α-alumina.pdf,G:\paper\Sorted_Database\Fiber_Process\165_Kebbede和Carim - 1998 - Influence of process variations on microstructure in doped sol–gel derived α-alumina.pdf,true,0.605,data\markdown\fiber_process\165_Kebbede和Carim - 1998 - Influence of process variations on microstructure in doped sol–gel derived α-alumina.md,data\markdown\fiber_process\165_Kebbede和Carim - 1998 - Influence of process variations on microstructure in doped sol–gel derived α-alumina.md,true,14197,exists_ok,data\outputs\fiber_process\165_Kebbede和Carim - 1998 - Influence of process variations on microstructure in doped sol–gel derived α-alumina,data\outputs\165_Kebbede和Carim - 1998 - Influence of process variations on microstructure in doped sol–gel derived α-alumina,data\outputs\fiber_process\165_Kebbede和Carim - 1998 - Influence of process variations on microstructure in doped sol–gel derived α-alumina,category_aware,true,false,false,false,false,markdown_ready,run_stage3_next
fiber_process__174_kuiry_等_2005_solution_based_chemical_synthesis_of_boehmite_nanofibers_and_alumina_nanorods,fiber_process,174_Kuiry 等 - 2005 - Solution-based chemical synthesis of boehmite nanofibers and alumina nanorods,G:\paper\Sorted_Database\Fiber_Process\174_Kuiry 等 - 2005 - Solution-based chemical synthesis of boehmite nanofibers and alumina nanorods.pdf,G:\paper\Sorted_Database\Fiber_Process\174_Kuiry 等 - 2005 - Solution-based chemical synthesis of boehmite nanofibers and alumina nanorods.pdf,true,0.188,data\markdown\fiber_process\174_Kuiry 等 - 2005 - Solution-based chemical synthesis of boehmite nanofibers and alumina nanorods.md,data\markdown\fiber_process\174_Kuiry 等 - 2005 - Solution-based chemical synthesis of boehmite nanofibers and alumina nanorods.md,true,32804,exists_ok,data\outputs\fiber_process\174_Kuiry 等 - 2005 - Solution-based chemical synthesis of boehmite nanofibers and alumina nanorods,data\outputs\174_Kuiry 等 - 2005 - Solution-based chemical synthesis of boehmite nanofibers and alumina nanorods,data\outputs\fiber_process\174_Kuiry 等 - 2005 - Solution-based chemical synthesis of boehmite nanofibers and alumina nanorods,category_aware,true,false,false,false,false,markdown_ready,run_stage3_next
fiber_process__184_li_等_2009_preparation_microstructure_and_properties_of_yttrium_aluminum_garnet_fibers_prepared_by_sol_gel_met,fiber_process,"184_Li 等 - 2009 - Preparation, microstructure and properties of yttrium aluminum garnet fibers prepared by sol–gel met","G:\paper\Sorted_Database\Fiber_Process\184_Li 等 - 2009 - Preparation, microstructure and properties of yttrium aluminum garnet fibers prepared by sol–gel met.pdf","G:\paper\Sorted_Database\Fiber_Process\184_Li 等 - 2009 - Preparation, microstructure and properties of yttrium aluminum garnet fibers prepared by sol–gel met.pdf",true,1.157,"data\markdown\fiber_process\184_Li 等 - 2009 - Preparation, microstructure and properties of yttrium aluminum garnet fibers prepared by sol–gel met.md","data\markdown\fiber_process\184_Li 等 - 2009 - Preparation, microstructure and properties of yttrium aluminum garnet fibers prepared by sol–gel met.md",true,28776,exists_ok,"data\outputs\fiber_process\184_Li 等 - 2009 - Preparation, microstructure and properties of yttrium aluminum garnet fibers prepared by sol–gel met","data\outputs\184_Li 等 - 2009 - Preparation, microstructure and properties of yttrium aluminum garnet fibers prepared by sol–gel met","data\outputs\fiber_process\184_Li 等 - 2009 - Preparation, microstructure and properties of yttrium aluminum garnet fibers prepared by sol–gel met",category_aware,true,false,false,false,false,markdown_ready,run_stage3_next
fiber_process__189_li_等_2021_research_progress_of_ultrafine_alumina_fiber_prepared_by_sol_gel_method_a_review,fiber_process,189_Li 等 - 2021 - Research progress of ultrafine alumina fiber prepared by sol-gel method A review,G:\paper\Sorted_Database\Fiber_Process\189_Li 等 - 2021 - Research progress of ultrafine alumina fiber prepared by sol-gel method A review.pdf,G:\paper\Sorted_Database\Fiber_Process\189_Li 等 - 2021 - Research progress of ultrafine alumina fiber prepared by sol-gel method A review.pdf,true,13.924,data\markdown\fiber_process\189_Li 等 - 2021 - Research progress of ultrafine alumina fiber prepared by sol-gel method A review.md,data\markdown\fiber_process\189_Li 等 - 2021 - Research progress of ultrafine alumina fiber prepared by sol-gel method A review.md,true,148154,exists_ok,data\outputs\fiber_process\189_Li 等 - 2021 - Research progress of ultrafine alumina fiber prepared by sol-gel method A review,data\outputs\189_Li 等 - 2021 - Research progress of ultrafine alumina fiber prepared by sol-gel method A review,data\outputs\fiber_process\189_Li 等 - 2021 - Research progress of ultrafine alumina fiber prepared by sol-gel method A review,category_aware,true,false,false,false,false,markdown_ready,run_stage3_next
fiber_process__193_liu_等_2019_preparation_of_alumina_precursor_sols_with_a_high_solid_content_for_alumina_fibers,fiber_process,193_Liu 等 - 2019 - Preparation of alumina precursor sols with a high solid content for alumina fibers,G:\paper\Sorted_Database\Fiber_Process\193_Liu 等 - 2019 - Preparation of alumina precursor sols with a high solid content for alumina fibers.pdf,G:\paper\Sorted_Database\Fiber_Process\193_Liu 等 - 2019 - Preparation of alumina precursor sols with a high solid content for alumina fibers.pdf,true,1.811,data\markdown\fiber_process\193_Liu 等 - 2019 - Preparation of alumina precursor sols with a high solid content for alumina fibers.md,data\markdown\fiber_process\193_Liu 等 - 2019 - Preparation of alumina precursor sols with a high solid content for alumina fibers.md,true,42090,exists_ok,data\outputs\fiber_process\193_Liu 等 - 2019 - Preparation of alumina precursor sols with a high solid content for alumina fibers,data\outputs\193_Liu 等 - 2019 - Preparation of alumina precursor sols with a high solid content for alumina fibers,data\outputs\fiber_process\193_Liu 等 - 2019 - Preparation of alumina precursor sols with a high solid content for alumina fibers,category_aware,true,false,false,false,false,markdown_ready,run_stage3_next
fiber_process__194_liu_等_2020_preparation_of_continuous_alumina_fiber_with_nano_grains_by_the_addition_of_iron_sol,fiber_process,194_Liu 等 - 2020 - Preparation of continuous alumina fiber with nano grains by the addition of iron sol,G:\paper\Sorted_Database\Fiber_Process\194_Liu 等 - 2020 - Preparation of continuous alumina fiber with nano grains by the addition of iron sol.pdf,G:\paper\Sorted_Database\Fiber_Process\194_Liu 等 - 2020 - Preparation of continuous alumina fiber with nano grains by the addition of iron sol.pdf,true,5.463,data\markdown\fiber_process\194_Liu 等 - 2020 - Preparation of continuous alumina fiber with nano grains by the addition of iron sol.md,data\markdown\fiber_process\194_Liu 等 - 2020 - Preparation of continuous alumina fiber with nano grains by the addition of iron sol.md,true,52486,exists_ok,data\outputs\fiber_process\194_Liu 等 - 2020 - Preparation of continuous alumina fiber with nano grains by the addition of iron sol,data\outputs\194_Liu 等 - 2020 - Preparation of continuous alumina fiber with nano grains by the addition of iron sol,data\outputs\fiber_process\194_Liu 等 - 2020 - Preparation of continuous alumina fiber with nano grains by the addition of iron sol,category_aware,true,false,false,false,false,markdown_ready,run_stage3_next
fiber_process__195_liu_等_2023_effect_of_the_alumina_and_silica_source_mixing_procedure_on_the_microstructural_evolution_of_alumina,fiber_process,195_Liu 等 - 2023 - Effect of the alumina and silica source mixing procedure on the microstructural evolution of alumina,G:\paper\Sorted_Database\Fiber_Process\195_Liu 等 - 2023 - Effect of the alumina and silica source mixing procedure on the microstructural evolution of alumina.pdf,G:\paper\Sorted_Database\Fiber_Process\195_Liu 等 - 2023 - Effect of the alumina and silica source mixing procedure on the microstructural evolution of alumina.pdf,true,2.769,data\markdown\fiber_process\195_Liu 等 - 2023 - Effect of the alumina and silica source mixing procedure on the microstructural evolution of alumina.md,data\markdown\fiber_process\195_Liu 等 - 2023 - Effect of the alumina and silica source mixing procedure on the microstructural evolution of alumina.md,true,53160,exists_ok,data\outputs\fiber_process\195_Liu 等 - 2023 - Effect of the alumina and silica source mixing procedure on the microstructural evolution of alumina,data\outputs\195_Liu 等 - 2023 - Effect of the alumina and silica source mixing procedure on the microstructural evolution of alumina,data\outputs\fiber_process\195_Liu 等 - 2023 - Effect of the alumina and silica source mixing procedure on the microstructural evolution of alumina,category_aware,true,false,false,false,false,markdown_ready,run_stage3_next
fiber_process__196_liu_等_2023_removal_of_hydroxyl_groups_and_its_influence_on_the_microstructures_evolution_of_alumina_mullite_fib,fiber_process,196_Liu 等 - 2023 - Removal of hydroxyl groups and its influence on the microstructures evolution of alumina-mullite fib,G:\paper\Sorted_Database\Fiber_Process\196_Liu 等 - 2023 - Removal of hydroxyl groups and its influence on the microstructures evolution of alumina-mullite fib.pdf,G:\paper\Sorted_Database\Fiber_Process\196_Liu 等 - 2023 - Removal of hydroxyl groups and its influence on the microstructures evolution of alumina-mullite fib.pdf,true,23.695,data\markdown\fiber_process\196_Liu 等 - 2023 - Removal of hydroxyl groups and its influence on the microstructures evolution of alumina-mullite fib.md,data\markdown\fiber_process\196_Liu 等 - 2023 - Removal of hydroxyl groups and its influence on the microstructures evolution of alumina-mullite fib.md,true,77804,exists_ok,data\outputs\fiber_process\196_Liu 等 - 2023 - Removal of hydroxyl groups and its influence on the microstructures evolution of alumina-mullite fib,data\outputs\196_Liu 等 - 2023 - Removal of hydroxyl groups and its influence on the microstructures evolution of alumina-mullite fib,data\outputs\fiber_process\196_Liu 等 - 2023 - Removal of hydroxyl groups and its influence on the microstructures evolution of alumina-mullite fib,category_aware,true,false,false,false,false,markdown_ready,run_stage3_next
fiber_process__199_ma_2018_preparation_and_grain_growth_of_magnesia_alumina_spinelyttrium_aluminum_garnet_composite_fibers,fiber_process,199_Ma - 2018 - Preparation and grain-growth of magnesia-alumina spinelyttrium aluminum garnet composite fibers,G:\paper\Sorted_Database\Fiber_Process\199_Ma - 2018 - Preparation and grain-growth of magnesia-alumina spinelyttrium aluminum garnet composite fibers.pdf,G:\paper\Sorted_Database\Fiber_Process\199_Ma - 2018 - Preparation and grain-growth of magnesia-alumina spinelyttrium aluminum garnet composite fibers.pdf,true,0.936,data\markdown\fiber_process\199_Ma - 2018 - Preparation and grain-growth of magnesia-alumina spinelyttrium aluminum garnet composite fibers.md,data\markdown\fiber_process\199_Ma - 2018 - Preparation and grain-growth of magnesia-alumina spinelyttrium aluminum garnet composite fibers.md,true,29585,exists_ok,data\outputs\fiber_process\199_Ma - 2018 - Preparation and grain-growth of magnesia-alumina spinelyttrium aluminum garnet composite fibers,data\outputs\199_Ma - 2018 - Preparation and grain-growth of magnesia-alumina spinelyttrium aluminum garnet composite fibers,data\outputs\fiber_process\199_Ma - 2018 - Preparation and grain-growth of magnesia-alumina spinelyttrium aluminum garnet composite fibers,category_aware,true,false,false,false,false,markdown_ready,run_stage3_next
fiber_process__200_ma_等_2016_preparation_and_crystal_activation_energy_of_long_yttrium_aluminum_garnet_gel_fibers,fiber_process,200_Ma 等 - 2016 - Preparation and crystal activation energy of long yttrium aluminum garnet gel fibers,G:\paper\Sorted_Database\Fiber_Process\200_Ma 等 - 2016 - Preparation and crystal activation energy of long yttrium aluminum garnet gel fibers.pdf,G:\paper\Sorted_Database\Fiber_Process\200_Ma 等 - 2016 - Preparation and crystal activation energy of long yttrium aluminum garnet gel fibers.pdf,true,1.587,data\markdown\fiber_process\200_Ma 等 - 2016 - Preparation and crystal activation energy of long yttrium aluminum garnet gel fibers.md,data\markdown\fiber_process\200_Ma 等 - 2016 - Preparation and crystal activation energy of long yttrium aluminum garnet gel fibers.md,true,29680,exists_ok,data\outputs\fiber_process\200_Ma 等 - 2016 - Preparation and crystal activation energy of long yttrium aluminum garnet gel fibers,data\outputs\200_Ma 等 - 2016 - Preparation and crystal activation energy of long yttrium aluminum garnet gel fibers,data\outputs\fiber_process\200_Ma 等 - 2016 - Preparation and crystal activation energy of long yttrium aluminum garnet gel fibers,category_aware,true,false,false,false,false,markdown_ready,run_stage3_next
fiber_process__201_ma_等_2017_preparation_and_grain_growth_of_chromia_yttrium_aluminum_garnet_composites_fibers_by_sol_gel_method,fiber_process,201_Ma 等 - 2017 - Preparation and grain-growth of chromia-yttrium aluminum garnet composites fibers by sol–gel method,G:\paper\Sorted_Database\Fiber_Process\201_Ma 等 - 2017 - Preparation and grain-growth of chromia-yttrium aluminum garnet composites fibers by sol–gel method.pdf,G:\paper\Sorted_Database\Fiber_Process\201_Ma 等 - 2017 - Preparation and grain-growth of chromia-yttrium aluminum garnet composites fibers by sol–gel method.pdf,true,0.873,data\markdown\fiber_process\201_Ma 等 - 2017 - Preparation and grain-growth of chromia-yttrium aluminum garnet composites fibers by sol–gel method.md,data\markdown\fiber_process\201_Ma 等 - 2017 - Preparation and grain-growth of chromia-yttrium aluminum garnet composites fibers by sol–gel method.md,true,28355,exists_ok,data\outputs\fiber_process\201_Ma 等 - 2017 - Preparation and grain-growth of chromia-yttrium aluminum garnet composites fibers by sol–gel method,data\outputs\201_Ma 等 - 2017 - Preparation and grain-growth of chromia-yttrium aluminum garnet composites fibers by sol–gel method,data\outputs\fiber_process\201_Ma 等 - 2017 - Preparation and grain-growth of chromia-yttrium aluminum garnet composites fibers by sol–gel method,category_aware,true,false,false,false,false,markdown_ready,run_stage3_next
fiber_process__204_mahapatra_等_2011_synthesis_of_ultra_fine_α_al2o3_fibers_via_electrospinning_method,fiber_process,204_Mahapatra 等 - 2011 - Synthesis of ultra-fine α-Al2O3 fibers via electrospinning method,G:\paper\Sorted_Database\Fiber_Process\204_Mahapatra 等 - 2011 - Synthesis of ultra-fine α-Al2O3 fibers via electrospinning method.pdf,G:\paper\Sorted_Database\Fiber_Process\204_Mahapatra 等 - 2011 - Synthesis of ultra-fine α-Al2O3 fibers via electrospinning method.pdf,true,0.509,data\markdown\fiber_process\204_Mahapatra 等 - 2011 - Synthesis of ultra-fine α-Al2O3 fibers via electrospinning method.md,data\markdown\fiber_process\204_Mahapatra 等 - 2011 - Synthesis of ultra-fine α-Al2O3 fibers via electrospinning method.md,true,26366,exists_ok,data\outputs\fiber_process\204_Mahapatra 等 - 2011 - Synthesis of ultra-fine α-Al2O3 fibers via electrospinning method,data\outputs\204_Mahapatra 等 - 2011 - Synthesis of ultra-fine α-Al2O3 fibers via electrospinning method,data\outputs\fiber_process\204_Mahapatra 等 - 2011 - Synthesis of ultra-fine α-Al2O3 fibers via electrospinning method,category_aware,true,false,false,false,false,markdown_ready,run_stage3_next
fiber_process__205_mahmoodi和alinejad_2010_fast_and_facile_synthesis_of_boehmite_nanofibers,fiber_process,205_Mahmoodi和Alinejad - 2010 - Fast and facile synthesis of boehmite nanofibers,G:\paper\Sorted_Database\Fiber_Process\205_Mahmoodi和Alinejad - 2010 - Fast and facile synthesis of boehmite nanofibers.pdf,G:\paper\Sorted_Database\Fiber_Process\205_Mahmoodi和Alinejad - 2010 - Fast and facile synthesis of boehmite nanofibers.pdf,true,0.381,data\markdown\fiber_process\205_Mahmoodi和Alinejad - 2010 - Fast and facile synthesis of boehmite nanofibers.md,data\markdown\fiber_process\205_Mahmoodi和Alinejad - 2010 - Fast and facile synthesis of boehmite nanofibers.md,true,19863,exists_ok,data\outputs\fiber_process\205_Mahmoodi和Alinejad - 2010 - Fast and facile synthesis of boehmite nanofibers,data\outputs\205_Mahmoodi和Alinejad - 2010 - Fast and facile synthesis of boehmite nanofibers,data\outputs\fiber_process\205_Mahmoodi和Alinejad - 2010 - Fast and facile synthesis of boehmite nanofibers,category_aware,true,false,false,false,false,markdown_ready,run_stage3_next
fiber_process__212_milanović_等_2013_preparation_of_low_cost_alumina_nanofibers_via_electrospinning_of_aluminium_chloride_hydroxidepoly,fiber_process,212_Milanović 等 - 2013 - Preparation of low cost alumina nanofibers via electrospinning of aluminium chloride hydroxidepoly,G:\paper\Sorted_Database\Fiber_Process\212_Milanović 等 - 2013 - Preparation of low cost alumina nanofibers via electrospinning of aluminium chloride hydroxidepoly.pdf,G:\paper\Sorted_Database\Fiber_Process\212_Milanović 等 - 2013 - Preparation of low cost alumina nanofibers via electrospinning of aluminium chloride hydroxidepoly.pdf,true,0.442,data\markdown\fiber_process\212_Milanović 等 - 2013 - Preparation of low cost alumina nanofibers via electrospinning of aluminium chloride hydroxidepoly.md,data\markdown\fiber_process\212_Milanović 等 - 2013 - Preparation of low cost alumina nanofibers via electrospinning of aluminium chloride hydroxidepoly.md,true,15965,exists_ok,data\outputs\fiber_process\212_Milanović 等 - 2013 - Preparation of low cost alumina nanofibers via electrospinning of aluminium chloride hydroxidepoly,data\outputs\212_Milanović 等 - 2013 - Preparation of low cost alumina nanofibers via electrospinning of aluminium chloride hydroxidepoly,data\outputs\fiber_process\212_Milanović 等 - 2013 - Preparation of low cost alumina nanofibers via electrospinning of aluminium chloride hydroxidepoly,category_aware,true,false,false,false,false,markdown_ready,run_stage3_next
fiber_process__213_mirjalili_等_2020_the_effect_of_adding_different_amount_of_spinning_additives_on_preparation_of_nano_alumina_fiber,fiber_process,213_Mirjalili 等 - 2020 - The effect of adding different amount of   spinning additives   on preparation of nano alumina fiber,G:\paper\Sorted_Database\Fiber_Process\213_Mirjalili 等 - 2020 - The effect of adding different amount of   spinning additives   on preparation of nano alumina fiber.pdf,G:\paper\Sorted_Database\Fiber_Process\213_Mirjalili 等 - 2020 - The effect of adding different amount of   spinning additives   on preparation of nano alumina fiber.pdf,true,0.949,data\markdown\fiber_process\213_Mirjalili 等 - 2020 - The effect of adding different amount of   spinning additives   on preparation of nano alumina fiber.md,data\markdown\fiber_process\213_Mirjalili 等 - 2020 - The effect of adding different amount of   spinning additives   on preparation of nano alumina fiber.md,true,34947,exists_ok,data\outputs\fiber_process\213_Mirjalili 等 - 2020 - The effect of adding different amount of   spinning additives   on preparation of nano alumina fiber,data\outputs\213_Mirjalili 等 - 2020 - The effect of adding different amount of   spinning additives   on preparation of nano alumina fiber,data\outputs\fiber_process\213_Mirjalili 等 - 2020 - The effect of adding different amount of   spinning additives   on preparation of nano alumina fiber,category_aware,true,false,false,false,false,markdown_ready,run_stage3_next
fiber_process__219_natarajan和bhargava_2018_influence_of_spinning_parameters_on_synthesis_of_alumina_fibres_by_centrifugal_spinning,fiber_process,219_Natarajan和Bhargava - 2018 - Influence of spinning parameters on synthesis of alumina fibres by centrifugal spinning,G:\paper\Sorted_Database\Fiber_Process\219_Natarajan和Bhargava - 2018 - Influence of spinning parameters on synthesis of alumina fibres by centrifugal spinning.pdf,G:\paper\Sorted_Database\Fiber_Process\219_Natarajan和Bhargava - 2018 - Influence of spinning parameters on synthesis of alumina fibres by centrifugal spinning.pdf,true,2.5,data\markdown\fiber_process\219_Natarajan和Bhargava - 2018 - Influence of spinning parameters on synthesis of alumina fibres by centrifugal spinning.md,data\markdown\fiber_process\219_Natarajan和Bhargava - 2018 - Influence of spinning parameters on synthesis of alumina fibres by centrifugal spinning.md,true,30049,exists_ok,data\outputs\fiber_process\219_Natarajan和Bhargava - 2018 - Influence of spinning parameters on synthesis of alumina fibres by centrifugal spinning,data\outputs\219_Natarajan和Bhargava - 2018 - Influence of spinning parameters on synthesis of alumina fibres by centrifugal spinning,data\outputs\fiber_process\219_Natarajan和Bhargava - 2018 - Influence of spinning parameters on synthesis of alumina fibres by centrifugal spinning,category_aware,true,false,false,false,false,markdown_ready,run_stage3_next
fiber_process__224_okada_等_2000_sol_gel_synthesis_of_yagal2o3_long_fibres_from_water_solvent_systems,fiber_process,224_Okada 等 - 2000 - Sol–gel synthesis of YAGAl2O3 long fibres from water solvent systems,G:\paper\Sorted_Database\Fiber_Process\224_Okada 等 - 2000 - Sol–gel synthesis of YAGAl2O3 long fibres from water solvent systems.pdf,G:\paper\Sorted_Database\Fiber_Process\224_Okada 等 - 2000 - Sol–gel synthesis of YAGAl2O3 long fibres from water solvent systems.pdf,true,0.764,data\markdown\fiber_process\224_Okada 等 - 2000 - Sol–gel synthesis of YAGAl2O3 long fibres from water solvent systems.md,data\markdown\fiber_process\224_Okada 等 - 2000 - Sol–gel synthesis of YAGAl2O3 long fibres from water solvent systems.md,true,32428,exists_ok,data\outputs\fiber_process\224_Okada 等 - 2000 - Sol–gel synthesis of YAGAl2O3 long fibres from water solvent systems,data\outputs\224_Okada 等 - 2000 - Sol–gel synthesis of YAGAl2O3 long fibres from water solvent systems,data\outputs\fiber_process\224_Okada 等 - 2000 - Sol–gel synthesis of YAGAl2O3 long fibres from water solvent systems,category_aware,true,false,false,false,false,markdown_ready,run_stage3_next
fiber_process__234_pfeifer_等_2016_synthesis_of_zirconia_toughened_alumina_zta_fibers_for_high_performance_materials,fiber_process,234_Pfeifer 等 - 2016 - Synthesis of zirconia toughened alumina (ZTA) fibers for high performance materials,G:\paper\Sorted_Database\Fiber_Process\234_Pfeifer 等 - 2016 - Synthesis of zirconia toughened alumina (ZTA) fibers for high performance materials.pdf,G:\paper\Sorted_Database\Fiber_Process\234_Pfeifer 等 - 2016 - Synthesis of zirconia toughened alumina (ZTA) fibers for high performance materials.pdf,true,2.787,data\markdown\fiber_process\234_Pfeifer 等 - 2016 - Synthesis of zirconia toughened alumina (ZTA) fibers for high performance materials.md,data\markdown\fiber_process\234_Pfeifer 等 - 2016 - Synthesis of zirconia toughened alumina (ZTA) fibers for high performance materials.md,true,46209,exists_ok,data\outputs\fiber_process\234_Pfeifer 等 - 2016 - Synthesis of zirconia toughened alumina (ZTA) fibers for high performance materials,data\outputs\234_Pfeifer 等 - 2016 - Synthesis of zirconia toughened alumina (ZTA) fibers for high performance materials,data\outputs\fiber_process\234_Pfeifer 等 - 2016 - Synthesis of zirconia toughened alumina (ZTA) fibers for high performance materials,category_aware,true,false,false,false,false,markdown_ready,run_stage3_next
fiber_process__241_preparation_of_new_polycrystalline_yttrium_aluminium_garnet_fibersby_the_sol_gel_method,fiber_process,241_Preparation of New Polycrystalline Yttrium Aluminium Garnet Fibersby the Sol-Gel Method,G:\paper\Sorted_Database\Fiber_Process\241_Preparation of New Polycrystalline Yttrium Aluminium Garnet Fibersby the Sol-Gel Method.pdf,G:\paper\Sorted_Database\Fiber_Process\241_Preparation of New Polycrystalline Yttrium Aluminium Garnet Fibersby the Sol-Gel Method.pdf,true,1.327,data\markdown\fiber_process\241_Preparation of New Polycrystalline Yttrium Aluminium Garnet Fibersby the Sol-Gel Method.md,data\markdown\fiber_process\241_Preparation of New Polycrystalline Yttrium Aluminium Garnet Fibersby the Sol-Gel Method.md,true,10000,exists_ok,data\outputs\fiber_process\241_Preparation of New Polycrystalline Yttrium Aluminium Garnet Fibersby the Sol-Gel Method,data\outputs\241_Preparation of New Polycrystalline Yttrium Aluminium Garnet Fibersby the Sol-Gel Method,data\outputs\fiber_process\241_Preparation of New Polycrystalline Yttrium Aluminium Garnet Fibersby the Sol-Gel Method,category_aware,true,false,false,false,false,markdown_ready,run_stage3_next
fiber_process__243_preparation_of_yttrium_aluminum_garnet_fibers_by_t,fiber_process,243_Preparation_of_yttrium_aluminum_garnet_fibers_by_t,G:\paper\Sorted_Database\Fiber_Process\243_Preparation_of_yttrium_aluminum_garnet_fibers_by_t.pdf,G:\paper\Sorted_Database\Fiber_Process\243_Preparation_of_yttrium_aluminum_garnet_fibers_by_t.pdf,true,0.836,data\markdown\fiber_process\243_Preparation_of_yttrium_aluminum_garnet_fibers_by_t.md,data\markdown\fiber_process\243_Preparation_of_yttrium_aluminum_garnet_fibers_by_t.md,true,15624,exists_ok,data\outputs\fiber_process\243_Preparation_of_yttrium_aluminum_garnet_fibers_by_t,data\outputs\243_Preparation_of_yttrium_aluminum_garnet_fibers_by_t,data\outputs\fiber_process\243_Preparation_of_yttrium_aluminum_garnet_fibers_by_t,category_aware,true,false,false,false,false,markdown_ready,run_stage3_next
fiber_process__246_qiu_等_2016_preparation_of_polycrystalline_high_temperature_refractory_mullite_fibers_via_precursor_method,fiber_process,246_QIU 等 - 2016 - Preparation of polycrystalline high temperature refractory mullite fibers via precursor method,G:\paper\Sorted_Database\Fiber_Process\246_QIU 等 - 2016 - Preparation of polycrystalline high temperature refractory mullite fibers via precursor method.pdf,G:\paper\Sorted_Database\Fiber_Process\246_QIU 等 - 2016 - Preparation of polycrystalline high temperature refractory mullite fibers via precursor method.pdf,true,0.569,data\markdown\fiber_process\246_QIU 等 - 2016 - Preparation of polycrystalline high temperature refractory mullite fibers via precursor method.md,data\markdown\fiber_process\246_QIU 等 - 2016 - Preparation of polycrystalline high temperature refractory mullite fibers via precursor method.md,true,29080,exists_ok,data\outputs\fiber_process\246_QIU 等 - 2016 - Preparation of polycrystalline high temperature refractory mullite fibers via precursor method,data\outputs\246_QIU 等 - 2016 - Preparation of polycrystalline high temperature refractory mullite fibers via precursor method,data\outputs\fiber_process\246_QIU 等 - 2016 - Preparation of polycrystalline high temperature refractory mullite fibers via precursor method,category_aware,true,false,false,false,false,markdown_ready,run_stage3_next
fiber_process__249_refractory_oxides_containing_barium_and_aluminium,fiber_process,249_Refractory oxides containing barium and aluminium,G:\paper\Sorted_Database\Fiber_Process\249_Refractory oxides containing barium and aluminium.pdf,G:\paper\Sorted_Database\Fiber_Process\249_Refractory oxides containing barium and aluminium.pdf,true,0.356,data\markdown\fiber_process\249_Refractory oxides containing barium and aluminium.md,data\markdown\fiber_process\249_Refractory oxides containing barium and aluminium.md,true,12249,exists_ok,data\outputs\fiber_process\249_Refractory oxides containing barium and aluminium,data\outputs\249_Refractory oxides containing barium and aluminium,data\outputs\fiber_process\249_Refractory oxides containing barium and aluminium,category_aware,true,false,false,false,false,markdown_ready,run_stage3_next
fiber_process__270_sohrabi_kashani_等_2025_cost_effective_fabrication_of_mesoporous_alumina_nanofibers_via_electrospinning_enhanced_ceramic_to,fiber_process,270_Sohrabi-Kashani 等 - 2025 - Cost-effective fabrication of mesoporous alumina nanofibers via electrospinning Enhanced ceramic-to,G:\paper\Sorted_Database\Fiber_Process\270_Sohrabi-Kashani 等 - 2025 - Cost-effective fabrication of mesoporous alumina nanofibers via electrospinning Enhanced ceramic-to.pdf,G:\paper\Sorted_Database\Fiber_Process\270_Sohrabi-Kashani 等 - 2025 - Cost-effective fabrication of mesoporous alumina nanofibers via electrospinning Enhanced ceramic-to.pdf,true,9.391,data\markdown\fiber_process\270_Sohrabi-Kashani 等 - 2025 - Cost-effective fabrication of mesoporous alumina nanofibers via electrospinning Enhanced ceramic-to.md,data\markdown\fiber_process\270_Sohrabi-Kashani 等 - 2025 - Cost-effective fabrication of mesoporous alumina nanofibers via electrospinning Enhanced ceramic-to.md,true,82582,exists_ok,data\outputs\fiber_process\270_Sohrabi-Kashani 等 - 2025 - Cost-effective fabrication of mesoporous alumina nanofibers via electrospinning Enhanced ceramic-to,data\outputs\270_Sohrabi-Kashani 等 - 2025 - Cost-effective fabrication of mesoporous alumina nanofibers via electrospinning Enhanced ceramic-to,data\outputs\fiber_process\270_Sohrabi-Kashani 等 - 2025 - Cost-effective fabrication of mesoporous alumina nanofibers via electrospinning Enhanced ceramic-to,category_aware,true,false,false,false,false,markdown_ready,run_stage3_next
fiber_process__271_sol_gel_processing_of_alumina_zirconia_fibers,fiber_process,271_Sol-gel processing of alumina-zirconia fibers,G:\paper\Sorted_Database\Fiber_Process\271_Sol-gel processing of alumina-zirconia fibers.pdf,G:\paper\Sorted_Database\Fiber_Process\271_Sol-gel processing of alumina-zirconia fibers.pdf,true,0.423,data\markdown\fiber_process\271_Sol-gel processing of alumina-zirconia fibers.md,data\markdown\fiber_process\271_Sol-gel processing of alumina-zirconia fibers.md,true,23956,exists_ok,data\outputs\fiber_process\271_Sol-gel processing of alumina-zirconia fibers,data\outputs\271_Sol-gel processing of alumina-zirconia fibers,data\outputs\fiber_process\271_Sol-gel processing of alumina-zirconia fibers,category_aware,true,false,false,false,false,markdown_ready,run_stage3_next
fiber_process__272_song_1998_preparation_of_mullite_fibers_by_the_sol_gel_method,fiber_process,272_Song - 1998 - Preparation of mullite fibers by the sol-gel method,G:\paper\Sorted_Database\Fiber_Process\272_Song - 1998 - Preparation of mullite fibers by the sol-gel method.pdf,G:\paper\Sorted_Database\Fiber_Process\272_Song - 1998 - Preparation of mullite fibers by the sol-gel method.pdf,true,0.049,data\markdown\fiber_process\272_Song - 1998 - Preparation of mullite fibers by the sol-gel method.md,data\markdown\fiber_process\272_Song - 1998 - Preparation of mullite fibers by the sol-gel method.md,true,14807,exists_ok,data\outputs\fiber_process\272_Song - 1998 - Preparation of mullite fibers by the sol-gel method,data\outputs\272_Song - 1998 - Preparation of mullite fibers by the sol-gel method,data\outputs\fiber_process\272_Song - 1998 - Preparation of mullite fibers by the sol-gel method,category_aware,true,false,false,false,false,markdown_ready,run_stage3_next
fiber_process__273_song_1998_preparation_of_mullite_fibers_from_aluminum_isopropoxide_aluminum_nitrate_tetraethylorthosilicate_so,fiber_process,273_Song - 1998 - Preparation of mullite fibers from aluminum isopropoxide–aluminum nitrate–tetraethylorthosilicate so,G:\paper\Sorted_Database\Fiber_Process\273_Song - 1998 - Preparation of mullite fibers from aluminum isopropoxide–aluminum nitrate–tetraethylorthosilicate so.pdf,G:\paper\Sorted_Database\Fiber_Process\273_Song - 1998 - Preparation of mullite fibers from aluminum isopropoxide–aluminum nitrate–tetraethylorthosilicate so.pdf,true,0.285,data\markdown\fiber_process\273_Song - 1998 - Preparation of mullite fibers from aluminum isopropoxide–aluminum nitrate–tetraethylorthosilicate so.md,data\markdown\fiber_process\273_Song - 1998 - Preparation of mullite fibers from aluminum isopropoxide–aluminum nitrate–tetraethylorthosilicate so.md,true,34518,exists_ok,data\outputs\fiber_process\273_Song - 1998 - Preparation of mullite fibers from aluminum isopropoxide–aluminum nitrate–tetraethylorthosilicate so,data\outputs\273_Song - 1998 - Preparation of mullite fibers from aluminum isopropoxide–aluminum nitrate–tetraethylorthosilicate so,data\outputs\fiber_process\273_Song - 1998 - Preparation of mullite fibers from aluminum isopropoxide–aluminum nitrate–tetraethylorthosilicate so,category_aware,true,false,false,false,false,markdown_ready,run_stage3_next
fiber_process__274_song_等_1999_preparation_of_alumina_fibers_from_aluminum_salts_by_the_sol_gel_method,fiber_process,274_Song 等 - 1999 - Preparation of alumina fibers from aluminum salts by the sol-gel method,G:\paper\Sorted_Database\Fiber_Process\274_Song 等 - 1999 - Preparation of alumina fibers from aluminum salts by the sol-gel method.pdf,G:\paper\Sorted_Database\Fiber_Process\274_Song 等 - 1999 - Preparation of alumina fibers from aluminum salts by the sol-gel method.pdf,true,1.023,data\markdown\fiber_process\274_Song 等 - 1999 - Preparation of alumina fibers from aluminum salts by the sol-gel method.md,data\markdown\fiber_process\274_Song 等 - 1999 - Preparation of alumina fibers from aluminum salts by the sol-gel method.md,true,35696,exists_ok,data\outputs\fiber_process\274_Song 等 - 1999 - Preparation of alumina fibers from aluminum salts by the sol-gel method,data\outputs\274_Song 等 - 1999 - Preparation of alumina fibers from aluminum salts by the sol-gel method,data\outputs\fiber_process\274_Song 等 - 1999 - Preparation of alumina fibers from aluminum salts by the sol-gel method,category_aware,true,false,false,false,false,markdown_ready,run_stage3_next
fiber_process__275_starbov_等_2012_an_experimental_approach_for_synthesis_of_fe_al_o_multiferroic_fibrous_material,fiber_process,275_Starbov 等 - 2012 - An experimental approach for synthesis of fe-al-O multiferroic fibrous material,G:\paper\Sorted_Database\Fiber_Process\275_Starbov 等 - 2012 - An experimental approach for synthesis of fe-al-O multiferroic fibrous material.pdf,G:\paper\Sorted_Database\Fiber_Process\275_Starbov 等 - 2012 - An experimental approach for synthesis of fe-al-O multiferroic fibrous material.pdf,true,4.734,data\markdown\fiber_process\275_Starbov 等 - 2012 - An experimental approach for synthesis of fe-al-O multiferroic fibrous material.md,data\markdown\fiber_process\275_Starbov 等 - 2012 - An experimental approach for synthesis of fe-al-O multiferroic fibrous material.md,true,15710,exists_ok,data\outputs\fiber_process\275_Starbov 等 - 2012 - An experimental approach for synthesis of fe-al-O multiferroic fibrous material,data\outputs\275_Starbov 等 - 2012 - An experimental approach for synthesis of fe-al-O multiferroic fibrous material,data\outputs\fiber_process\275_Starbov 等 - 2012 - An experimental approach for synthesis of fe-al-O multiferroic fibrous material,category_aware,true,false,false,false,false,markdown_ready,run_stage3_next
fiber_process__279_tan_2011_mullite_fibre_preparation_by_extrusion_method_using_alumina_sol_as_binder,fiber_process,279_Tan - 2011 - Mullite fibre preparation by extrusion method using alumina sol as binder,G:\paper\Sorted_Database\Fiber_Process\279_Tan - 2011 - Mullite fibre preparation by extrusion method using alumina sol as binder.pdf,G:\paper\Sorted_Database\Fiber_Process\279_Tan - 2011 - Mullite fibre preparation by extrusion method using alumina sol as binder.pdf,true,0.39,data\markdown\fiber_process\279_Tan - 2011 - Mullite fibre preparation by extrusion method using alumina sol as binder.md,data\markdown\fiber_process\279_Tan - 2011 - Mullite fibre preparation by extrusion method using alumina sol as binder.md,true,16982,exists_ok,data\outputs\fiber_process\279_Tan - 2011 - Mullite fibre preparation by extrusion method using alumina sol as binder,data\outputs\279_Tan - 2011 - Mullite fibre preparation by extrusion method using alumina sol as binder,data\outputs\fiber_process\279_Tan - 2011 - Mullite fibre preparation by extrusion method using alumina sol as binder,category_aware,true,false,false,false,false,markdown_ready,run_stage3_next
fiber_process__280_tan_2011_preparation_of_long_alumina_fibers_by_sol_gel_method_using_tartaric_acid,fiber_process,280_Tan - 2011 - Preparation of long alumina fibers by sol-gel method using tartaric acid,G:\paper\Sorted_Database\Fiber_Process\280_Tan - 2011 - Preparation of long alumina fibers by sol-gel method using tartaric acid.pdf,G:\paper\Sorted_Database\Fiber_Process\280_Tan - 2011 - Preparation of long alumina fibers by sol-gel method using tartaric acid.pdf,true,0.345,data\markdown\fiber_process\280_Tan - 2011 - Preparation of long alumina fibers by sol-gel method using tartaric acid.md,data\markdown\fiber_process\280_Tan - 2011 - Preparation of long alumina fibers by sol-gel method using tartaric acid.md,true,17432,exists_ok,data\outputs\fiber_process\280_Tan - 2011 - Preparation of long alumina fibers by sol-gel method using tartaric acid,data\outputs\280_Tan - 2011 - Preparation of long alumina fibers by sol-gel method using tartaric acid,data\outputs\fiber_process\280_Tan - 2011 - Preparation of long alumina fibers by sol-gel method using tartaric acid,category_aware,true,false,false,false,false,markdown_ready,run_stage3_next
fiber_process__281_tan_等_2010_mullite_fibres_preparation_by_aqueous_sol_gel_process_and_activation_energy_of_mullitization,fiber_process,281_Tan 等 - 2010 - Mullite fibres preparation by aqueous sol–gel process and activation energy of mullitization,G:\paper\Sorted_Database\Fiber_Process\281_Tan 等 - 2010 - Mullite fibres preparation by aqueous sol–gel process and activation energy of mullitization.pdf,G:\paper\Sorted_Database\Fiber_Process\281_Tan 等 - 2010 - Mullite fibres preparation by aqueous sol–gel process and activation energy of mullitization.pdf,true,0.673,data\markdown\fiber_process\281_Tan 等 - 2010 - Mullite fibres preparation by aqueous sol–gel process and activation energy of mullitization.md,data\markdown\fiber_process\281_Tan 等 - 2010 - Mullite fibres preparation by aqueous sol–gel process and activation energy of mullitization.md,true,29206,exists_ok,data\outputs\fiber_process\281_Tan 等 - 2010 - Mullite fibres preparation by aqueous sol–gel process and activation energy of mullitization,data\outputs\281_Tan 等 - 2010 - Mullite fibres preparation by aqueous sol–gel process and activation energy of mullitization,data\outputs\fiber_process\281_Tan 等 - 2010 - Mullite fibres preparation by aqueous sol–gel process and activation energy of mullitization,category_aware,true,false,false,false,false,markdown_ready,run_stage3_next
fiber_process__282_tan_等_2011_preparation_of_mullite_fibers_by_sol_gel_process_and_study_of_their_morphology,fiber_process,282_Tan 等 - 2011 - Preparation of mullite fibers by sol-gel process and study of their morphology,G:\paper\Sorted_Database\Fiber_Process\282_Tan 等 - 2011 - Preparation of mullite fibers by sol-gel process and study of their morphology.pdf,G:\paper\Sorted_Database\Fiber_Process\282_Tan 等 - 2011 - Preparation of mullite fibers by sol-gel process and study of their morphology.pdf,true,0.576,data\markdown\fiber_process\282_Tan 等 - 2011 - Preparation of mullite fibers by sol-gel process and study of their morphology.md,data\markdown\fiber_process\282_Tan 等 - 2011 - Preparation of mullite fibers by sol-gel process and study of their morphology.md,true,18914,exists_ok,data\outputs\fiber_process\282_Tan 等 - 2011 - Preparation of mullite fibers by sol-gel process and study of their morphology,data\outputs\282_Tan 等 - 2011 - Preparation of mullite fibers by sol-gel process and study of their morphology,data\outputs\fiber_process\282_Tan 等 - 2011 - Preparation of mullite fibers by sol-gel process and study of their morphology,category_aware,true,false,false,false,false,markdown_ready,run_stage3_next
fiber_process__283_tan_等_2011_preparation_of_mullite_fibres_by_sol_gel_processes_using_aluminium_carboxylates_and_tetraethylorthos,fiber_process,283_Tan 等 - 2011 - Preparation of mullite fibres by sol–gel processes using aluminium carboxylates and tetraethylorthos,G:\paper\Sorted_Database\Fiber_Process\283_Tan 等 - 2011 - Preparation of mullite fibres by sol–gel processes using aluminium carboxylates and tetraethylorthos.pdf,G:\paper\Sorted_Database\Fiber_Process\283_Tan 等 - 2011 - Preparation of mullite fibres by sol–gel processes using aluminium carboxylates and tetraethylorthos.pdf,true,0.185,data\markdown\fiber_process\283_Tan 等 - 2011 - Preparation of mullite fibres by sol–gel processes using aluminium carboxylates and tetraethylorthos.md,data\markdown\fiber_process\283_Tan 等 - 2011 - Preparation of mullite fibres by sol–gel processes using aluminium carboxylates and tetraethylorthos.md,true,23580,exists_ok,data\outputs\fiber_process\283_Tan 等 - 2011 - Preparation of mullite fibres by sol–gel processes using aluminium carboxylates and tetraethylorthos,data\outputs\283_Tan 等 - 2011 - Preparation of mullite fibres by sol–gel processes using aluminium carboxylates and tetraethylorthos,data\outputs\fiber_process\283_Tan 等 - 2011 - Preparation of mullite fibres by sol–gel processes using aluminium carboxylates and tetraethylorthos,category_aware,true,false,false,false,false,markdown_ready,run_stage3_next
fiber_process__284_tan_等_2012_activation_energy_for_mullitization_of_gel_fibres_obtained_from_aluminum_isopropoxide,fiber_process,284_TAN 等 - 2012 - Activation energy for mullitization of gel fibres obtained from aluminum isopropoxide,G:\paper\Sorted_Database\Fiber_Process\284_TAN 等 - 2012 - Activation energy for mullitization of gel fibres obtained from aluminum isopropoxide.pdf,G:\paper\Sorted_Database\Fiber_Process\284_TAN 等 - 2012 - Activation energy for mullitization of gel fibres obtained from aluminum isopropoxide.pdf,true,0.333,data\markdown\fiber_process\284_TAN 等 - 2012 - Activation energy for mullitization of gel fibres obtained from aluminum isopropoxide.md,data\markdown\fiber_process\284_TAN 等 - 2012 - Activation energy for mullitization of gel fibres obtained from aluminum isopropoxide.md,true,23219,exists_ok,data\outputs\fiber_process\284_TAN 等 - 2012 - Activation energy for mullitization of gel fibres obtained from aluminum isopropoxide,data\outputs\284_TAN 等 - 2012 - Activation energy for mullitization of gel fibres obtained from aluminum isopropoxide,data\outputs\fiber_process\284_TAN 等 - 2012 - Activation energy for mullitization of gel fibres obtained from aluminum isopropoxide,category_aware,true,false,false,false,false,markdown_ready,run_stage3_next
fiber_process__285_tan_等_2013_preparation_of_continuous_alumina_gel_fibres_by_aqueous_sol_gel_process,fiber_process,285_TAN 等 - 2013 - Preparation of continuous alumina gel fibres by aqueous sol–gel process,G:\paper\Sorted_Database\Fiber_Process\285_TAN 等 - 2013 - Preparation of continuous alumina gel fibres by aqueous sol–gel process.pdf,G:\paper\Sorted_Database\Fiber_Process\285_TAN 等 - 2013 - Preparation of continuous alumina gel fibres by aqueous sol–gel process.pdf,true,0.308,data\markdown\fiber_process\285_TAN 等 - 2013 - Preparation of continuous alumina gel fibres by aqueous sol–gel process.md,data\markdown\fiber_process\285_TAN 等 - 2013 - Preparation of continuous alumina gel fibres by aqueous sol–gel process.md,true,16580,exists_ok,data\outputs\fiber_process\285_TAN 等 - 2013 - Preparation of continuous alumina gel fibres by aqueous sol–gel process,data\outputs\285_TAN 等 - 2013 - Preparation of continuous alumina gel fibres by aqueous sol–gel process,data\outputs\fiber_process\285_TAN 等 - 2013 - Preparation of continuous alumina gel fibres by aqueous sol–gel process,category_aware,true,false,false,false,false,markdown_ready,run_stage3_next
fiber_process__287_tang和yu_2015_electrospinning_preparation_and_characterization_of_alumina_nanofibers_with_high_aspect_ratio,fiber_process,287_Tang和Yu - 2015 - Electrospinning preparation and characterization of alumina nanofibers with high aspect ratio,G:\paper\Sorted_Database\Fiber_Process\287_Tang和Yu - 2015 - Electrospinning preparation and characterization of alumina nanofibers with high aspect ratio.pdf,G:\paper\Sorted_Database\Fiber_Process\287_Tang和Yu - 2015 - Electrospinning preparation and characterization of alumina nanofibers with high aspect ratio.pdf,true,0.907,data\markdown\fiber_process\287_Tang和Yu - 2015 - Electrospinning preparation and characterization of alumina nanofibers with high aspect ratio.md,data\markdown\fiber_process\287_Tang和Yu - 2015 - Electrospinning preparation and characterization of alumina nanofibers with high aspect ratio.md,true,31106,exists_ok,data\outputs\fiber_process\287_Tang和Yu - 2015 - Electrospinning preparation and characterization of alumina nanofibers with high aspect ratio,data\outputs\287_Tang和Yu - 2015 - Electrospinning preparation and characterization of alumina nanofibers with high aspect ratio,data\outputs\fiber_process\287_Tang和Yu - 2015 - Electrospinning preparation and characterization of alumina nanofibers with high aspect ratio,category_aware,true,false,false,false,false,markdown_ready,run_stage3_next
fiber_process__288_tan和guo_2011_preparation_of_long_alumina_fibers_by_sol_gel_method_using_malic_acid,fiber_process,288_TAN和GUO - 2011 - Preparation of long alumina fibers by sol-gel method using malic acid,G:\paper\Sorted_Database\Fiber_Process\288_TAN和GUO - 2011 - Preparation of long alumina fibers by sol-gel method using malic acid.pdf,G:\paper\Sorted_Database\Fiber_Process\288_TAN和GUO - 2011 - Preparation of long alumina fibers by sol-gel method using malic acid.pdf,true,0.618,data\markdown\fiber_process\288_TAN和GUO - 2011 - Preparation of long alumina fibers by sol-gel method using malic acid.md,data\markdown\fiber_process\288_TAN和GUO - 2011 - Preparation of long alumina fibers by sol-gel method using malic acid.md,true,21090,exists_ok,data\outputs\fiber_process\288_TAN和GUO - 2011 - Preparation of long alumina fibers by sol-gel method using malic acid,data\outputs\288_TAN和GUO - 2011 - Preparation of long alumina fibers by sol-gel method using malic acid,data\outputs\fiber_process\288_TAN和GUO - 2011 - Preparation of long alumina fibers by sol-gel method using malic acid,category_aware,true,false,false,false,false,markdown_ready,run_stage3_next
fiber_process__289_teoh_等_2007_synthesis_and_characterization_of_sol_gel_alumina_nanofibers,fiber_process,289_Teoh 等 - 2007 - Synthesis and characterization of sol–gel alumina nanofibers,G:\paper\Sorted_Database\Fiber_Process\289_Teoh 等 - 2007 - Synthesis and characterization of sol–gel alumina nanofibers.pdf,G:\paper\Sorted_Database\Fiber_Process\289_Teoh 等 - 2007 - Synthesis and characterization of sol–gel alumina nanofibers.pdf,true,0.946,data\markdown\fiber_process\289_Teoh 等 - 2007 - Synthesis and characterization of sol–gel alumina nanofibers.md,data\markdown\fiber_process\289_Teoh 等 - 2007 - Synthesis and characterization of sol–gel alumina nanofibers.md,true,39198,exists_ok,data\outputs\fiber_process\289_Teoh 等 - 2007 - Synthesis and characterization of sol–gel alumina nanofibers,data\outputs\289_Teoh 等 - 2007 - Synthesis and characterization of sol–gel alumina nanofibers,data\outputs\fiber_process\289_Teoh 等 - 2007 - Synthesis and characterization of sol–gel alumina nanofibers,category_aware,true,false,false,false,false,markdown_ready,run_stage3_next
fiber_process__290_the_effect_of_adding_different_amount_of_spinning_additives_on,fiber_process,290_The effect of adding different amount of spinning additives on,G:\paper\Sorted_Database\Fiber_Process\290_The effect of adding different amount of spinning additives on.pdf,G:\paper\Sorted_Database\Fiber_Process\290_The effect of adding different amount of spinning additives on.pdf,true,0.949,data\markdown\fiber_process\290_The effect of adding different amount of spinning additives on.md,data\markdown\fiber_process\290_The effect of adding different amount of spinning additives on.md,true,34121,exists_ok,data\outputs\fiber_process\290_The effect of adding different amount of spinning additives on,data\outputs\290_The effect of adding different amount of spinning additives on,data\outputs\fiber_process\290_The effect of adding different amount of spinning additives on,category_aware,true,false,false,false,false,markdown_ready,run_stage3_next
fiber_process__293_towata_等_2001_preparation_of_polycrystalline_yagalumina_composite_fibers_and_yag_fiber_by_sol_gel_method,fiber_process,293_Towata 等 - 2001 - Preparation of polycrystalline YAGalumina composite fibers and YAG fiber by sol–gel method,G:\paper\Sorted_Database\Fiber_Process\293_Towata 等 - 2001 - Preparation of polycrystalline YAGalumina composite fibers and YAG fiber by sol–gel method.pdf,G:\paper\Sorted_Database\Fiber_Process\293_Towata 等 - 2001 - Preparation of polycrystalline YAGalumina composite fibers and YAG fiber by sol–gel method.pdf,true,0.195,data\markdown\fiber_process\293_Towata 等 - 2001 - Preparation of polycrystalline YAGalumina composite fibers and YAG fiber by sol–gel method.md,data\markdown\fiber_process\293_Towata 等 - 2001 - Preparation of polycrystalline YAGalumina composite fibers and YAG fiber by sol–gel method.md,true,19047,exists_ok,data\outputs\fiber_process\293_Towata 等 - 2001 - Preparation of polycrystalline YAGalumina composite fibers and YAG fiber by sol–gel method,data\outputs\293_Towata 等 - 2001 - Preparation of polycrystalline YAGalumina composite fibers and YAG fiber by sol–gel method,data\outputs\fiber_process\293_Towata 等 - 2001 - Preparation of polycrystalline YAGalumina composite fibers and YAG fiber by sol–gel method,category_aware,true,false,false,false,false,markdown_ready,run_stage3_next
fiber_process__298_urvanov_等_2021_preparation_of_composite_threads_and_hollow_ceramic_fibers_based_on_carbon_fibre_and_aluminum_oxide,fiber_process,298_Urvanov 等 - 2021 - Preparation of composite threads and hollow ceramic fibers based on carbon fibre and aluminum oxide,G:\paper\Sorted_Database\Fiber_Process\298_Urvanov 等 - 2021 - Preparation of composite threads and hollow ceramic fibers based on carbon fibre and aluminum oxide.pdf,G:\paper\Sorted_Database\Fiber_Process\298_Urvanov 等 - 2021 - Preparation of composite threads and hollow ceramic fibers based on carbon fibre and aluminum oxide.pdf,true,0.775,data\markdown\fiber_process\298_Urvanov 等 - 2021 - Preparation of composite threads and hollow ceramic fibers based on carbon fibre and aluminum oxide.md,data\markdown\fiber_process\298_Urvanov 等 - 2021 - Preparation of composite threads and hollow ceramic fibers based on carbon fibre and aluminum oxide.md,true,22070,exists_ok,data\outputs\fiber_process\298_Urvanov 等 - 2021 - Preparation of composite threads and hollow ceramic fibers based on carbon fibre and aluminum oxide,data\outputs\298_Urvanov 等 - 2021 - Preparation of composite threads and hollow ceramic fibers based on carbon fibre and aluminum oxide,data\outputs\fiber_process\298_Urvanov 等 - 2021 - Preparation of composite threads and hollow ceramic fibers based on carbon fibre and aluminum oxide,category_aware,true,false,false,false,false,markdown_ready,run_stage3_next
fiber_process__299_venkatesh_等_1999_preparation_of_alumina_fibre_mats_by_a_sol_gel_spinning_technique,fiber_process,299_Venkatesh 等 - 1999 - Preparation of alumina fibre mats by a sol–gel spinning technique,G:\paper\Sorted_Database\Fiber_Process\299_Venkatesh 等 - 1999 - Preparation of alumina fibre mats by a sol–gel spinning technique.pdf,G:\paper\Sorted_Database\Fiber_Process\299_Venkatesh 等 - 1999 - Preparation of alumina fibre mats by a sol–gel spinning technique.pdf,true,0.148,data\markdown\fiber_process\299_Venkatesh 等 - 1999 - Preparation of alumina fibre mats by a sol–gel spinning technique.md,data\markdown\fiber_process\299_Venkatesh 等 - 1999 - Preparation of alumina fibre mats by a sol–gel spinning technique.md,true,20425,exists_ok,data\outputs\fiber_process\299_Venkatesh 等 - 1999 - Preparation of alumina fibre mats by a sol–gel spinning technique,data\outputs\299_Venkatesh 等 - 1999 - Preparation of alumina fibre mats by a sol–gel spinning technique,data\outputs\fiber_process\299_Venkatesh 等 - 1999 - Preparation of alumina fibre mats by a sol–gel spinning technique,category_aware,true,false,false,false,false,markdown_ready,run_stage3_next
fiber_process__300_venkatesh和ramanan_2002_influence_of_processing_variables_on_the_microstructure_of_sol_gel_spun_alumina_fibres,fiber_process,300_Venkatesh和Ramanan - 2002 - Influence of processing variables on the microstructure of sol–gel spun alumina fibres,G:\paper\Sorted_Database\Fiber_Process\300_Venkatesh和Ramanan - 2002 - Influence of processing variables on the microstructure of sol–gel spun alumina fibres.pdf,G:\paper\Sorted_Database\Fiber_Process\300_Venkatesh和Ramanan - 2002 - Influence of processing variables on the microstructure of sol–gel spun alumina fibres.pdf,true,0.417,data\markdown\fiber_process\300_Venkatesh和Ramanan - 2002 - Influence of processing variables on the microstructure of sol–gel spun alumina fibres.md,data\markdown\fiber_process\300_Venkatesh和Ramanan - 2002 - Influence of processing variables on the microstructure of sol–gel spun alumina fibres.md,true,22781,exists_ok,data\outputs\fiber_process\300_Venkatesh和Ramanan - 2002 - Influence of processing variables on the microstructure of sol–gel spun alumina fibres,data\outputs\300_Venkatesh和Ramanan - 2002 - Influence of processing variables on the microstructure of sol–gel spun alumina fibres,data\outputs\fiber_process\300_Venkatesh和Ramanan - 2002 - Influence of processing variables on the microstructure of sol–gel spun alumina fibres,category_aware,true,false,false,false,false,markdown_ready,run_stage3_next
fiber_process__304_wang_等_2007_a_novel_sol_gel_synthetic_route_to_alumina_nanofibers_via_aluminum_nitrate_and_hexamethylenetetramin,fiber_process,304_Wang 等 - 2007 - A novel sol–gel synthetic route to alumina nanofibers via aluminum nitrate and hexamethylenetetramin,G:\paper\Sorted_Database\Fiber_Process\304_Wang 等 - 2007 - A novel sol–gel synthetic route to alumina nanofibers via aluminum nitrate and hexamethylenetetramin.pdf,G:\paper\Sorted_Database\Fiber_Process\304_Wang 等 - 2007 - A novel sol–gel synthetic route to alumina nanofibers via aluminum nitrate and hexamethylenetetramin.pdf,true,1.223,data\markdown\fiber_process\304_Wang 等 - 2007 - A novel sol–gel synthetic route to alumina nanofibers via aluminum nitrate and hexamethylenetetramin.md,data\markdown\fiber_process\304_Wang 等 - 2007 - A novel sol–gel synthetic route to alumina nanofibers via aluminum nitrate and hexamethylenetetramin.md,true,17438,exists_ok,data\outputs\fiber_process\304_Wang 等 - 2007 - A novel sol–gel synthetic route to alumina nanofibers via aluminum nitrate and hexamethylenetetramin,data\outputs\304_Wang 等 - 2007 - A novel sol–gel synthetic route to alumina nanofibers via aluminum nitrate and hexamethylenetetramin,data\outputs\fiber_process\304_Wang 等 - 2007 - A novel sol–gel synthetic route to alumina nanofibers via aluminum nitrate and hexamethylenetetramin,category_aware,true,false,false,false,false,markdown_ready,run_stage3_next
fiber_process__309_xie_等_2019_preparation_mechanical_properties_and_diffuse_reflectance_of_yag_continuous_fibers_and_nanofibers,fiber_process,"309_Xie 等 - 2019 - Preparation, mechanical properties, and diffuse reflectance of YAG continuous fibers and nanofibers","G:\paper\Sorted_Database\Fiber_Process\309_Xie 等 - 2019 - Preparation, mechanical properties, and diffuse reflectance of YAG continuous fibers and nanofibers.pdf","G:\paper\Sorted_Database\Fiber_Process\309_Xie 等 - 2019 - Preparation, mechanical properties, and diffuse reflectance of YAG continuous fibers and nanofibers.pdf",true,2.449,"data\markdown\fiber_process\309_Xie 等 - 2019 - Preparation, mechanical properties, and diffuse reflectance of YAG continuous fibers and nanofibers.md","data\markdown\fiber_process\309_Xie 等 - 2019 - Preparation, mechanical properties, and diffuse reflectance of YAG continuous fibers and nanofibers.md",true,43139,exists_ok,"data\outputs\fiber_process\309_Xie 等 - 2019 - Preparation, mechanical properties, and diffuse reflectance of YAG continuous fibers and nanofibers","data\outputs\309_Xie 等 - 2019 - Preparation, mechanical properties, and diffuse reflectance of YAG continuous fibers and nanofibers","data\outputs\fiber_process\309_Xie 等 - 2019 - Preparation, mechanical properties, and diffuse reflectance of YAG continuous fibers and nanofibers",category_aware,true,false,false,false,false,markdown_ready,run_stage3_next
fiber_process__310_xin_等_2024_alumina_fiber_membrane_prepared_by_electrospinning_technology_for_passive_daytime_radiative_cooling,fiber_process,310_Xin 等 - 2024 - Alumina fiber membrane prepared by electrospinning technology for passive daytime radiative cooling,G:\paper\Sorted_Database\Fiber_Process\310_Xin 等 - 2024 - Alumina fiber membrane prepared by electrospinning technology for passive daytime radiative cooling.pdf,G:\paper\Sorted_Database\Fiber_Process\310_Xin 等 - 2024 - Alumina fiber membrane prepared by electrospinning technology for passive daytime radiative cooling.pdf,true,3.481,data\markdown\fiber_process\310_Xin 等 - 2024 - Alumina fiber membrane prepared by electrospinning technology for passive daytime radiative cooling.md,data\markdown\fiber_process\310_Xin 等 - 2024 - Alumina fiber membrane prepared by electrospinning technology for passive daytime radiative cooling.md,true,64378,exists_ok,data\outputs\fiber_process\310_Xin 等 - 2024 - Alumina fiber membrane prepared by electrospinning technology for passive daytime radiative cooling,data\outputs\310_Xin 等 - 2024 - Alumina fiber membrane prepared by electrospinning technology for passive daytime radiative cooling,data\outputs\fiber_process\310_Xin 等 - 2024 - Alumina fiber membrane prepared by electrospinning technology for passive daytime radiative cooling,category_aware,true,false,false,false,false,markdown_ready,run_stage3_next
fiber_process__320_zhang_等_2008_synthesis_and_characterization_of_polyvinyl_butyral_al_no3_3_composite_sol_used_for_alumina_based_fi,fiber_process,320_Zhang 等 - 2008 - Synthesis and characterization of polyvinyl butyral–al(NO3)3 composite sol used for alumina based fi,G:\paper\Sorted_Database\Fiber_Process\320_Zhang 等 - 2008 - Synthesis and characterization of polyvinyl butyral–al(NO3)3 composite sol used for alumina based fi.pdf,G:\paper\Sorted_Database\Fiber_Process\320_Zhang 等 - 2008 - Synthesis and characterization of polyvinyl butyral–al(NO3)3 composite sol used for alumina based fi.pdf,true,0.313,data\markdown\fiber_process\320_Zhang 等 - 2008 - Synthesis and characterization of polyvinyl butyral–al(NO3)3 composite sol used for alumina based fi.md,data\markdown\fiber_process\320_Zhang 等 - 2008 - Synthesis and characterization of polyvinyl butyral–al(NO3)3 composite sol used for alumina based fi.md,true,23242,exists_ok,data\outputs\fiber_process\320_Zhang 等 - 2008 - Synthesis and characterization of polyvinyl butyral–al(NO3)3 composite sol used for alumina based fi,data\outputs\320_Zhang 等 - 2008 - Synthesis and characterization of polyvinyl butyral–al(NO3)3 composite sol used for alumina based fi,data\outputs\fiber_process\320_Zhang 等 - 2008 - Synthesis and characterization of polyvinyl butyral–al(NO3)3 composite sol used for alumina based fi,category_aware,true,false,false,false,false,markdown_ready,run_stage3_next
fiber_process__321_zhang_等_2011_mullite_fibers_prepared_by_sol_gel_method_using_aluminum_chloride_aluminum_isopropoxide_and_tetraeth,fiber_process,321_Zhang 等 - 2011 - Mullite fibers prepared by sol-gel method using aluminum chloride aluminum isopropoxide and tetraeth,G:\paper\Sorted_Database\Fiber_Process\321_Zhang 等 - 2011 - Mullite fibers prepared by sol-gel method using aluminum chloride aluminum isopropoxide and tetraeth.pdf,G:\paper\Sorted_Database\Fiber_Process\321_Zhang 等 - 2011 - Mullite fibers prepared by sol-gel method using aluminum chloride aluminum isopropoxide and tetraeth.pdf,true,0.909,data\markdown\fiber_process\321_Zhang 等 - 2011 - Mullite fibers prepared by sol-gel method using aluminum chloride aluminum isopropoxide and tetraeth.md,data\markdown\fiber_process\321_Zhang 等 - 2011 - Mullite fibers prepared by sol-gel method using aluminum chloride aluminum isopropoxide and tetraeth.md,true,25514,exists_ok,data\outputs\fiber_process\321_Zhang 等 - 2011 - Mullite fibers prepared by sol-gel method using aluminum chloride aluminum isopropoxide and tetraeth,data\outputs\321_Zhang 等 - 2011 - Mullite fibers prepared by sol-gel method using aluminum chloride aluminum isopropoxide and tetraeth,data\outputs\fiber_process\321_Zhang 等 - 2011 - Mullite fibers prepared by sol-gel method using aluminum chloride aluminum isopropoxide and tetraeth,category_aware,true,false,false,false,false,markdown_ready,run_stage3_next
fiber_process__322_zhang_等_2011_synthesis_and_characterisation_of_alumina_fibres_using_organicinorganic_composite_sol,fiber_process,322_Zhang 等 - 2011 - Synthesis and characterisation of alumina fibres using organicinorganic composite sol,G:\paper\Sorted_Database\Fiber_Process\322_Zhang 等 - 2011 - Synthesis and characterisation of alumina fibres using organicinorganic composite sol.pdf,G:\paper\Sorted_Database\Fiber_Process\322_Zhang 等 - 2011 - Synthesis and characterisation of alumina fibres using organicinorganic composite sol.pdf,true,0.103,data\markdown\fiber_process\322_Zhang 等 - 2011 - Synthesis and characterisation of alumina fibres using organicinorganic composite sol.md,data\markdown\fiber_process\322_Zhang 等 - 2011 - Synthesis and characterisation of alumina fibres using organicinorganic composite sol.md,true,19288,exists_ok,data\outputs\fiber_process\322_Zhang 等 - 2011 - Synthesis and characterisation of alumina fibres using organicinorganic composite sol,data\outputs\322_Zhang 等 - 2011 - Synthesis and characterisation of alumina fibres using organicinorganic composite sol,data\outputs\fiber_process\322_Zhang 等 - 2011 - Synthesis and characterisation of alumina fibres using organicinorganic composite sol,category_aware,true,false,false,false,false,markdown_ready,run_stage3_next
fiber_process__323_zhang_等_2013_fabrication_of_electrospun_al2o3_fibers_with_cao_sio2_additive,fiber_process,323_Zhang 等 - 2013 - Fabrication of electrospun Al2O3 fibers with CaO–SiO2 additive,G:\paper\Sorted_Database\Fiber_Process\323_Zhang 等 - 2013 - Fabrication of electrospun Al2O3 fibers with CaO–SiO2 additive.pdf,G:\paper\Sorted_Database\Fiber_Process\323_Zhang 等 - 2013 - Fabrication of electrospun Al2O3 fibers with CaO–SiO2 additive.pdf,true,0.644,data\markdown\fiber_process\323_Zhang 等 - 2013 - Fabrication of electrospun Al2O3 fibers with CaO–SiO2 additive.md,data\markdown\fiber_process\323_Zhang 等 - 2013 - Fabrication of electrospun Al2O3 fibers with CaO–SiO2 additive.md,true,23527,exists_ok,data\outputs\fiber_process\323_Zhang 等 - 2013 - Fabrication of electrospun Al2O3 fibers with CaO–SiO2 additive,data\outputs\323_Zhang 等 - 2013 - Fabrication of electrospun Al2O3 fibers with CaO–SiO2 additive,data\outputs\fiber_process\323_Zhang 等 - 2013 - Fabrication of electrospun Al2O3 fibers with CaO–SiO2 additive,category_aware,true,false,false,false,false,markdown_ready,run_stage3_next
fiber_process__325_zhang_等_2014_synthesis_and_characterization_of_sol_gel_derived_continuous_spinning_alumina_based_fibers_with_sili,fiber_process,325_Zhang 等 - 2014 - Synthesis and characterization of sol–gel derived continuous spinning alumina based fibers with sili,G:\paper\Sorted_Database\Fiber_Process\325_Zhang 等 - 2014 - Synthesis and characterization of sol–gel derived continuous spinning alumina based fibers with sili.pdf,G:\paper\Sorted_Database\Fiber_Process\325_Zhang 等 - 2014 - Synthesis and characterization of sol–gel derived continuous spinning alumina based fibers with sili.pdf,true,2.73,data\markdown\fiber_process\325_Zhang 等 - 2014 - Synthesis and characterization of sol–gel derived continuous spinning alumina based fibers with sili.md,data\markdown\fiber_process\325_Zhang 等 - 2014 - Synthesis and characterization of sol–gel derived continuous spinning alumina based fibers with sili.md,true,47217,exists_ok,data\outputs\fiber_process\325_Zhang 等 - 2014 - Synthesis and characterization of sol–gel derived continuous spinning alumina based fibers with sili,data\outputs\325_Zhang 等 - 2014 - Synthesis and characterization of sol–gel derived continuous spinning alumina based fibers with sili,data\outputs\fiber_process\325_Zhang 等 - 2014 - Synthesis and characterization of sol–gel derived continuous spinning alumina based fibers with sili,category_aware,true,false,false,false,false,markdown_ready,run_stage3_next
fiber_process__326_zhang_等_2015_preparation_and_characterization_of_continuous_alumina_based_fiber_reinforced_with_orientated_mullit,fiber_process,326_Zhang 等 - 2015 - Preparation and characterization of continuous alumina based fiber reinforced with orientated mullit,G:\paper\Sorted_Database\Fiber_Process\326_Zhang 等 - 2015 - Preparation and characterization of continuous alumina based fiber reinforced with orientated mullit.pdf,G:\paper\Sorted_Database\Fiber_Process\326_Zhang 等 - 2015 - Preparation and characterization of continuous alumina based fiber reinforced with orientated mullit.pdf,true,1.993,data\markdown\fiber_process\326_Zhang 等 - 2015 - Preparation and characterization of continuous alumina based fiber reinforced with orientated mullit.md,data\markdown\fiber_process\326_Zhang 等 - 2015 - Preparation and characterization of continuous alumina based fiber reinforced with orientated mullit.md,true,45405,exists_ok,data\outputs\fiber_process\326_Zhang 等 - 2015 - Preparation and characterization of continuous alumina based fiber reinforced with orientated mullit,data\outputs\326_Zhang 等 - 2015 - Preparation and characterization of continuous alumina based fiber reinforced with orientated mullit,data\outputs\fiber_process\326_Zhang 等 - 2015 - Preparation and characterization of continuous alumina based fiber reinforced with orientated mullit,category_aware,true,false,false,false,false,markdown_ready,run_stage3_next
fiber_process__327_zhang_等_2016_fabrication_of_flexible_and_amphiphobic_alumina_mats_by_electrospinning,fiber_process,327_Zhang 等 - 2016 - Fabrication of flexible and amphiphobic alumina mats by electrospinning,G:\paper\Sorted_Database\Fiber_Process\327_Zhang 等 - 2016 - Fabrication of flexible and amphiphobic alumina mats by electrospinning.pdf,G:\paper\Sorted_Database\Fiber_Process\327_Zhang 等 - 2016 - Fabrication of flexible and amphiphobic alumina mats by electrospinning.pdf,true,1.066,data\markdown\fiber_process\327_Zhang 等 - 2016 - Fabrication of flexible and amphiphobic alumina mats by electrospinning.md,data\markdown\fiber_process\327_Zhang 等 - 2016 - Fabrication of flexible and amphiphobic alumina mats by electrospinning.md,true,31678,exists_ok,data\outputs\fiber_process\327_Zhang 等 - 2016 - Fabrication of flexible and amphiphobic alumina mats by electrospinning,data\outputs\327_Zhang 等 - 2016 - Fabrication of flexible and amphiphobic alumina mats by electrospinning,data\outputs\fiber_process\327_Zhang 等 - 2016 - Fabrication of flexible and amphiphobic alumina mats by electrospinning,category_aware,true,false,false,false,false,markdown_ready,run_stage3_next
fiber_process__336_ádám_等_2023_sol_gel_derived_porous_aluminum_oxide_cryogel_fiber_composite_systems,fiber_process,336_Ádám 等 - 2023 - Sol-gel derived porous aluminum oxide cryogel – fiber composite systems,G:\paper\Sorted_Database\Fiber_Process\336_Ádám 等 - 2023 - Sol-gel derived porous aluminum oxide cryogel – fiber composite systems.pdf,G:\paper\Sorted_Database\Fiber_Process\336_Ádám 等 - 2023 - Sol-gel derived porous aluminum oxide cryogel – fiber composite systems.pdf,true,2.709,data\markdown\fiber_process\336_Ádám 等 - 2023 - Sol-gel derived porous aluminum oxide cryogel – fiber composite systems.md,data\markdown\fiber_process\336_Ádám 等 - 2023 - Sol-gel derived porous aluminum oxide cryogel – fiber composite systems.md,true,52008,exists_ok,data\outputs\fiber_process\336_Ádám 等 - 2023 - Sol-gel derived porous aluminum oxide cryogel – fiber composite systems,data\outputs\336_Ádám 等 - 2023 - Sol-gel derived porous aluminum oxide cryogel – fiber composite systems,data\outputs\fiber_process\336_Ádám 等 - 2023 - Sol-gel derived porous aluminum oxide cryogel – fiber composite systems,category_aware,true,false,false,false,false,markdown_ready,run_stage3_next
fiber_process__337_al_2o_3_sio_2_b_2o_3连续纤维的制备及力学性能_贾玉娜_1,fiber_process,337_Al_2O_3-SiO_2-B_2O_3连续纤维的制备及力学性能_贾玉娜 (1),G:\paper\Sorted_Database\Fiber_Process\337_Al_2O_3-SiO_2-B_2O_3连续纤维的制备及力学性能_贾玉娜 (1).pdf,G:\paper\Sorted_Database\Fiber_Process\337_Al_2O_3-SiO_2-B_2O_3连续纤维的制备及力学性能_贾玉娜 (1).pdf,true,0.377,data\markdown\fiber_process\337_Al_2O_3-SiO_2-B_2O_3连续纤维的制备及力学性能_贾玉娜 (1).md,data\markdown\fiber_process\337_Al_2O_3-SiO_2-B_2O_3连续纤维的制备及力学性能_贾玉娜 (1).md,true,16373,exists_ok,data\outputs\fiber_process\337_Al_2O_3-SiO_2-B_2O_3连续纤维的制备及力学性能_贾玉娜 (1),data\outputs\337_Al_2O_3-SiO_2-B_2O_3连续纤维的制备及力学性能_贾玉娜 (1),data\outputs\fiber_process\337_Al_2O_3-SiO_2-B_2O_3连续纤维的制备及力学性能_贾玉娜 (1),category_aware,true,false,false,false,false,markdown_ready,run_stage3_next
fiber_process__338_以离子液体为铝源和模板合成氧化铝纳米纤维,fiber_process,338_以离子液体为铝源和模板合成氧化铝纳米纤维,G:\paper\Sorted_Database\Fiber_Process\338_以离子液体为铝源和模板合成氧化铝纳米纤维.pdf,G:\paper\Sorted_Database\Fiber_Process\338_以离子液体为铝源和模板合成氧化铝纳米纤维.pdf,true,4.366,data\markdown\fiber_process\338_以离子液体为铝源和模板合成氧化铝纳米纤维.md,data\markdown\fiber_process\338_以离子液体为铝源和模板合成氧化铝纳米纤维.md,true,10617,exists_ok,data\outputs\fiber_process\338_以离子液体为铝源和模板合成氧化铝纳米纤维,data\outputs\338_以离子液体为铝源和模板合成氧化铝纳米纤维,data\outputs\fiber_process\338_以离子液体为铝源和模板合成氧化铝纳米纤维,category_aware,true,false,false,false,false,markdown_ready,run_stage3_next
fiber_process__340_high_temperature_ceramic_matrix_composites_8_2014_zhang_suppression_of_al2o3_formation_from_alumina_gel_fibers_by,fiber_process,340_High Temperature Ceramic Matrix Composites 8 - 2014 - Zhang - Suppression of  ‐Al2O3 Formation from Alumina GEL Fibers by,G:\paper\Sorted_Database\Fiber_Process\340_High Temperature Ceramic Matrix Composites 8 - 2014 - Zhang - Suppression of  ‐Al2O3 Formation from Alumina GEL Fibers by.pdf,G:\paper\Sorted_Database\Fiber_Process\340_High Temperature Ceramic Matrix Composites 8 - 2014 - Zhang - Suppression of  ‐Al2O3 Formation from Alumina GEL Fibers by.pdf,true,0.692,data\markdown\fiber_process\340_High Temperature Ceramic Matrix Composites 8 - 2014 - Zhang - Suppression of  ‐Al2O3 Formation from Alumina GEL Fibers by.md,data\markdown\fiber_process\340_High Temperature Ceramic Matrix Composites 8 - 2014 - Zhang - Suppression of  ‐Al2O3 Formation from Alumina GEL Fibers by.md,true,32286,exists_ok,data\outputs\fiber_process\340_High Temperature Ceramic Matrix Composites 8 - 2014 - Zhang - Suppression of  ‐Al2O3 Formation from Alumina GEL Fibers by,data\outputs\340_High Temperature Ceramic Matrix Composites 8 - 2014 - Zhang - Suppression of  ‐Al2O3 Formation from Alumina GEL Fibers by,data\outputs\fiber_process\340_High Temperature Ceramic Matrix Composites 8 - 2014 - Zhang - Suppression of  ‐Al2O3 Formation from Alumina GEL Fibers by,category_aware,true,false,false,false,false,markdown_ready,run_stage3_next
mechanism__001_al_2o_3_sio_2系透明溶胶的制备及溶胶特性_徐明霞,mechanism,001_Al_2O_3－SiO_2系透明溶胶的制备及溶胶特性_徐明霞,G:\paper\Sorted_Database\Mechanism\001_Al_2O_3－SiO_2系透明溶胶的制备及溶胶特性_徐明霞.pdf,G:\paper\Sorted_Database\Mechanism\001_Al_2O_3－SiO_2系透明溶胶的制备及溶胶特性_徐明霞.pdf,true,0.488,data\markdown\mechanism\001_Al_2O_3－SiO_2系透明溶胶的制备及溶胶特性_徐明霞.md,data\markdown\mechanism\001_Al_2O_3－SiO_2系透明溶胶的制备及溶胶特性_徐明霞.md,true,8672,exists_ok,data\outputs\mechanism\001_Al_2O_3－SiO_2系透明溶胶的制备及溶胶特性_徐明霞,data\outputs\001_Al_2O_3－SiO_2系透明溶胶的制备及溶胶特性_徐明霞,data\outputs\mechanism\001_Al_2O_3－SiO_2系透明溶胶的制备及溶胶特性_徐明霞,category_aware,true,false,false,false,false,markdown_ready,run_stage3_next
mechanism__008_前驱体铝溶胶中的水解和聚合反应的机理研究,mechanism,008_前驱体铝溶胶中的水解和聚合反应的机理研究,G:\paper\Sorted_Database\Mechanism\008_前驱体铝溶胶中的水解和聚合反应的机理研究.pdf,G:\paper\Sorted_Database\Mechanism\008_前驱体铝溶胶中的水解和聚合反应的机理研究.pdf,true,12.102,data\markdown\mechanism\008_前驱体铝溶胶中的水解和聚合反应的机理研究.md,data\markdown\mechanism\008_前驱体铝溶胶中的水解和聚合反应的机理研究.md,true,150437,exists_ok,data\outputs\mechanism\008_前驱体铝溶胶中的水解和聚合反应的机理研究,data\outputs\008_前驱体铝溶胶中的水解和聚合反应的机理研究,data\outputs\mechanism\008_前驱体铝溶胶中的水解和聚合反应的机理研究,category_aware,true,false,false,false,false,markdown_ready,run_stage3_next
mechanism__017_小角x射线散射技术对铝_硅及聚合物溶胶_凝胶分形结构的探索,mechanism,017_小角X射线散射技术对铝、硅及聚合物溶胶-凝胶分形结构的探索,G:\paper\Sorted_Database\Mechanism\017_小角X射线散射技术对铝、硅及聚合物溶胶-凝胶分形结构的探索.pdf,G:\paper\Sorted_Database\Mechanism\017_小角X射线散射技术对铝、硅及聚合物溶胶-凝胶分形结构的探索.pdf,true,3.136,data\markdown\mechanism\017_小角X射线散射技术对铝、硅及聚合物溶胶-凝胶分形结构的探索.md,data\markdown\mechanism\017_小角X射线散射技术对铝、硅及聚合物溶胶-凝胶分形结构的探索.md,true,115549,exists_ok,data\outputs\mechanism\017_小角X射线散射技术对铝、硅及聚合物溶胶-凝胶分形结构的探索,data\outputs\017_小角X射线散射技术对铝、硅及聚合物溶胶-凝胶分形结构的探索,data\outputs\mechanism\017_小角X射线散射技术对铝、硅及聚合物溶胶-凝胶分形结构的探索,category_aware,true,false,false,false,false,markdown_ready,run_stage3_next
mechanism__020_拟薄水铝石中水的存在形式及对其溶胶性能的影响,mechanism,020_拟薄水铝石中水的存在形式及对其溶胶性能的影响,G:\paper\Sorted_Database\Mechanism\020_拟薄水铝石中水的存在形式及对其溶胶性能的影响.pdf,G:\paper\Sorted_Database\Mechanism\020_拟薄水铝石中水的存在形式及对其溶胶性能的影响.pdf,true,0.263,data\markdown\mechanism\020_拟薄水铝石中水的存在形式及对其溶胶性能的影响.md,data\markdown\mechanism\020_拟薄水铝石中水的存在形式及对其溶胶性能的影响.md,true,6712,exists_ok,data\outputs\mechanism\020_拟薄水铝石中水的存在形式及对其溶胶性能的影响,data\outputs\020_拟薄水铝石中水的存在形式及对其溶胶性能的影响,data\outputs\mechanism\020_拟薄水铝石中水的存在形式及对其溶胶性能的影响,category_aware,true,false,false,false,false,markdown_ready,run_stage3_next
mechanism__021_拟薄水铝石溶胶_凝胶过程的影响因素研究,mechanism,021_拟薄水铝石溶胶—凝胶过程的影响因素研究,G:\paper\Sorted_Database\Mechanism\021_拟薄水铝石溶胶—凝胶过程的影响因素研究.pdf,G:\paper\Sorted_Database\Mechanism\021_拟薄水铝石溶胶—凝胶过程的影响因素研究.pdf,true,0.406,data\markdown\mechanism\021_拟薄水铝石溶胶—凝胶过程的影响因素研究.md,data\markdown\mechanism\021_拟薄水铝石溶胶—凝胶过程的影响因素研究.md,true,6219,exists_ok,data\outputs\mechanism\021_拟薄水铝石溶胶—凝胶过程的影响因素研究,data\outputs\021_拟薄水铝石溶胶—凝胶过程的影响因素研究,data\outputs\mechanism\021_拟薄水铝石溶胶—凝胶过程的影响因素研究,category_aware,true,false,false,false,false,markdown_ready,run_stage3_next
mechanism__023_拟薄水铝石胶溶机理的探究,mechanism,023_拟薄水铝石胶溶机理的探究,G:\paper\Sorted_Database\Mechanism\023_拟薄水铝石胶溶机理的探究.pdf,G:\paper\Sorted_Database\Mechanism\023_拟薄水铝石胶溶机理的探究.pdf,true,0.82,data\markdown\mechanism\023_拟薄水铝石胶溶机理的探究.md,data\markdown\mechanism\023_拟薄水铝石胶溶机理的探究.md,true,11789,exists_ok,data\outputs\mechanism\023_拟薄水铝石胶溶机理的探究,data\outputs\023_拟薄水铝石胶溶机理的探究,data\outputs\mechanism\023_拟薄水铝石胶溶机理的探究,category_aware,true,false,false,false,false,markdown_ready,run_stage3_next
mechanism__024_拟薄水铝石胶溶过程参数及胶团结构,mechanism,024_拟薄水铝石胶溶过程参数及胶团结构,G:\paper\Sorted_Database\Mechanism\024_拟薄水铝石胶溶过程参数及胶团结构.pdf,G:\paper\Sorted_Database\Mechanism\024_拟薄水铝石胶溶过程参数及胶团结构.pdf,true,0.381,data\markdown\mechanism\024_拟薄水铝石胶溶过程参数及胶团结构.md,data\markdown\mechanism\024_拟薄水铝石胶溶过程参数及胶团结构.md,true,12239,exists_ok,data\outputs\mechanism\024_拟薄水铝石胶溶过程参数及胶团结构,data\outputs\024_拟薄水铝石胶溶过程参数及胶团结构,data\outputs\mechanism\024_拟薄水铝石胶溶过程参数及胶团结构,category_aware,true,false,false,false,false,markdown_ready,run_stage3_next
mechanism__025_拟薄水铝石胶溶过程研究,mechanism,025_拟薄水铝石胶溶过程研究,G:\paper\Sorted_Database\Mechanism\025_拟薄水铝石胶溶过程研究.pdf,G:\paper\Sorted_Database\Mechanism\025_拟薄水铝石胶溶过程研究.pdf,true,0.351,data\markdown\mechanism\025_拟薄水铝石胶溶过程研究.md,data\markdown\mechanism\025_拟薄水铝石胶溶过程研究.md,true,11512,exists_ok,data\outputs\mechanism\025_拟薄水铝石胶溶过程研究,data\outputs\025_拟薄水铝石胶溶过程研究,data\outputs\mechanism\025_拟薄水铝石胶溶过程研究,category_aware,true,false,false,false,false,markdown_ready,run_stage3_next
mechanism__026_拟薄水铝石胶溶过程规律及微结构分析,mechanism,026_拟薄水铝石胶溶过程规律及微结构分析,G:\paper\Sorted_Database\Mechanism\026_拟薄水铝石胶溶过程规律及微结构分析.pdf,G:\paper\Sorted_Database\Mechanism\026_拟薄水铝石胶溶过程规律及微结构分析.pdf,true,0.422,data\markdown\mechanism\026_拟薄水铝石胶溶过程规律及微结构分析.md,data\markdown\mechanism\026_拟薄水铝石胶溶过程规律及微结构分析.md,true,8862,exists_ok,data\outputs\mechanism\026_拟薄水铝石胶溶过程规律及微结构分析,data\outputs\026_拟薄水铝石胶溶过程规律及微结构分析,data\outputs\mechanism\026_拟薄水铝石胶溶过程规律及微结构分析,category_aware,true,false,false,false,false,markdown_ready,run_stage3_next
mechanism__027_拟薄水铝石酸化胶溶过程中溶胶粒径的变化,mechanism,027_拟薄水铝石酸化胶溶过程中溶胶粒径的变化,G:\paper\Sorted_Database\Mechanism\027_拟薄水铝石酸化胶溶过程中溶胶粒径的变化.pdf,G:\paper\Sorted_Database\Mechanism\027_拟薄水铝石酸化胶溶过程中溶胶粒径的变化.pdf,true,0.894,data\markdown\mechanism\027_拟薄水铝石酸化胶溶过程中溶胶粒径的变化.md,data\markdown\mechanism\027_拟薄水铝石酸化胶溶过程中溶胶粒径的变化.md,true,8396,exists_ok,data\outputs\mechanism\027_拟薄水铝石酸化胶溶过程中溶胶粒径的变化,data\outputs\027_拟薄水铝石酸化胶溶过程中溶胶粒径的变化,data\outputs\mechanism\027_拟薄水铝石酸化胶溶过程中溶胶粒径的变化,category_aware,true,false,false,false,false,markdown_ready,run_stage3_next
mechanism__047_溶胶_凝胶法制备超滤al_2o_3膜的研究i勃姆石溶胶的制备_周健儿,mechanism,047_溶胶—凝胶法制备超滤Al_2O_3膜的研究I勃姆石溶胶的制备_周健儿,G:\paper\Sorted_Database\Mechanism\047_溶胶—凝胶法制备超滤Al_2O_3膜的研究I勃姆石溶胶的制备_周健儿.pdf,G:\paper\Sorted_Database\Mechanism\047_溶胶—凝胶法制备超滤Al_2O_3膜的研究I勃姆石溶胶的制备_周健儿.pdf,true,0.274,data\markdown\mechanism\047_溶胶—凝胶法制备超滤Al_2O_3膜的研究I勃姆石溶胶的制备_周健儿.md,data\markdown\mechanism\047_溶胶—凝胶法制备超滤Al_2O_3膜的研究I勃姆石溶胶的制备_周健儿.md,true,11519,exists_ok,data\outputs\mechanism\047_溶胶—凝胶法制备超滤Al_2O_3膜的研究I勃姆石溶胶的制备_周健儿,data\outputs\047_溶胶—凝胶法制备超滤Al_2O_3膜的研究I勃姆石溶胶的制备_周健儿,data\outputs\mechanism\047_溶胶—凝胶法制备超滤Al_2O_3膜的研究I勃姆石溶胶的制备_周健儿,category_aware,true,false,false,false,false,markdown_ready,run_stage3_next
mechanism__053_纤维用铝溶胶前驱体的制备及表征,mechanism,053_纤维用铝溶胶前驱体的制备及表征,G:\paper\Sorted_Database\Mechanism\053_纤维用铝溶胶前驱体的制备及表征.pdf,G:\paper\Sorted_Database\Mechanism\053_纤维用铝溶胶前驱体的制备及表征.pdf,true,8.228,data\markdown\mechanism\053_纤维用铝溶胶前驱体的制备及表征.md,data\markdown\mechanism\053_纤维用铝溶胶前驱体的制备及表征.md,true,102113,exists_ok,data\outputs\mechanism\053_纤维用铝溶胶前驱体的制备及表征,data\outputs\053_纤维用铝溶胶前驱体的制备及表征,data\outputs\mechanism\053_纤维用铝溶胶前驱体的制备及表征,category_aware,true,false,false,false,false,markdown_ready,run_stage3_next
mechanism__066_铝离子水解及铝低聚物形成的密度泛函理论研究,mechanism,066_铝离子水解及铝低聚物形成的密度泛函理论研究,G:\paper\Sorted_Database\Mechanism\066_铝离子水解及铝低聚物形成的密度泛函理论研究.pdf,G:\paper\Sorted_Database\Mechanism\066_铝离子水解及铝低聚物形成的密度泛函理论研究.pdf,true,6.828,data\markdown\mechanism\066_铝离子水解及铝低聚物形成的密度泛函理论研究.md,data\markdown\mechanism\066_铝离子水解及铝低聚物形成的密度泛函理论研究.md,true,89923,exists_ok,data\outputs\mechanism\066_铝离子水解及铝低聚物形成的密度泛函理论研究,data\outputs\066_铝离子水解及铝低聚物形成的密度泛函理论研究,data\outputs\mechanism\066_铝离子水解及铝低聚物形成的密度泛函理论研究,category_aware,true,false,false,false,false,markdown_ready,run_stage3_next
mechanism__070_2002_equilibrium_and_structural_studies_of_silicon_iv_and_aluminum_iii_in_aqueous_solution_21_a_potentiometric_and,mechanism,070_2002-equilibrium-and-structural-studies-of-silicon(iv)-and-aluminum(iii)-in-aqueous-solution-21-a-potentiometric-and,G:\paper\Sorted_Database\Mechanism\070_2002-equilibrium-and-structural-studies-of-silicon(iv)-and-aluminum(iii)-in-aqueous-solution-21-a-potentiometric-and.pdf,G:\paper\Sorted_Database\Mechanism\070_2002-equilibrium-and-structural-studies-of-silicon(iv)-and-aluminum(iii)-in-aqueous-solution-21-a-potentiometric-and.pdf,true,1.368,data\markdown\mechanism\070_2002-equilibrium-and-structural-studies-of-silicon(iv)-and-aluminum(iii)-in-aqueous-solution-21-a-potentiometric-and.md,data\markdown\mechanism\070_2002-equilibrium-and-structural-studies-of-silicon(iv)-and-aluminum(iii)-in-aqueous-solution-21-a-potentiometric-and.md,true,27960,exists_ok,data\outputs\mechanism\070_2002-equilibrium-and-structural-studies-of-silicon(iv)-and-aluminum(iii)-in-aqueous-solution-21-a-potentiometric-and,data\outputs\070_2002-equilibrium-and-structural-studies-of-silicon(iv)-and-aluminum(iii)-in-aqueous-solution-21-a-potentiometric-and,data\outputs\mechanism\070_2002-equilibrium-and-structural-studies-of-silicon(iv)-and-aluminum(iii)-in-aqueous-solution-21-a-potentiometric-and,category_aware,true,false,false,false,false,markdown_ready,run_stage3_next
mechanism__071_ab_initio_molecular_dynamics_simulations_of_aluminum_ion_solvation_in_water_clusters,mechanism,071_Ab initio molecular dynamics simulations of aluminum ion solvation in water clusters,G:\paper\Sorted_Database\Mechanism\071_Ab initio molecular dynamics simulations of aluminum ion solvation in water clusters.pdf,G:\paper\Sorted_Database\Mechanism\071_Ab initio molecular dynamics simulations of aluminum ion solvation in water clusters.pdf,true,0.18,data\markdown\mechanism\071_Ab initio molecular dynamics simulations of aluminum ion solvation in water clusters.md,data\markdown\mechanism\071_Ab initio molecular dynamics simulations of aluminum ion solvation in water clusters.md,true,26172,exists_ok,data\outputs\mechanism\071_Ab initio molecular dynamics simulations of aluminum ion solvation in water clusters,data\outputs\071_Ab initio molecular dynamics simulations of aluminum ion solvation in water clusters,data\outputs\mechanism\071_Ab initio molecular dynamics simulations of aluminum ion solvation in water clusters,category_aware,true,false,false,false,false,markdown_ready,run_stage3_next
mechanism__073_abeysinghe_等_2012_crystallization_of_keggin_type_polyaluminum_species_by_supramolecular_interactions_with_disulfonate,mechanism,073_Abeysinghe 等 - 2012 - Crystallization of keggin-type polyaluminum species by supramolecular interactions with disulfonate,G:\paper\Sorted_Database\Mechanism\073_Abeysinghe 等 - 2012 - Crystallization of keggin-type polyaluminum species by supramolecular interactions with disulfonate.pdf,G:\paper\Sorted_Database\Mechanism\073_Abeysinghe 等 - 2012 - Crystallization of keggin-type polyaluminum species by supramolecular interactions with disulfonate.pdf,true,3.671,data\markdown\mechanism\073_Abeysinghe 等 - 2012 - Crystallization of keggin-type polyaluminum species by supramolecular interactions with disulfonate.md,data\markdown\mechanism\073_Abeysinghe 等 - 2012 - Crystallization of keggin-type polyaluminum species by supramolecular interactions with disulfonate.md,true,49236,exists_ok,data\outputs\mechanism\073_Abeysinghe 等 - 2012 - Crystallization of keggin-type polyaluminum species by supramolecular interactions with disulfonate,data\outputs\073_Abeysinghe 等 - 2012 - Crystallization of keggin-type polyaluminum species by supramolecular interactions with disulfonate,data\outputs\mechanism\073_Abeysinghe 等 - 2012 - Crystallization of keggin-type polyaluminum species by supramolecular interactions with disulfonate,category_aware,true,false,false,false,false,markdown_ready,run_stage3_next
mechanism__074_abeysinghe_等_2013_surface_modification_of_al30_keggin_type_polyaluminum_molecular_clusters,mechanism,074_Abeysinghe 等 - 2013 - Surface modification of Al30 keggin-type polyaluminum molecular clusters,G:\paper\Sorted_Database\Mechanism\074_Abeysinghe 等 - 2013 - Surface modification of Al30 keggin-type polyaluminum molecular clusters.pdf,G:\paper\Sorted_Database\Mechanism\074_Abeysinghe 等 - 2013 - Surface modification of Al30 keggin-type polyaluminum molecular clusters.pdf,true,1.105,data\markdown\mechanism\074_Abeysinghe 等 - 2013 - Surface modification of Al30 keggin-type polyaluminum molecular clusters.md,data\markdown\mechanism\074_Abeysinghe 等 - 2013 - Surface modification of Al30 keggin-type polyaluminum molecular clusters.md,true,52242,exists_ok,data\outputs\mechanism\074_Abeysinghe 等 - 2013 - Surface modification of Al30 keggin-type polyaluminum molecular clusters,data\outputs\074_Abeysinghe 等 - 2013 - Surface modification of Al30 keggin-type polyaluminum molecular clusters,data\outputs\mechanism\074_Abeysinghe 等 - 2013 - Surface modification of Al30 keggin-type polyaluminum molecular clusters,category_aware,true,false,false,false,false,markdown_ready,run_stage3_next
mechanism__075_achilli_等_1991_aluminium_speciation_in_aqueous_solutions,mechanism,075_Achilli 等 - 1991 - Aluminium speciation in aqueous solutions,G:\paper\Sorted_Database\Mechanism\075_Achilli 等 - 1991 - Aluminium speciation in aqueous solutions.pdf,G:\paper\Sorted_Database\Mechanism\075_Achilli 等 - 1991 - Aluminium speciation in aqueous solutions.pdf,true,0.532,data\markdown\mechanism\075_Achilli 等 - 1991 - Aluminium speciation in aqueous solutions.md,data\markdown\mechanism\075_Achilli 等 - 1991 - Aluminium speciation in aqueous solutions.md,true,22650,exists_ok,data\outputs\mechanism\075_Achilli 等 - 1991 - Aluminium speciation in aqueous solutions,data\outputs\075_Achilli 等 - 1991 - Aluminium speciation in aqueous solutions,data\outputs\mechanism\075_Achilli 等 - 1991 - Aluminium speciation in aqueous solutions,category_aware,true,false,false,false,false,markdown_ready,run_stage3_next
mechanism__076_acosta_等_1994_preparation_of_alumina_gels_by_a_non_hydrolytic_sol_gel_processing_method,mechanism,076_Acosta 等 - 1994 - Preparation of alumina gels by a non-hydrolytic sol-gel processing method,G:\paper\Sorted_Database\Mechanism\076_Acosta 等 - 1994 - Preparation of alumina gels by a non-hydrolytic sol-gel processing method.pdf,G:\paper\Sorted_Database\Mechanism\076_Acosta 等 - 1994 - Preparation of alumina gels by a non-hydrolytic sol-gel processing method.pdf,true,0.552,data\markdown\mechanism\076_Acosta 等 - 1994 - Preparation of alumina gels by a non-hydrolytic sol-gel processing method.md,data\markdown\mechanism\076_Acosta 等 - 1994 - Preparation of alumina gels by a non-hydrolytic sol-gel processing method.md,true,31352,exists_ok,data\outputs\mechanism\076_Acosta 等 - 1994 - Preparation of alumina gels by a non-hydrolytic sol-gel processing method,data\outputs\076_Acosta 等 - 1994 - Preparation of alumina gels by a non-hydrolytic sol-gel processing method,data\outputs\mechanism\076_Acosta 等 - 1994 - Preparation of alumina gels by a non-hydrolytic sol-gel processing method,category_aware,true,false,false,false,false,markdown_ready,run_stage3_next
mechanism__078_akitt_等_1989_multinuclear_magnetic_resonance_studies_of_the_hydrolysis_of_aluminium_iii_part_10_proton_carbon,mechanism,"078_Akitt 等 - 1989 - Multinuclear magnetic resonance studies of the hydrolysis of aluminium(III). Part 10. Proton, carbon","G:\paper\Sorted_Database\Mechanism\078_Akitt 等 - 1989 - Multinuclear magnetic resonance studies of the hydrolysis of aluminium(III). Part 10. Proton, carbon.pdf","G:\paper\Sorted_Database\Mechanism\078_Akitt 等 - 1989 - Multinuclear magnetic resonance studies of the hydrolysis of aluminium(III). Part 10. Proton, carbon.pdf",true,0.555,"data\markdown\mechanism\078_Akitt 等 - 1989 - Multinuclear magnetic resonance studies of the hydrolysis of aluminium(III). Part 10. Proton, carbon.md","data\markdown\mechanism\078_Akitt 等 - 1989 - Multinuclear magnetic resonance studies of the hydrolysis of aluminium(III). Part 10. Proton, carbon.md",true,23965,exists_ok,"data\outputs\mechanism\078_Akitt 等 - 1989 - Multinuclear magnetic resonance studies of the hydrolysis of aluminium(III). Part 10. Proton, carbon","data\outputs\078_Akitt 等 - 1989 - Multinuclear magnetic resonance studies of the hydrolysis of aluminium(III). Part 10. Proton, carbon","data\outputs\mechanism\078_Akitt 等 - 1989 - Multinuclear magnetic resonance studies of the hydrolysis of aluminium(III). Part 10. Proton, carbon",category_aware,true,false,false,false,false,markdown_ready,run_stage3_next
mechanism__079_aluminum_monomer_line_broadening_as_evidence_for_the_existence_of_aloh_2_and_al_oh_2_during_forced_hydrolysis_a_al_27_nuclear_magnetic_resonance_studytheokloprogge1993,mechanism,079_ALUMINUM MONOMER LINE-BROADENING AS EVIDENCE FOR THE EXISTENCE OF [ALOH]2+ AND [AL(OH)2]+ DURING FORCED HYDROLYSIS - A AL-27 NUCLEAR-MAGNETIC-RESONANCE STUDYtheokloprogge1993,G:\paper\Sorted_Database\Mechanism\079_ALUMINUM MONOMER LINE-BROADENING AS EVIDENCE FOR THE EXISTENCE OF [ALOH]2+ AND [AL(OH)2]+ DURING FORCED HYDROLYSIS - A AL-27 NUCLEAR-MAGNETIC-RESONANCE STUDYtheokloprogge1993.pdf,G:\paper\Sorted_Database\Mechanism\079_ALUMINUM MONOMER LINE-BROADENING AS EVIDENCE FOR THE EXISTENCE OF [ALOH]2+ AND [AL(OH)2]+ DURING FORCED HYDROLYSIS - A AL-27 NUCLEAR-MAGNETIC-RESONANCE STUDYtheokloprogge1993.pdf,true,0.336,data\markdown\mechanism\079_ALUMINUM MONOMER LINE-BROADENING AS EVIDENCE FOR THE EXISTENCE OF [ALOH]2+ AND [AL(OH)2]+ DURING FORCED HYDROLYSIS - A AL-27 NUCLEAR-MAGNETIC-RESONANCE STUDYtheokloprogge1993.md,data\markdown\mechanism\079_ALUMINUM MONOMER LINE-BROADENING AS EVIDENCE FOR THE EXISTENCE OF [ALOH]2+ AND [AL(OH)2]+ DURING FORCED HYDROLYSIS - A AL-27 NUCLEAR-MAGNETIC-RESONANCE STUDYtheokloprogge1993.md,true,20945,exists_ok,data\outputs\mechanism\079_ALUMINUM MONOMER LINE-BROADENING AS EVIDENCE FOR THE EXISTENCE OF [ALOH]2+ AND [AL(OH)2]+ DURING FORCED HYDROLYSIS - A AL-27 NUCLEAR-MAGNETIC-RESONANCE STUDYtheokloprogge1993,data\outputs\079_ALUMINUM MONOMER LINE-BROADENING AS EVIDENCE FOR THE EXISTENCE OF [ALOH]2+ AND [AL(OH)2]+ DURING FORCED HYDROLYSIS - A AL-27 NUCLEAR-MAGNETIC-RESONANCE STUDYtheokloprogge1993,data\outputs\mechanism\079_ALUMINUM MONOMER LINE-BROADENING AS EVIDENCE FOR THE EXISTENCE OF [ALOH]2+ AND [AL(OH)2]+ DURING FORCED HYDROLYSIS - A AL-27 NUCLEAR-MAGNETIC-RESONANCE STUDYtheokloprogge1993,category_aware,true,false,false,false,false,markdown_ready,run_stage3_next
mechanism__080_alves_等_2005_the_effects_of_ph_on_the_preparation_of_alumina_by_sol_gel_process,mechanism,080_Alves 等 - 2005 - The effects of pH on the preparation of alumina by sol-gel process,G:\paper\Sorted_Database\Mechanism\080_Alves 等 - 2005 - The effects of pH on the preparation of alumina by sol-gel process.pdf,G:\paper\Sorted_Database\Mechanism\080_Alves 等 - 2005 - The effects of pH on the preparation of alumina by sol-gel process.pdf,true,1.0,data\markdown\mechanism\080_Alves 等 - 2005 - The effects of pH on the preparation of alumina by sol-gel process.md,data\markdown\mechanism\080_Alves 等 - 2005 - The effects of pH on the preparation of alumina by sol-gel process.md,true,28618,exists_ok,data\outputs\mechanism\080_Alves 等 - 2005 - The effects of pH on the preparation of alumina by sol-gel process,data\outputs\080_Alves 等 - 2005 - The effects of pH on the preparation of alumina by sol-gel process,data\outputs\mechanism\080_Alves 等 - 2005 - The effects of pH on the preparation of alumina by sol-gel process,category_aware,true,false,false,false,false,markdown_ready,run_stage3_next
mechanism__082_amini_等_2003_sol_gel_processing_of_β_eucryptite_an_nuclear_magnetic_resonance_investigation_in_sol_stage,mechanism,082_Amini 等 - 2003 - Sol–gel processing of β-eucryptite An nuclear magnetic resonance investigation in sol stage,G:\paper\Sorted_Database\Mechanism\082_Amini 等 - 2003 - Sol–gel processing of β-eucryptite An nuclear magnetic resonance investigation in sol stage.pdf,G:\paper\Sorted_Database\Mechanism\082_Amini 等 - 2003 - Sol–gel processing of β-eucryptite An nuclear magnetic resonance investigation in sol stage.pdf,true,0.176,data\markdown\mechanism\082_Amini 等 - 2003 - Sol–gel processing of β-eucryptite An nuclear magnetic resonance investigation in sol stage.md,data\markdown\mechanism\082_Amini 等 - 2003 - Sol–gel processing of β-eucryptite An nuclear magnetic resonance investigation in sol stage.md,true,25361,exists_ok,data\outputs\mechanism\082_Amini 等 - 2003 - Sol–gel processing of β-eucryptite An nuclear magnetic resonance investigation in sol stage,data\outputs\082_Amini 等 - 2003 - Sol–gel processing of β-eucryptite An nuclear magnetic resonance investigation in sol stage,data\outputs\mechanism\082_Amini 等 - 2003 - Sol–gel processing of β-eucryptite An nuclear magnetic resonance investigation in sol stage,category_aware,true,false,false,false,false,markdown_ready,run_stage3_next
mechanism__083_amini和mirzaee_2005_effect_of_solution_chemistry_on_preparation_of_boehmite_by_hydrothermal_assisted_sol_gel_processing,mechanism,083_Amini和Mirzaee - 2005 - Effect of solution chemistry on preparation of boehmite by hydrothermal assisted sol-gel processing,G:\paper\Sorted_Database\Mechanism\083_Amini和Mirzaee - 2005 - Effect of solution chemistry on preparation of boehmite by hydrothermal assisted sol-gel processing.pdf,G:\paper\Sorted_Database\Mechanism\083_Amini和Mirzaee - 2005 - Effect of solution chemistry on preparation of boehmite by hydrothermal assisted sol-gel processing.pdf,true,0.494,data\markdown\mechanism\083_Amini和Mirzaee - 2005 - Effect of solution chemistry on preparation of boehmite by hydrothermal assisted sol-gel processing.md,data\markdown\mechanism\083_Amini和Mirzaee - 2005 - Effect of solution chemistry on preparation of boehmite by hydrothermal assisted sol-gel processing.md,true,17574,exists_ok,data\outputs\mechanism\083_Amini和Mirzaee - 2005 - Effect of solution chemistry on preparation of boehmite by hydrothermal assisted sol-gel processing,data\outputs\083_Amini和Mirzaee - 2005 - Effect of solution chemistry on preparation of boehmite by hydrothermal assisted sol-gel processing,data\outputs\mechanism\083_Amini和Mirzaee - 2005 - Effect of solution chemistry on preparation of boehmite by hydrothermal assisted sol-gel processing,category_aware,true,false,false,false,false,markdown_ready,run_stage3_next
mechanism__087_berger_等_2018_27al_nmr_study_of_the_ph_dependent_hydrolysis_products_of_al2_so4_3_in_different_physiological_media,mechanism,087_Berger 等 - 2018 - 27Al NMR study of the pH dependent hydrolysis products of Al2(SO4)3 in different physiological media,G:\paper\Sorted_Database\Mechanism\087_Berger 等 - 2018 - 27Al NMR study of the pH dependent hydrolysis products of Al2(SO4)3 in different physiological media.pdf,G:\paper\Sorted_Database\Mechanism\087_Berger 等 - 2018 - 27Al NMR study of the pH dependent hydrolysis products of Al2(SO4)3 in different physiological media.pdf,true,4.552,data\markdown\mechanism\087_Berger 等 - 2018 - 27Al NMR study of the pH dependent hydrolysis products of Al2(SO4)3 in different physiological media.md,data\markdown\mechanism\087_Berger 等 - 2018 - 27Al NMR study of the pH dependent hydrolysis products of Al2(SO4)3 in different physiological media.md,true,60678,exists_ok,data\outputs\mechanism\087_Berger 等 - 2018 - 27Al NMR study of the pH dependent hydrolysis products of Al2(SO4)3 in different physiological media,data\outputs\087_Berger 等 - 2018 - 27Al NMR study of the pH dependent hydrolysis products of Al2(SO4)3 in different physiological media,data\outputs\mechanism\087_Berger 等 - 2018 - 27Al NMR study of the pH dependent hydrolysis products of Al2(SO4)3 in different physiological media,category_aware,true,false,false,false,false,markdown_ready,run_stage3_next
mechanism__088_bi_2004_studies_on_the_mechanism_of_hydrolysis_and_polymerization_of_aluminum_salts_in_aqueous_solution_cor,mechanism,088_Bi - 2004 - Studies on the mechanism of hydrolysis and polymerization of aluminum salts in aqueous solution Cor,G:\paper\Sorted_Database\Mechanism\088_Bi - 2004 - Studies on the mechanism of hydrolysis and polymerization of aluminum salts in aqueous solution Cor.pdf,G:\paper\Sorted_Database\Mechanism\088_Bi - 2004 - Studies on the mechanism of hydrolysis and polymerization of aluminum salts in aqueous solution Cor.pdf,true,0.319,data\markdown\mechanism\088_Bi - 2004 - Studies on the mechanism of hydrolysis and polymerization of aluminum salts in aqueous solution Cor.md,data\markdown\mechanism\088_Bi - 2004 - Studies on the mechanism of hydrolysis and polymerization of aluminum salts in aqueous solution Cor.md,true,80264,exists_ok,data\outputs\mechanism\088_Bi - 2004 - Studies on the mechanism of hydrolysis and polymerization of aluminum salts in aqueous solution Cor,data\outputs\088_Bi - 2004 - Studies on the mechanism of hydrolysis and polymerization of aluminum salts in aqueous solution Cor,data\outputs\mechanism\088_Bi - 2004 - Studies on the mechanism of hydrolysis and polymerization of aluminum salts in aqueous solution Cor,category_aware,true,false,false,false,false,markdown_ready,run_stage3_next
mechanism__089_bokhimi_等_2005_synthesis_and_characterization_of_nanocapsules_with_shells_made_up_of_al13_tridecamers,mechanism,089_Bokhimi 等 - 2005 - Synthesis and characterization of nanocapsules with shells made up of Al13 tridecamers,G:\paper\Sorted_Database\Mechanism\089_Bokhimi 等 - 2005 - Synthesis and characterization of nanocapsules with shells made up of Al13 tridecamers.pdf,G:\paper\Sorted_Database\Mechanism\089_Bokhimi 等 - 2005 - Synthesis and characterization of nanocapsules with shells made up of Al13 tridecamers.pdf,true,0.377,data\markdown\mechanism\089_Bokhimi 等 - 2005 - Synthesis and characterization of nanocapsules with shells made up of Al13 tridecamers.md,data\markdown\mechanism\089_Bokhimi 等 - 2005 - Synthesis and characterization of nanocapsules with shells made up of Al13 tridecamers.md,true,40066,exists_ok,data\outputs\mechanism\089_Bokhimi 等 - 2005 - Synthesis and characterization of nanocapsules with shells made up of Al13 tridecamers,data\outputs\089_Bokhimi 等 - 2005 - Synthesis and characterization of nanocapsules with shells made up of Al13 tridecamers,data\outputs\mechanism\089_Bokhimi 等 - 2005 - Synthesis and characterization of nanocapsules with shells made up of Al13 tridecamers,category_aware,true,false,false,false,false,markdown_ready,run_stage3_next
mechanism__090_bokhimi_等_2006_sulfate_ions_and_boehmite_crystallization_in_a_sol_made_with_aluminum_tri_sec_butoxide_and_2_propano,mechanism,090_Bokhimi 等 - 2006 - Sulfate ions and boehmite crystallization in a sol made with aluminum tri-sec-butoxide and 2-propano,G:\paper\Sorted_Database\Mechanism\090_Bokhimi 等 - 2006 - Sulfate ions and boehmite crystallization in a sol made with aluminum tri-sec-butoxide and 2-propano.pdf,G:\paper\Sorted_Database\Mechanism\090_Bokhimi 等 - 2006 - Sulfate ions and boehmite crystallization in a sol made with aluminum tri-sec-butoxide and 2-propano.pdf,true,0.544,data\markdown\mechanism\090_Bokhimi 等 - 2006 - Sulfate ions and boehmite crystallization in a sol made with aluminum tri-sec-butoxide and 2-propano.md,data\markdown\mechanism\090_Bokhimi 等 - 2006 - Sulfate ions and boehmite crystallization in a sol made with aluminum tri-sec-butoxide and 2-propano.md,true,37146,exists_ok,data\outputs\mechanism\090_Bokhimi 等 - 2006 - Sulfate ions and boehmite crystallization in a sol made with aluminum tri-sec-butoxide and 2-propano,data\outputs\090_Bokhimi 等 - 2006 - Sulfate ions and boehmite crystallization in a sol made with aluminum tri-sec-butoxide and 2-propano,data\outputs\mechanism\090_Bokhimi 等 - 2006 - Sulfate ions and boehmite crystallization in a sol made with aluminum tri-sec-butoxide and 2-propano,category_aware,true,false,false,false,false,markdown_ready,run_stage3_next
mechanism__091_bonhomme_coury_等_1994_investigation_of_the_sol_gel_chemistry_of_ethylacetoacetate_modified_aluminum_sec_butoxide,mechanism,091_Bonhomme-Coury 等 - 1994 - Investigation of the sol-gel chemistry of ethylacetoacetate modified aluminum sec-butoxide,G:\paper\Sorted_Database\Mechanism\091_Bonhomme-Coury 等 - 1994 - Investigation of the sol-gel chemistry of ethylacetoacetate modified aluminum sec-butoxide.pdf,G:\paper\Sorted_Database\Mechanism\091_Bonhomme-Coury 等 - 1994 - Investigation of the sol-gel chemistry of ethylacetoacetate modified aluminum sec-butoxide.pdf,true,0.719,data\markdown\mechanism\091_Bonhomme-Coury 等 - 1994 - Investigation of the sol-gel chemistry of ethylacetoacetate modified aluminum sec-butoxide.md,data\markdown\mechanism\091_Bonhomme-Coury 等 - 1994 - Investigation of the sol-gel chemistry of ethylacetoacetate modified aluminum sec-butoxide.md,true,36333,exists_ok,data\outputs\mechanism\091_Bonhomme-Coury 等 - 1994 - Investigation of the sol-gel chemistry of ethylacetoacetate modified aluminum sec-butoxide,data\outputs\091_Bonhomme-Coury 等 - 1994 - Investigation of the sol-gel chemistry of ethylacetoacetate modified aluminum sec-butoxide,data\outputs\mechanism\091_Bonhomme-Coury 等 - 1994 - Investigation of the sol-gel chemistry of ethylacetoacetate modified aluminum sec-butoxide,category_aware,true,false,false,false,false,markdown_ready,run_stage3_next
mechanism__093_bradley和hanna_1993_aluminium_27_mas_nmr_investigations_of_sodium_aluminates_formed_from_high_ph_solutions_evidence_of,mechanism,093_Bradley和Hanna - 1993 - Aluminium-27 MAS NMR investigations of sodium aluminates formed from high pH solutions Evidence of,G:\paper\Sorted_Database\Mechanism\093_Bradley和Hanna - 1993 - Aluminium-27 MAS NMR investigations of sodium aluminates formed from high pH solutions Evidence of.pdf,G:\paper\Sorted_Database\Mechanism\093_Bradley和Hanna - 1993 - Aluminium-27 MAS NMR investigations of sodium aluminates formed from high pH solutions Evidence of.pdf,true,0.34,data\markdown\mechanism\093_Bradley和Hanna - 1993 - Aluminium-27 MAS NMR investigations of sodium aluminates formed from high pH solutions Evidence of.md,data\markdown\mechanism\093_Bradley和Hanna - 1993 - Aluminium-27 MAS NMR investigations of sodium aluminates formed from high pH solutions Evidence of.md,true,13544,exists_ok,data\outputs\mechanism\093_Bradley和Hanna - 1993 - Aluminium-27 MAS NMR investigations of sodium aluminates formed from high pH solutions Evidence of,data\outputs\093_Bradley和Hanna - 1993 - Aluminium-27 MAS NMR investigations of sodium aluminates formed from high pH solutions Evidence of,data\outputs\mechanism\093_Bradley和Hanna - 1993 - Aluminium-27 MAS NMR investigations of sodium aluminates formed from high pH solutions Evidence of,category_aware,true,false,false,false,false,markdown_ready,run_stage3_next
mechanism__094_bradley和hanna_1994_27al_and_23na_mas_nmr_and_powder_x_ray_diffraction_studies_of_sodium_aluminate_speciation_and_the_me,mechanism,094_Bradley和Hanna - 1994 - 27Al and 23Na MAS NMR and powder X-ray diffraction studies of sodium aluminate speciation and the me,G:\paper\Sorted_Database\Mechanism\094_Bradley和Hanna - 1994 - 27Al and 23Na MAS NMR and powder X-ray diffraction studies of sodium aluminate speciation and the me.pdf,G:\paper\Sorted_Database\Mechanism\094_Bradley和Hanna - 1994 - 27Al and 23Na MAS NMR and powder X-ray diffraction studies of sodium aluminate speciation and the me.pdf,true,1.398,data\markdown\mechanism\094_Bradley和Hanna - 1994 - 27Al and 23Na MAS NMR and powder X-ray diffraction studies of sodium aluminate speciation and the me.md,data\markdown\mechanism\094_Bradley和Hanna - 1994 - 27Al and 23Na MAS NMR and powder X-ray diffraction studies of sodium aluminate speciation and the me.md,true,87831,exists_ok,data\outputs\mechanism\094_Bradley和Hanna - 1994 - 27Al and 23Na MAS NMR and powder X-ray diffraction studies of sodium aluminate speciation and the me,data\outputs\094_Bradley和Hanna - 1994 - 27Al and 23Na MAS NMR and powder X-ray diffraction studies of sodium aluminate speciation and the me,data\outputs\mechanism\094_Bradley和Hanna - 1994 - 27Al and 23Na MAS NMR and powder X-ray diffraction studies of sodium aluminate speciation and the me,category_aware,true,false,false,false,false,markdown_ready,run_stage3_next
mechanism__097_casey_等_2000_rates_and_mechanisms_of_oxygen_exchanges_between_sites_in_the_alo4al12_oh_24_h2o_127_aq_complex_an,mechanism,097_Casey 等 - 2000 - Rates and mechanisms of oxygen exchanges between sites in the AlO4Al12(OH)24(H2O)127+(aq) complex an,G:\paper\Sorted_Database\Mechanism\097_Casey 等 - 2000 - Rates and mechanisms of oxygen exchanges between sites in the AlO4Al12(OH)24(H2O)127+(aq) complex an.pdf,G:\paper\Sorted_Database\Mechanism\097_Casey 等 - 2000 - Rates and mechanisms of oxygen exchanges between sites in the AlO4Al12(OH)24(H2O)127+(aq) complex an.pdf,true,0.584,data\markdown\mechanism\097_Casey 等 - 2000 - Rates and mechanisms of oxygen exchanges between sites in the AlO4Al12(OH)24(H2O)127+(aq) complex an.md,data\markdown\mechanism\097_Casey 等 - 2000 - Rates and mechanisms of oxygen exchanges between sites in the AlO4Al12(OH)24(H2O)127+(aq) complex an.md,true,74028,exists_ok,data\outputs\mechanism\097_Casey 等 - 2000 - Rates and mechanisms of oxygen exchanges between sites in the AlO4Al12(OH)24(H2O)127+(aq) complex an,data\outputs\097_Casey 等 - 2000 - Rates and mechanisms of oxygen exchanges between sites in the AlO4Al12(OH)24(H2O)127+(aq) complex an,data\outputs\mechanism\097_Casey 等 - 2000 - Rates and mechanisms of oxygen exchanges between sites in the AlO4Al12(OH)24(H2O)127+(aq) complex an,category_aware,true,false,false,false,false,markdown_ready,run_stage3_next
mechanism__105_chen_等_2007_effect_of_thermal_treatment_on_the_formation_and_transformation_of_keggin_al13_and_al30_species_in_h,mechanism,105_Chen 等 - 2007 - Effect of thermal treatment on the formation and transformation of keggin Al13 and Al30 species in h,G:\paper\Sorted_Database\Mechanism\105_Chen 等 - 2007 - Effect of thermal treatment on the formation and transformation of keggin Al13 and Al30 species in h.pdf,G:\paper\Sorted_Database\Mechanism\105_Chen 等 - 2007 - Effect of thermal treatment on the formation and transformation of keggin Al13 and Al30 species in h.pdf,true,0.87,data\markdown\mechanism\105_Chen 等 - 2007 - Effect of thermal treatment on the formation and transformation of keggin Al13 and Al30 species in h.md,data\markdown\mechanism\105_Chen 等 - 2007 - Effect of thermal treatment on the formation and transformation of keggin Al13 and Al30 species in h.md,true,55149,exists_ok,data\outputs\mechanism\105_Chen 等 - 2007 - Effect of thermal treatment on the formation and transformation of keggin Al13 and Al30 species in h,data\outputs\105_Chen 等 - 2007 - Effect of thermal treatment on the formation and transformation of keggin Al13 and Al30 species in h,data\outputs\mechanism\105_Chen 等 - 2007 - Effect of thermal treatment on the formation and transformation of keggin Al13 and Al30 species in h,category_aware,true,false,false,false,false,markdown_ready,run_stage3_next
mechanism__113_control_preparation_of_aluminium_chromium_mixed_oxides_by_sol_gel_process,mechanism,113_Control preparation of aluminium chromium mixed oxides by sol-gel process,G:\paper\Sorted_Database\Mechanism\113_Control preparation of aluminium chromium mixed oxides by sol-gel process.pdf,G:\paper\Sorted_Database\Mechanism\113_Control preparation of aluminium chromium mixed oxides by sol-gel process.pdf,true,0.745,data\markdown\mechanism\113_Control preparation of aluminium chromium mixed oxides by sol-gel process.md,data\markdown\mechanism\113_Control preparation of aluminium chromium mixed oxides by sol-gel process.md,true,34533,exists_ok,data\outputs\mechanism\113_Control preparation of aluminium chromium mixed oxides by sol-gel process,data\outputs\113_Control preparation of aluminium chromium mixed oxides by sol-gel process,data\outputs\mechanism\113_Control preparation of aluminium chromium mixed oxides by sol-gel process,category_aware,true,false,false,false,false,markdown_ready,run_stage3_next
mechanism__114_coster和fripiat_1993_memory_effects_in_gel_solid_transformations_coordinately_unsaturated_aluminum_sites_in_nanosized_al,mechanism,114_Coster和Fripiat - 1993 - Memory effects in gel-solid transformations Coordinately unsaturated aluminum sites in nanosized al,G:\paper\Sorted_Database\Mechanism\114_Coster和Fripiat - 1993 - Memory effects in gel-solid transformations Coordinately unsaturated aluminum sites in nanosized al.pdf,G:\paper\Sorted_Database\Mechanism\114_Coster和Fripiat - 1993 - Memory effects in gel-solid transformations Coordinately unsaturated aluminum sites in nanosized al.pdf,true,1.33,data\markdown\mechanism\114_Coster和Fripiat - 1993 - Memory effects in gel-solid transformations Coordinately unsaturated aluminum sites in nanosized al.md,data\markdown\mechanism\114_Coster和Fripiat - 1993 - Memory effects in gel-solid transformations Coordinately unsaturated aluminum sites in nanosized al.md,true,42105,exists_ok,data\outputs\mechanism\114_Coster和Fripiat - 1993 - Memory effects in gel-solid transformations Coordinately unsaturated aluminum sites in nanosized al,data\outputs\114_Coster和Fripiat - 1993 - Memory effects in gel-solid transformations Coordinately unsaturated aluminum sites in nanosized al,data\outputs\mechanism\114_Coster和Fripiat - 1993 - Memory effects in gel-solid transformations Coordinately unsaturated aluminum sites in nanosized al,category_aware,true,false,false,false,false,markdown_ready,run_stage3_next
mechanism__116_deschaume_等_2006_interactions_of_bovine_serum_albumin_with_aluminum_polyoxocations_and_aluminum_hydroxide,mechanism,116_Deschaume 等 - 2006 - Interactions of bovine serum albumin with aluminum polyoxocations and aluminum hydroxide,G:\paper\Sorted_Database\Mechanism\116_Deschaume 等 - 2006 - Interactions of bovine serum albumin with aluminum polyoxocations and aluminum hydroxide.pdf,G:\paper\Sorted_Database\Mechanism\116_Deschaume 等 - 2006 - Interactions of bovine serum albumin with aluminum polyoxocations and aluminum hydroxide.pdf,true,0.385,data\markdown\mechanism\116_Deschaume 等 - 2006 - Interactions of bovine serum albumin with aluminum polyoxocations and aluminum hydroxide.md,data\markdown\mechanism\116_Deschaume 等 - 2006 - Interactions of bovine serum albumin with aluminum polyoxocations and aluminum hydroxide.md,true,81718,exists_ok,data\outputs\mechanism\116_Deschaume 等 - 2006 - Interactions of bovine serum albumin with aluminum polyoxocations and aluminum hydroxide,data\outputs\116_Deschaume 等 - 2006 - Interactions of bovine serum albumin with aluminum polyoxocations and aluminum hydroxide,data\outputs\mechanism\116_Deschaume 等 - 2006 - Interactions of bovine serum albumin with aluminum polyoxocations and aluminum hydroxide,category_aware,true,false,false,false,false,markdown_ready,run_stage3_next
mechanism__117_deschaume_等_2017_impact_of_amino_acids_on_the_isomerization_of_the_aluminum_tridecamer_al13,mechanism,117_Deschaume 等 - 2017 - Impact of amino acids on the isomerization of the aluminum tridecamer Al13,G:\paper\Sorted_Database\Mechanism\117_Deschaume 等 - 2017 - Impact of amino acids on the isomerization of the aluminum tridecamer Al13.pdf,G:\paper\Sorted_Database\Mechanism\117_Deschaume 等 - 2017 - Impact of amino acids on the isomerization of the aluminum tridecamer Al13.pdf,true,2.173,data\markdown\mechanism\117_Deschaume 等 - 2017 - Impact of amino acids on the isomerization of the aluminum tridecamer Al13.md,data\markdown\mechanism\117_Deschaume 等 - 2017 - Impact of amino acids on the isomerization of the aluminum tridecamer Al13.md,true,62285,exists_ok,data\outputs\mechanism\117_Deschaume 等 - 2017 - Impact of amino acids on the isomerization of the aluminum tridecamer Al13,data\outputs\117_Deschaume 等 - 2017 - Impact of amino acids on the isomerization of the aluminum tridecamer Al13,data\outputs\mechanism\117_Deschaume 等 - 2017 - Impact of amino acids on the isomerization of the aluminum tridecamer Al13,category_aware,true,false,false,false,false,markdown_ready,run_stage3_next
mechanism__118_deshpande和eckert_2009_sol_gel_preparation_of_mesoporous_sodium_aluminosilicate_glasses_mechanistic_and_structural_investi,mechanism,118_Deshpande和Eckert - 2009 - Sol-gel preparation of mesoporous sodium aluminosilicate glasses Mechanistic and structural investi,G:\paper\Sorted_Database\Mechanism\118_Deshpande和Eckert - 2009 - Sol-gel preparation of mesoporous sodium aluminosilicate glasses Mechanistic and structural investi.pdf,G:\paper\Sorted_Database\Mechanism\118_Deshpande和Eckert - 2009 - Sol-gel preparation of mesoporous sodium aluminosilicate glasses Mechanistic and structural investi.pdf,true,0.229,data\markdown\mechanism\118_Deshpande和Eckert - 2009 - Sol-gel preparation of mesoporous sodium aluminosilicate glasses Mechanistic and structural investi.md,data\markdown\mechanism\118_Deshpande和Eckert - 2009 - Sol-gel preparation of mesoporous sodium aluminosilicate glasses Mechanistic and structural investi.md,true,44534,exists_ok,data\outputs\mechanism\118_Deshpande和Eckert - 2009 - Sol-gel preparation of mesoporous sodium aluminosilicate glasses Mechanistic and structural investi,data\outputs\118_Deshpande和Eckert - 2009 - Sol-gel preparation of mesoporous sodium aluminosilicate glasses Mechanistic and structural investi,data\outputs\mechanism\118_Deshpande和Eckert - 2009 - Sol-gel preparation of mesoporous sodium aluminosilicate glasses Mechanistic and structural investi,category_aware,true,false,false,false,false,markdown_ready,run_stage3_next
mechanism__119_dressler_等_2007_aluminum_speciation_and_thermal_evolution_of_aluminas_resulting_from_modified_yoldas_sols,mechanism,119_Dressler 等 - 2007 - Aluminum speciation and thermal evolution of aluminas resulting from modified yoldas sols,G:\paper\Sorted_Database\Mechanism\119_Dressler 等 - 2007 - Aluminum speciation and thermal evolution of aluminas resulting from modified yoldas sols.pdf,G:\paper\Sorted_Database\Mechanism\119_Dressler 等 - 2007 - Aluminum speciation and thermal evolution of aluminas resulting from modified yoldas sols.pdf,true,0.329,data\markdown\mechanism\119_Dressler 等 - 2007 - Aluminum speciation and thermal evolution of aluminas resulting from modified yoldas sols.md,data\markdown\mechanism\119_Dressler 等 - 2007 - Aluminum speciation and thermal evolution of aluminas resulting from modified yoldas sols.md,true,50932,exists_ok,data\outputs\mechanism\119_Dressler 等 - 2007 - Aluminum speciation and thermal evolution of aluminas resulting from modified yoldas sols,data\outputs\119_Dressler 等 - 2007 - Aluminum speciation and thermal evolution of aluminas resulting from modified yoldas sols,data\outputs\mechanism\119_Dressler 等 - 2007 - Aluminum speciation and thermal evolution of aluminas resulting from modified yoldas sols,category_aware,true,false,false,false,false,markdown_ready,run_stage3_next
mechanism__121_drljaca_等_1999_selective_isolation_of_keggin_ions_using_self_assembled_superanion_capsules,mechanism,121_Drljaca 等 - 1999 - Selective isolation of keggin ions using self-assembled superanion capsules †,G:\paper\Sorted_Database\Mechanism\121_Drljaca 等 - 1999 - Selective isolation of keggin ions using self-assembled superanion capsules †.pdf,G:\paper\Sorted_Database\Mechanism\121_Drljaca 等 - 1999 - Selective isolation of keggin ions using self-assembled superanion capsules †.pdf,true,0.242,data\markdown\mechanism\121_Drljaca 等 - 1999 - Selective isolation of keggin ions using self-assembled superanion capsules †.md,data\markdown\mechanism\121_Drljaca 等 - 1999 - Selective isolation of keggin ions using self-assembled superanion capsules †.md,true,18797,exists_ok,data\outputs\mechanism\121_Drljaca 等 - 1999 - Selective isolation of keggin ions using self-assembled superanion capsules †,data\outputs\121_Drljaca 等 - 1999 - Selective isolation of keggin ions using self-assembled superanion capsules †,data\outputs\mechanism\121_Drljaca 等 - 1999 - Selective isolation of keggin ions using self-assembled superanion capsules †,category_aware,true,false,false,false,false,markdown_ready,run_stage3_next
mechanism__123_eliseev_等_1999_the_effect_of_copolymerization_of_tetraethylorthosilicate_and_aluminum_hydroxonitrates,mechanism,123_Eliseev 等 - 1999 - The effect of copolymerization of tetraethylorthosilicate and aluminum hydroxonitrates,G:\paper\Sorted_Database\Mechanism\123_Eliseev 等 - 1999 - The effect of copolymerization of tetraethylorthosilicate and aluminum hydroxonitrates.pdf,G:\paper\Sorted_Database\Mechanism\123_Eliseev 等 - 1999 - The effect of copolymerization of tetraethylorthosilicate and aluminum hydroxonitrates.pdf,true,0.162,data\markdown\mechanism\123_Eliseev 等 - 1999 - The effect of copolymerization of tetraethylorthosilicate and aluminum hydroxonitrates.md,data\markdown\mechanism\123_Eliseev 等 - 1999 - The effect of copolymerization of tetraethylorthosilicate and aluminum hydroxonitrates.md,true,23362,exists_ok,data\outputs\mechanism\123_Eliseev 等 - 1999 - The effect of copolymerization of tetraethylorthosilicate and aluminum hydroxonitrates,data\outputs\123_Eliseev 等 - 1999 - The effect of copolymerization of tetraethylorthosilicate and aluminum hydroxonitrates,data\outputs\mechanism\123_Eliseev 等 - 1999 - The effect of copolymerization of tetraethylorthosilicate and aluminum hydroxonitrates,category_aware,true,false,false,false,false,markdown_ready,run_stage3_next
mechanism__124_esi_ms_study_of_speciation_in_hydrolyzed_aluminum,mechanism,124_ESI-MS_Study_of_Speciation_in_Hydrolyzed_Aluminum_,G:\paper\Sorted_Database\Mechanism\124_ESI-MS_Study_of_Speciation_in_Hydrolyzed_Aluminum_.pdf,G:\paper\Sorted_Database\Mechanism\124_ESI-MS_Study_of_Speciation_in_Hydrolyzed_Aluminum_.pdf,true,0.803,data\markdown\mechanism\124_ESI-MS_Study_of_Speciation_in_Hydrolyzed_Aluminum_.md,data\markdown\mechanism\124_ESI-MS_Study_of_Speciation_in_Hydrolyzed_Aluminum_.md,true,45844,exists_ok,data\outputs\mechanism\124_ESI-MS_Study_of_Speciation_in_Hydrolyzed_Aluminum_,data\outputs\124_ESI-MS_Study_of_Speciation_in_Hydrolyzed_Aluminum_,data\outputs\mechanism\124_ESI-MS_Study_of_Speciation_in_Hydrolyzed_Aluminum_,category_aware,true,false,false,false,false,markdown_ready,run_stage3_next
mechanism__126_feng_等_2007_speciation_of_hydroxyl_al_polymers_formed_through_simultaneous_hydrolysis_of_aluminum_salts_and_urea,mechanism,126_Feng 等 - 2007 - Speciation of hydroxyl-al polymers formed through simultaneous hydrolysis of aluminum salts and urea,G:\paper\Sorted_Database\Mechanism\126_Feng 等 - 2007 - Speciation of hydroxyl-al polymers formed through simultaneous hydrolysis of aluminum salts and urea.pdf,G:\paper\Sorted_Database\Mechanism\126_Feng 等 - 2007 - Speciation of hydroxyl-al polymers formed through simultaneous hydrolysis of aluminum salts and urea.pdf,true,0.429,data\markdown\mechanism\126_Feng 等 - 2007 - Speciation of hydroxyl-al polymers formed through simultaneous hydrolysis of aluminum salts and urea.md,data\markdown\mechanism\126_Feng 等 - 2007 - Speciation of hydroxyl-al polymers formed through simultaneous hydrolysis of aluminum salts and urea.md,true,42158,exists_ok,data\outputs\mechanism\126_Feng 等 - 2007 - Speciation of hydroxyl-al polymers formed through simultaneous hydrolysis of aluminum salts and urea,data\outputs\126_Feng 等 - 2007 - Speciation of hydroxyl-al polymers formed through simultaneous hydrolysis of aluminum salts and urea,data\outputs\mechanism\126_Feng 等 - 2007 - Speciation of hydroxyl-al polymers formed through simultaneous hydrolysis of aluminum salts and urea,category_aware,true,false,false,false,false,markdown_ready,run_stage3_next
mechanism__127_feng_等_2011_effect_of_aging_condition_on_species_transformation_in_polymeric_al_salt_coagulants,mechanism,127_Feng 等 - 2011 - Effect of aging condition on species transformation in polymeric al salt coagulants,G:\paper\Sorted_Database\Mechanism\127_Feng 等 - 2011 - Effect of aging condition on species transformation in polymeric al salt coagulants.pdf,G:\paper\Sorted_Database\Mechanism\127_Feng 等 - 2011 - Effect of aging condition on species transformation in polymeric al salt coagulants.pdf,true,0.671,data\markdown\mechanism\127_Feng 等 - 2011 - Effect of aging condition on species transformation in polymeric al salt coagulants.md,data\markdown\mechanism\127_Feng 等 - 2011 - Effect of aging condition on species transformation in polymeric al salt coagulants.md,true,47576,exists_ok,data\outputs\mechanism\127_Feng 等 - 2011 - Effect of aging condition on species transformation in polymeric al salt coagulants,data\outputs\127_Feng 等 - 2011 - Effect of aging condition on species transformation in polymeric al salt coagulants,data\outputs\mechanism\127_Feng 等 - 2011 - Effect of aging condition on species transformation in polymeric al salt coagulants,category_aware,true,false,false,false,false,markdown_ready,run_stage3_next
mechanism__129_fernandez_等_2008_theoretical_study_of_oligomeric_alumatranes_present_in_the_chemistry_of_materials_from_micro_to_meso,mechanism,129_Fernandez 等 - 2008 - Theoretical study of oligomeric alumatranes present in the chemistry of materials from micro to meso,G:\paper\Sorted_Database\Mechanism\129_Fernandez 等 - 2008 - Theoretical study of oligomeric alumatranes present in the chemistry of materials from micro to meso.pdf,G:\paper\Sorted_Database\Mechanism\129_Fernandez 等 - 2008 - Theoretical study of oligomeric alumatranes present in the chemistry of materials from micro to meso.pdf,true,0.417,data\markdown\mechanism\129_Fernandez 等 - 2008 - Theoretical study of oligomeric alumatranes present in the chemistry of materials from micro to meso.md,data\markdown\mechanism\129_Fernandez 等 - 2008 - Theoretical study of oligomeric alumatranes present in the chemistry of materials from micro to meso.md,true,59044,exists_ok,data\outputs\mechanism\129_Fernandez 等 - 2008 - Theoretical study of oligomeric alumatranes present in the chemistry of materials from micro to meso,data\outputs\129_Fernandez 等 - 2008 - Theoretical study of oligomeric alumatranes present in the chemistry of materials from micro to meso,data\outputs\mechanism\129_Fernandez 等 - 2008 - Theoretical study of oligomeric alumatranes present in the chemistry of materials from micro to meso,category_aware,true,false,false,false,false,markdown_ready,run_stage3_next
mechanism__131_fournier_等_2008_potentiometric_determination_of_the_formal_hydrolysis_ratio_of_aluminium_species_in_aqueous_soluti,mechanism,131_Fournier 等 - 2008 - Potentiometric determination of the ‘formal’ hydrolysis ratio of aluminium species in aqueous soluti,G:\paper\Sorted_Database\Mechanism\131_Fournier 等 - 2008 - Potentiometric determination of the ‘formal’ hydrolysis ratio of aluminium species in aqueous soluti.pdf,G:\paper\Sorted_Database\Mechanism\131_Fournier 等 - 2008 - Potentiometric determination of the ‘formal’ hydrolysis ratio of aluminium species in aqueous soluti.pdf,true,0.974,data\markdown\mechanism\131_Fournier 等 - 2008 - Potentiometric determination of the ‘formal’ hydrolysis ratio of aluminium species in aqueous soluti.md,data\markdown\mechanism\131_Fournier 等 - 2008 - Potentiometric determination of the ‘formal’ hydrolysis ratio of aluminium species in aqueous soluti.md,true,62593,exists_ok,data\outputs\mechanism\131_Fournier 等 - 2008 - Potentiometric determination of the ‘formal’ hydrolysis ratio of aluminium species in aqueous soluti,data\outputs\131_Fournier 等 - 2008 - Potentiometric determination of the ‘formal’ hydrolysis ratio of aluminium species in aqueous soluti,data\outputs\mechanism\131_Fournier 等 - 2008 - Potentiometric determination of the ‘formal’ hydrolysis ratio of aluminium species in aqueous soluti,category_aware,true,false,false,false,false,markdown_ready,run_stage3_next
mechanism__132_fournier_等_2009_a_multi_technique_study_of_the_effect_of_aqueous_aluminium_speciation_on_hydrolytic_gelation_of_alum,mechanism,132_Fournier 等 - 2009 - A multi-technique study of the effect of aqueous aluminium speciation on hydrolytic gelation of alum,G:\paper\Sorted_Database\Mechanism\132_Fournier 等 - 2009 - A multi-technique study of the effect of aqueous aluminium speciation on hydrolytic gelation of alum.pdf,G:\paper\Sorted_Database\Mechanism\132_Fournier 等 - 2009 - A multi-technique study of the effect of aqueous aluminium speciation on hydrolytic gelation of alum.pdf,true,0.342,data\markdown\mechanism\132_Fournier 等 - 2009 - A multi-technique study of the effect of aqueous aluminium speciation on hydrolytic gelation of alum.md,data\markdown\mechanism\132_Fournier 等 - 2009 - A multi-technique study of the effect of aqueous aluminium speciation on hydrolytic gelation of alum.md,true,51367,exists_ok,data\outputs\mechanism\132_Fournier 等 - 2009 - A multi-technique study of the effect of aqueous aluminium speciation on hydrolytic gelation of alum,data\outputs\132_Fournier 等 - 2009 - A multi-technique study of the effect of aqueous aluminium speciation on hydrolytic gelation of alum,data\outputs\mechanism\132_Fournier 等 - 2009 - A multi-technique study of the effect of aqueous aluminium speciation on hydrolytic gelation of alum,category_aware,true,false,false,false,false,markdown_ready,run_stage3_next
mechanism__133_fu_等_1991_aging_processes_of_alumina_sol_gels_characterization_of_new_aluminum_polyoxycations_by_aluminum_27,mechanism,133_Fu 等 - 1991 - Aging processes of alumina sol-gels Characterization of new aluminum polyoxycations by aluminum-27,G:\paper\Sorted_Database\Mechanism\133_Fu 等 - 1991 - Aging processes of alumina sol-gels Characterization of new aluminum polyoxycations by aluminum-27.pdf,G:\paper\Sorted_Database\Mechanism\133_Fu 等 - 1991 - Aging processes of alumina sol-gels Characterization of new aluminum polyoxycations by aluminum-27.pdf,true,2.123,data\markdown\mechanism\133_Fu 等 - 1991 - Aging processes of alumina sol-gels Characterization of new aluminum polyoxycations by aluminum-27.md,data\markdown\mechanism\133_Fu 等 - 1991 - Aging processes of alumina sol-gels Characterization of new aluminum polyoxycations by aluminum-27.md,true,60540,exists_ok,data\outputs\mechanism\133_Fu 等 - 1991 - Aging processes of alumina sol-gels Characterization of new aluminum polyoxycations by aluminum-27,data\outputs\133_Fu 等 - 1991 - Aging processes of alumina sol-gels Characterization of new aluminum polyoxycations by aluminum-27,data\outputs\mechanism\133_Fu 等 - 1991 - Aging processes of alumina sol-gels Characterization of new aluminum polyoxycations by aluminum-27,category_aware,true,false,false,false,false,markdown_ready,run_stage3_next
mechanism__134_fujita_等_1993_chemical_species_in_polyaluminum_hydroxide_solution,mechanism,134_FUJITA 等 - 1993 - Chemical species-in polyaluminum hydroxide solution.,G:\paper\Sorted_Database\Mechanism\134_FUJITA 等 - 1993 - Chemical species-in polyaluminum hydroxide solution..pdf,G:\paper\Sorted_Database\Mechanism\134_FUJITA 等 - 1993 - Chemical species-in polyaluminum hydroxide solution..pdf,true,1.986,data\markdown\mechanism\134_FUJITA 等 - 1993 - Chemical species-in polyaluminum hydroxide solution..md,data\markdown\mechanism\134_FUJITA 等 - 1993 - Chemical species-in polyaluminum hydroxide solution..md,true,35437,exists_ok,data\outputs\mechanism\134_FUJITA 等 - 1993 - Chemical species-in polyaluminum hydroxide solution.,data\outputs\134_FUJITA 等 - 1993 - Chemical species-in polyaluminum hydroxide solution.,data\outputs\mechanism\134_FUJITA 等 - 1993 - Chemical species-in polyaluminum hydroxide solution.,category_aware,true,false,false,false,false,markdown_ready,run_stage3_next
mechanism__137_gerson_等_1996_an_investigation_of_the_mechanism_of_gibbsite_nucleation_using_molecular_modelling,mechanism,137_Gerson 等 - 1996 - An investigation of the mechanism of gibbsite nucleation using molecular modelling,G:\paper\Sorted_Database\Mechanism\137_Gerson 等 - 1996 - An investigation of the mechanism of gibbsite nucleation using molecular modelling.pdf,G:\paper\Sorted_Database\Mechanism\137_Gerson 等 - 1996 - An investigation of the mechanism of gibbsite nucleation using molecular modelling.pdf,true,0.902,data\markdown\mechanism\137_Gerson 等 - 1996 - An investigation of the mechanism of gibbsite nucleation using molecular modelling.md,data\markdown\mechanism\137_Gerson 等 - 1996 - An investigation of the mechanism of gibbsite nucleation using molecular modelling.md,true,46572,exists_ok,data\outputs\mechanism\137_Gerson 等 - 1996 - An investigation of the mechanism of gibbsite nucleation using molecular modelling,data\outputs\137_Gerson 等 - 1996 - An investigation of the mechanism of gibbsite nucleation using molecular modelling,data\outputs\mechanism\137_Gerson 等 - 1996 - An investigation of the mechanism of gibbsite nucleation using molecular modelling,category_aware,true,false,false,false,false,markdown_ready,run_stage3_next
mechanism__138_gil_等_1995_preparation_and_characterization_of_microporosity_and_acidity_of_silica_alumina_pillared_clays,mechanism,138_Gil 等 - 1995 - Preparation and characterization of microporosity and acidity of silica-alumina pillared clays,G:\paper\Sorted_Database\Mechanism\138_Gil 等 - 1995 - Preparation and characterization of microporosity and acidity of silica-alumina pillared clays.pdf,G:\paper\Sorted_Database\Mechanism\138_Gil 等 - 1995 - Preparation and characterization of microporosity and acidity of silica-alumina pillared clays.pdf,true,0.98,data\markdown\mechanism\138_Gil 等 - 1995 - Preparation and characterization of microporosity and acidity of silica-alumina pillared clays.md,data\markdown\mechanism\138_Gil 等 - 1995 - Preparation and characterization of microporosity and acidity of silica-alumina pillared clays.md,true,75420,exists_ok,data\outputs\mechanism\138_Gil 等 - 1995 - Preparation and characterization of microporosity and acidity of silica-alumina pillared clays,data\outputs\138_Gil 等 - 1995 - Preparation and characterization of microporosity and acidity of silica-alumina pillared clays,data\outputs\mechanism\138_Gil 等 - 1995 - Preparation and characterization of microporosity and acidity of silica-alumina pillared clays,category_aware,true,false,false,false,false,markdown_ready,run_stage3_next
mechanism__143_goudarzi_等_2009_study_of_the_ethanolic_tributylmethylammonium_aluminosilicate_solutions_using_27al_nmr,mechanism,143_Goudarzi 等 - 2009 - Study of the ethanolic tributylmethylammonium aluminosilicate solutions using 27Al NMR,G:\paper\Sorted_Database\Mechanism\143_Goudarzi 等 - 2009 - Study of the ethanolic tributylmethylammonium aluminosilicate solutions using 27Al NMR.pdf,G:\paper\Sorted_Database\Mechanism\143_Goudarzi 等 - 2009 - Study of the ethanolic tributylmethylammonium aluminosilicate solutions using 27Al NMR.pdf,true,0.518,data\markdown\mechanism\143_Goudarzi 等 - 2009 - Study of the ethanolic tributylmethylammonium aluminosilicate solutions using 27Al NMR.md,data\markdown\mechanism\143_Goudarzi 等 - 2009 - Study of the ethanolic tributylmethylammonium aluminosilicate solutions using 27Al NMR.md,true,32386,exists_ok,data\outputs\mechanism\143_Goudarzi 等 - 2009 - Study of the ethanolic tributylmethylammonium aluminosilicate solutions using 27Al NMR,data\outputs\143_Goudarzi 等 - 2009 - Study of the ethanolic tributylmethylammonium aluminosilicate solutions using 27Al NMR,data\outputs\mechanism\143_Goudarzi 等 - 2009 - Study of the ethanolic tributylmethylammonium aluminosilicate solutions using 27Al NMR,category_aware,true,false,false,false,false,markdown_ready,run_stage3_next
mechanism__144_graham_等_2020_intermediate_species_in_the_crystallization_of_sodium_aluminate_hydroxy_hydrates,mechanism,144_Graham 等 - 2020 - Intermediate species in the crystallization of sodium aluminate hydroxy hydrates,G:\paper\Sorted_Database\Mechanism\144_Graham 等 - 2020 - Intermediate species in the crystallization of sodium aluminate hydroxy hydrates.pdf,G:\paper\Sorted_Database\Mechanism\144_Graham 等 - 2020 - Intermediate species in the crystallization of sodium aluminate hydroxy hydrates.pdf,true,2.749,data\markdown\mechanism\144_Graham 等 - 2020 - Intermediate species in the crystallization of sodium aluminate hydroxy hydrates.md,data\markdown\mechanism\144_Graham 等 - 2020 - Intermediate species in the crystallization of sodium aluminate hydroxy hydrates.md,true,63160,exists_ok,data\outputs\mechanism\144_Graham 等 - 2020 - Intermediate species in the crystallization of sodium aluminate hydroxy hydrates,data\outputs\144_Graham 等 - 2020 - Intermediate species in the crystallization of sodium aluminate hydroxy hydrates,data\outputs\mechanism\144_Graham 等 - 2020 - Intermediate species in the crystallization of sodium aluminate hydroxy hydrates,category_aware,true,false,false,false,false,markdown_ready,run_stage3_next
mechanism__145_guo_等_2009_high_concentration_ɛ_al13_nanoclusters_sol_prepared_by_chemical_synthesis_and_membrane_distillation,mechanism,145_Guo 等 - 2009 - High-concentration ɛ-Al13 nanoclusters sol prepared by chemical synthesis and membrane distillation,G:\paper\Sorted_Database\Mechanism\145_Guo 等 - 2009 - High-concentration ɛ-Al13 nanoclusters sol prepared by chemical synthesis and membrane distillation.pdf,G:\paper\Sorted_Database\Mechanism\145_Guo 等 - 2009 - High-concentration ɛ-Al13 nanoclusters sol prepared by chemical synthesis and membrane distillation.pdf,true,0.267,data\markdown\mechanism\145_Guo 等 - 2009 - High-concentration ɛ-Al13 nanoclusters sol prepared by chemical synthesis and membrane distillation.md,data\markdown\mechanism\145_Guo 等 - 2009 - High-concentration ɛ-Al13 nanoclusters sol prepared by chemical synthesis and membrane distillation.md,true,19770,exists_ok,data\outputs\mechanism\145_Guo 等 - 2009 - High-concentration ɛ-Al13 nanoclusters sol prepared by chemical synthesis and membrane distillation,data\outputs\145_Guo 等 - 2009 - High-concentration ɛ-Al13 nanoclusters sol prepared by chemical synthesis and membrane distillation,data\outputs\mechanism\145_Guo 等 - 2009 - High-concentration ɛ-Al13 nanoclusters sol prepared by chemical synthesis and membrane distillation,category_aware,true,false,false,false,false,markdown_ready,run_stage3_next
mechanism__146_guo_等_2023_ab_initio_molecular_dynamics_study_of_the_proton_transfer_in_hydroxyl_ion_induced_hydrolysis_of_alum,mechanism,146_Guo 等 - 2023 - Ab initio molecular dynamics study of the proton transfer in hydroxyl ion-induced hydrolysis of alum,G:\paper\Sorted_Database\Mechanism\146_Guo 等 - 2023 - Ab initio molecular dynamics study of the proton transfer in hydroxyl ion-induced hydrolysis of alum.pdf,G:\paper\Sorted_Database\Mechanism\146_Guo 等 - 2023 - Ab initio molecular dynamics study of the proton transfer in hydroxyl ion-induced hydrolysis of alum.pdf,true,4.938,data\markdown\mechanism\146_Guo 等 - 2023 - Ab initio molecular dynamics study of the proton transfer in hydroxyl ion-induced hydrolysis of alum.md,data\markdown\mechanism\146_Guo 等 - 2023 - Ab initio molecular dynamics study of the proton transfer in hydroxyl ion-induced hydrolysis of alum.md,true,49076,exists_ok,data\outputs\mechanism\146_Guo 等 - 2023 - Ab initio molecular dynamics study of the proton transfer in hydroxyl ion-induced hydrolysis of alum,data\outputs\146_Guo 等 - 2023 - Ab initio molecular dynamics study of the proton transfer in hydroxyl ion-induced hydrolysis of alum,data\outputs\mechanism\146_Guo 等 - 2023 - Ab initio molecular dynamics study of the proton transfer in hydroxyl ion-induced hydrolysis of alum,category_aware,true,false,false,false,false,markdown_ready,run_stage3_next
mechanism__147_harrison和luo_1994_studies_of_mixed_silicaalumina_and_silicaboric_oxide_materials_code_ap11,mechanism,147_Harrison和Luo - 1994 - Studies of mixed silicaalumina and silicaboric oxide materials Code AP11,G:\paper\Sorted_Database\Mechanism\147_Harrison和Luo - 1994 - Studies of mixed silicaalumina and silicaboric oxide materials Code AP11.pdf,G:\paper\Sorted_Database\Mechanism\147_Harrison和Luo - 1994 - Studies of mixed silicaalumina and silicaboric oxide materials Code AP11.pdf,true,0.397,data\markdown\mechanism\147_Harrison和Luo - 1994 - Studies of mixed silicaalumina and silicaboric oxide materials Code AP11.md,data\markdown\mechanism\147_Harrison和Luo - 1994 - Studies of mixed silicaalumina and silicaboric oxide materials Code AP11.md,true,19263,exists_ok,data\outputs\mechanism\147_Harrison和Luo - 1994 - Studies of mixed silicaalumina and silicaboric oxide materials Code AP11,data\outputs\147_Harrison和Luo - 1994 - Studies of mixed silicaalumina and silicaboric oxide materials Code AP11,data\outputs\mechanism\147_Harrison和Luo - 1994 - Studies of mixed silicaalumina and silicaboric oxide materials Code AP11,category_aware,true,false,false,false,false,markdown_ready,run_stage3_next
mechanism__149_hayden和rubin_1986_determination_of_monomeric_and_polynuclear_aluminum_iii_species_and_hydrolysis_constants,mechanism,149_Hayden和Rubin - 1986 - Determination of monomeric and polynuclear aluminum(III) species and hydrolysis constants,G:\paper\Sorted_Database\Mechanism\149_Hayden和Rubin - 1986 - Determination of monomeric and polynuclear aluminum(III) species and hydrolysis constants.pdf,G:\paper\Sorted_Database\Mechanism\149_Hayden和Rubin - 1986 - Determination of monomeric and polynuclear aluminum(III) species and hydrolysis constants.pdf,true,0.866,data\markdown\mechanism\149_Hayden和Rubin - 1986 - Determination of monomeric and polynuclear aluminum(III) species and hydrolysis constants.md,data\markdown\mechanism\149_Hayden和Rubin - 1986 - Determination of monomeric and polynuclear aluminum(III) species and hydrolysis constants.md,true,37672,exists_ok,data\outputs\mechanism\149_Hayden和Rubin - 1986 - Determination of monomeric and polynuclear aluminum(III) species and hydrolysis constants,data\outputs\149_Hayden和Rubin - 1986 - Determination of monomeric and polynuclear aluminum(III) species and hydrolysis constants,data\outputs\mechanism\149_Hayden和Rubin - 1986 - Determination of monomeric and polynuclear aluminum(III) species and hydrolysis constants,category_aware,true,false,false,false,false,markdown_ready,run_stage3_next
mechanism__150_hochepied和nortier_2002_influence_of_precipitation_conditions_ph_and_temperature_on_the_morphology_and_porosity_of_boehmit,mechanism,150_Hochepied和Nortier - 2002 - Influence of precipitation conditions (pH and temperature) on the morphology and porosity of boehmit,G:\paper\Sorted_Database\Mechanism\150_Hochepied和Nortier - 2002 - Influence of precipitation conditions (pH and temperature) on the morphology and porosity of boehmit.pdf,G:\paper\Sorted_Database\Mechanism\150_Hochepied和Nortier - 2002 - Influence of precipitation conditions (pH and temperature) on the morphology and porosity of boehmit.pdf,true,0.321,data\markdown\mechanism\150_Hochepied和Nortier - 2002 - Influence of precipitation conditions (pH and temperature) on the morphology and porosity of boehmit.md,data\markdown\mechanism\150_Hochepied和Nortier - 2002 - Influence of precipitation conditions (pH and temperature) on the morphology and porosity of boehmit.md,true,35901,exists_ok,data\outputs\mechanism\150_Hochepied和Nortier - 2002 - Influence of precipitation conditions (pH and temperature) on the morphology and porosity of boehmit,data\outputs\150_Hochepied和Nortier - 2002 - Influence of precipitation conditions (pH and temperature) on the morphology and porosity of boehmit,data\outputs\mechanism\150_Hochepied和Nortier - 2002 - Influence of precipitation conditions (pH and temperature) on the morphology and porosity of boehmit,category_aware,true,false,false,false,false,markdown_ready,run_stage3_next
mechanism__151_houston_等_2008_association_of_dissolved_aluminum_with_silica_connecting_molecular_structure_to_surface_reactivity,mechanism,151_Houston 等 - 2008 - Association of dissolved aluminum with silica Connecting molecular structure to surface reactivity,G:\paper\Sorted_Database\Mechanism\151_Houston 等 - 2008 - Association of dissolved aluminum with silica Connecting molecular structure to surface reactivity.pdf,G:\paper\Sorted_Database\Mechanism\151_Houston 等 - 2008 - Association of dissolved aluminum with silica Connecting molecular structure to surface reactivity.pdf,true,0.28,data\markdown\mechanism\151_Houston 等 - 2008 - Association of dissolved aluminum with silica Connecting molecular structure to surface reactivity.md,data\markdown\mechanism\151_Houston 等 - 2008 - Association of dissolved aluminum with silica Connecting molecular structure to surface reactivity.md,true,65158,exists_ok,data\outputs\mechanism\151_Houston 等 - 2008 - Association of dissolved aluminum with silica Connecting molecular structure to surface reactivity,data\outputs\151_Houston 等 - 2008 - Association of dissolved aluminum with silica Connecting molecular structure to surface reactivity,data\outputs\mechanism\151_Houston 等 - 2008 - Association of dissolved aluminum with silica Connecting molecular structure to surface reactivity,category_aware,true,false,false,false,false,markdown_ready,run_stage3_next
mechanism__155_janosovits_等_1997_structural_characterization_of_intermediate_species_during_synthesis_of_al2o3_aerogels,mechanism,155_Janosovits 等 - 1997 - Structural characterization of intermediate species during synthesis of Al2O3-aerogels,G:\paper\Sorted_Database\Mechanism\155_Janosovits 等 - 1997 - Structural characterization of intermediate species during synthesis of Al2O3-aerogels.pdf,G:\paper\Sorted_Database\Mechanism\155_Janosovits 等 - 1997 - Structural characterization of intermediate species during synthesis of Al2O3-aerogels.pdf,true,0.476,data\markdown\mechanism\155_Janosovits 等 - 1997 - Structural characterization of intermediate species during synthesis of Al2O3-aerogels.md,data\markdown\mechanism\155_Janosovits 等 - 1997 - Structural characterization of intermediate species during synthesis of Al2O3-aerogels.md,true,46361,exists_ok,data\outputs\mechanism\155_Janosovits 等 - 1997 - Structural characterization of intermediate species during synthesis of Al2O3-aerogels,data\outputs\155_Janosovits 等 - 1997 - Structural characterization of intermediate species during synthesis of Al2O3-aerogels,data\outputs\mechanism\155_Janosovits 等 - 1997 - Structural characterization of intermediate species during synthesis of Al2O3-aerogels,category_aware,true,false,false,false,false,markdown_ready,run_stage3_next
mechanism__156_jaymes_等_1995_synthesis_of_a_mullite_precursor_from_aluminum_nitrate_and_tetraethoxysilane_via_aqueous_homogeneous,mechanism,156_Jaymes 等 - 1995 - Synthesis of a mullite precursor from aluminum nitrate and tetraethoxysilane via aqueous homogeneous,G:\paper\Sorted_Database\Mechanism\156_Jaymes 等 - 1995 - Synthesis of a mullite precursor from aluminum nitrate and tetraethoxysilane via aqueous homogeneous.pdf,G:\paper\Sorted_Database\Mechanism\156_Jaymes 等 - 1995 - Synthesis of a mullite precursor from aluminum nitrate and tetraethoxysilane via aqueous homogeneous.pdf,true,5.704,data\markdown\mechanism\156_Jaymes 等 - 1995 - Synthesis of a mullite precursor from aluminum nitrate and tetraethoxysilane via aqueous homogeneous.md,data\markdown\mechanism\156_Jaymes 等 - 1995 - Synthesis of a mullite precursor from aluminum nitrate and tetraethoxysilane via aqueous homogeneous.md,true,52226,exists_ok,data\outputs\mechanism\156_Jaymes 等 - 1995 - Synthesis of a mullite precursor from aluminum nitrate and tetraethoxysilane via aqueous homogeneous,data\outputs\156_Jaymes 等 - 1995 - Synthesis of a mullite precursor from aluminum nitrate and tetraethoxysilane via aqueous homogeneous,data\outputs\mechanism\156_Jaymes 等 - 1995 - Synthesis of a mullite precursor from aluminum nitrate and tetraethoxysilane via aqueous homogeneous,category_aware,true,false,false,false,false,markdown_ready,run_stage3_next
mechanism__159_jolivet_等_2011_basic_concepts_of_the_crystallization_from_aqueous_solutions_the_example_of_aluminum_oxy_hydroxi_de,mechanism,159_Jolivet 等 - 2011 - Basic concepts of the crystallization from aqueous solutions The example of aluminum oxy(hydroxi)de,G:\paper\Sorted_Database\Mechanism\159_Jolivet 等 - 2011 - Basic concepts of the crystallization from aqueous solutions The example of aluminum oxy(hydroxi)de.pdf,G:\paper\Sorted_Database\Mechanism\159_Jolivet 等 - 2011 - Basic concepts of the crystallization from aqueous solutions The example of aluminum oxy(hydroxi)de.pdf,true,0.574,data\markdown\mechanism\159_Jolivet 等 - 2011 - Basic concepts of the crystallization from aqueous solutions The example of aluminum oxy(hydroxi)de.md,data\markdown\mechanism\159_Jolivet 等 - 2011 - Basic concepts of the crystallization from aqueous solutions The example of aluminum oxy(hydroxi)de.md,true,48296,exists_ok,data\outputs\mechanism\159_Jolivet 等 - 2011 - Basic concepts of the crystallization from aqueous solutions The example of aluminum oxy(hydroxi)de,data\outputs\159_Jolivet 等 - 2011 - Basic concepts of the crystallization from aqueous solutions The example of aluminum oxy(hydroxi)de,data\outputs\mechanism\159_Jolivet 等 - 2011 - Basic concepts of the crystallization from aqueous solutions The example of aluminum oxy(hydroxi)de,category_aware,true,false,false,false,false,markdown_ready,run_stage3_next
mechanism__160_kabelitz_等_2019_early_stage_in_situ_detection_of_polynuclear_aluminum_phases_in_aqueous_solution,mechanism,160_Kabelitz 等 - 2019 - Early stage in situ detection of polynuclear aluminum phases in aqueous solution,G:\paper\Sorted_Database\Mechanism\160_Kabelitz 等 - 2019 - Early stage in situ detection of polynuclear aluminum phases in aqueous solution.pdf,G:\paper\Sorted_Database\Mechanism\160_Kabelitz 等 - 2019 - Early stage in situ detection of polynuclear aluminum phases in aqueous solution.pdf,true,2.233,data\markdown\mechanism\160_Kabelitz 等 - 2019 - Early stage in situ detection of polynuclear aluminum phases in aqueous solution.md,data\markdown\mechanism\160_Kabelitz 等 - 2019 - Early stage in situ detection of polynuclear aluminum phases in aqueous solution.md,true,63045,exists_ok,data\outputs\mechanism\160_Kabelitz 等 - 2019 - Early stage in situ detection of polynuclear aluminum phases in aqueous solution,data\outputs\160_Kabelitz 等 - 2019 - Early stage in situ detection of polynuclear aluminum phases in aqueous solution,data\outputs\mechanism\160_Kabelitz 等 - 2019 - Early stage in situ detection of polynuclear aluminum phases in aqueous solution,category_aware,true,false,false,false,false,markdown_ready,run_stage3_next
mechanism__161_kalashnikov_等_2007_in_situultrasonic_monitoring_of_aluminum_ion_hydrolysis_in_aqueous_solutions_instrumentation_techn,mechanism,"161_Kalashnikov 等 - 2007 - In SituUltrasonic monitoring of aluminum ion hydrolysis in aqueous solutions Instrumentation, techn","G:\paper\Sorted_Database\Mechanism\161_Kalashnikov 等 - 2007 - In SituUltrasonic monitoring of aluminum ion hydrolysis in aqueous solutions Instrumentation, techn.pdf","G:\paper\Sorted_Database\Mechanism\161_Kalashnikov 等 - 2007 - In SituUltrasonic monitoring of aluminum ion hydrolysis in aqueous solutions Instrumentation, techn.pdf",true,0.43,"data\markdown\mechanism\161_Kalashnikov 等 - 2007 - In SituUltrasonic monitoring of aluminum ion hydrolysis in aqueous solutions Instrumentation, techn.md","data\markdown\mechanism\161_Kalashnikov 等 - 2007 - In SituUltrasonic monitoring of aluminum ion hydrolysis in aqueous solutions Instrumentation, techn.md",true,57133,exists_ok,"data\outputs\mechanism\161_Kalashnikov 等 - 2007 - In SituUltrasonic monitoring of aluminum ion hydrolysis in aqueous solutions Instrumentation, techn","data\outputs\161_Kalashnikov 等 - 2007 - In SituUltrasonic monitoring of aluminum ion hydrolysis in aqueous solutions Instrumentation, techn","data\outputs\mechanism\161_Kalashnikov 等 - 2007 - In SituUltrasonic monitoring of aluminum ion hydrolysis in aqueous solutions Instrumentation, techn",category_aware,true,false,false,false,false,markdown_ready,run_stage3_next
mechanism__162_kambe_等_2017_solution_phase_synthesis_of_al13_using_a_dendrimer_template,mechanism,162_Kambe 等 - 2017 - Solution-phase synthesis of Al13 − using a dendrimer template,G:\paper\Sorted_Database\Mechanism\162_Kambe 等 - 2017 - Solution-phase synthesis of Al13 − using a dendrimer template.pdf,G:\paper\Sorted_Database\Mechanism\162_Kambe 等 - 2017 - Solution-phase synthesis of Al13 − using a dendrimer template.pdf,true,1.631,data\markdown\mechanism\162_Kambe 等 - 2017 - Solution-phase synthesis of Al13 − using a dendrimer template.md,data\markdown\mechanism\162_Kambe 等 - 2017 - Solution-phase synthesis of Al13 − using a dendrimer template.md,true,44830,exists_ok,data\outputs\mechanism\162_Kambe 等 - 2017 - Solution-phase synthesis of Al13 − using a dendrimer template,data\outputs\162_Kambe 等 - 2017 - Solution-phase synthesis of Al13 − using a dendrimer template,data\outputs\mechanism\162_Kambe 等 - 2017 - Solution-phase synthesis of Al13 − using a dendrimer template,category_aware,true,false,false,false,false,markdown_ready,run_stage3_next
mechanism__166_kerven_等_1995_detrimental_sulfate_effects_on_formation_of_al_13_tridecameric_polycation_in_synthetic_soil_solution,mechanism,166_Kerven 等 - 1995 - Detrimental sulfate effects on formation of al‐13 tridecameric polycation in synthetic soil solution,G:\paper\Sorted_Database\Mechanism\166_Kerven 等 - 1995 - Detrimental sulfate effects on formation of al‐13 tridecameric polycation in synthetic soil solution.pdf,G:\paper\Sorted_Database\Mechanism\166_Kerven 等 - 1995 - Detrimental sulfate effects on formation of al‐13 tridecameric polycation in synthetic soil solution.pdf,true,0.694,data\markdown\mechanism\166_Kerven 等 - 1995 - Detrimental sulfate effects on formation of al‐13 tridecameric polycation in synthetic soil solution.md,data\markdown\mechanism\166_Kerven 等 - 1995 - Detrimental sulfate effects on formation of al‐13 tridecameric polycation in synthetic soil solution.md,true,41877,exists_ok,data\outputs\mechanism\166_Kerven 等 - 1995 - Detrimental sulfate effects on formation of al‐13 tridecameric polycation in synthetic soil solution,data\outputs\166_Kerven 等 - 1995 - Detrimental sulfate effects on formation of al‐13 tridecameric polycation in synthetic soil solution,data\outputs\mechanism\166_Kerven 等 - 1995 - Detrimental sulfate effects on formation of al‐13 tridecameric polycation in synthetic soil solution,category_aware,true,false,false,false,false,markdown_ready,run_stage3_next
mechanism__168_kloprogge_等_1992_a_27al_nuclear_magnetic_resonance_study_on_the_optimalization_of_the_development_of_the_al13_polymer,mechanism,168_Kloprogge 等 - 1992 - A 27Al nuclear magnetic resonance study on the optimalization of the development of the Al13 polymer,G:\paper\Sorted_Database\Mechanism\168_Kloprogge 等 - 1992 - A 27Al nuclear magnetic resonance study on the optimalization of the development of the Al13 polymer.pdf,G:\paper\Sorted_Database\Mechanism\168_Kloprogge 等 - 1992 - A 27Al nuclear magnetic resonance study on the optimalization of the development of the Al13 polymer.pdf,true,0.557,data\markdown\mechanism\168_Kloprogge 等 - 1992 - A 27Al nuclear magnetic resonance study on the optimalization of the development of the Al13 polymer.md,data\markdown\mechanism\168_Kloprogge 等 - 1992 - A 27Al nuclear magnetic resonance study on the optimalization of the development of the Al13 polymer.md,true,35643,exists_ok,data\outputs\mechanism\168_Kloprogge 等 - 1992 - A 27Al nuclear magnetic resonance study on the optimalization of the development of the Al13 polymer,data\outputs\168_Kloprogge 等 - 1992 - A 27Al nuclear magnetic resonance study on the optimalization of the development of the Al13 polymer,data\outputs\mechanism\168_Kloprogge 等 - 1992 - A 27Al nuclear magnetic resonance study on the optimalization of the development of the Al13 polymer,category_aware,true,false,false,false,false,markdown_ready,run_stage3_next
mechanism__169_kloprogge_等_1992_temperature_influence_on_the_al13_complex_in_partially_neutralized_aluminum_solutions_a_27al_nuclea,mechanism,169_Kloprogge 等 - 1992 - Temperature influence on the Al13 complex in partially neutralized aluminum solutions A 27Al nuclea,G:\paper\Sorted_Database\Mechanism\169_Kloprogge 等 - 1992 - Temperature influence on the Al13 complex in partially neutralized aluminum solutions A 27Al nuclea.pdf,G:\paper\Sorted_Database\Mechanism\169_Kloprogge 等 - 1992 - Temperature influence on the Al13 complex in partially neutralized aluminum solutions A 27Al nuclea.pdf,true,0.462,data\markdown\mechanism\169_Kloprogge 等 - 1992 - Temperature influence on the Al13 complex in partially neutralized aluminum solutions A 27Al nuclea.md,data\markdown\mechanism\169_Kloprogge 等 - 1992 - Temperature influence on the Al13 complex in partially neutralized aluminum solutions A 27Al nuclea.md,true,24415,exists_ok,data\outputs\mechanism\169_Kloprogge 等 - 1992 - Temperature influence on the Al13 complex in partially neutralized aluminum solutions A 27Al nuclea,data\outputs\169_Kloprogge 等 - 1992 - Temperature influence on the Al13 complex in partially neutralized aluminum solutions A 27Al nuclea,data\outputs\mechanism\169_Kloprogge 等 - 1992 - Temperature influence on the Al13 complex in partially neutralized aluminum solutions A 27Al nuclea,category_aware,true,false,false,false,false,markdown_ready,run_stage3_next
mechanism__170_kloprogge_等_2000_near_infrared_spectroscopic_study_of_alo4al12_oh_23_h2o_12_7_o_si_oh_3_nitrate_crystals_formed_by,mechanism,170_Kloprogge 等 - 2000 - Near-infrared spectroscopic study of [AlO4Al12(OH)23(H2O)12]7+-O-si(OH)3 nitrate crystals formed by,G:\paper\Sorted_Database\Mechanism\170_Kloprogge 等 - 2000 - Near-infrared spectroscopic study of [AlO4Al12(OH)23(H2O)12]7+-O-si(OH)3 nitrate crystals formed by.pdf,G:\paper\Sorted_Database\Mechanism\170_Kloprogge 等 - 2000 - Near-infrared spectroscopic study of [AlO4Al12(OH)23(H2O)12]7+-O-si(OH)3 nitrate crystals formed by.pdf,true,0.097,data\markdown\mechanism\170_Kloprogge 等 - 2000 - Near-infrared spectroscopic study of [AlO4Al12(OH)23(H2O)12]7+-O-si(OH)3 nitrate crystals formed by.md,data\markdown\mechanism\170_Kloprogge 等 - 2000 - Near-infrared spectroscopic study of [AlO4Al12(OH)23(H2O)12]7+-O-si(OH)3 nitrate crystals formed by.md,true,25008,exists_ok,data\outputs\mechanism\170_Kloprogge 等 - 2000 - Near-infrared spectroscopic study of [AlO4Al12(OH)23(H2O)12]7+-O-si(OH)3 nitrate crystals formed by,data\outputs\170_Kloprogge 等 - 2000 - Near-infrared spectroscopic study of [AlO4Al12(OH)23(H2O)12]7+-O-si(OH)3 nitrate crystals formed by,data\outputs\mechanism\170_Kloprogge 等 - 2000 - Near-infrared spectroscopic study of [AlO4Al12(OH)23(H2O)12]7+-O-si(OH)3 nitrate crystals formed by,category_aware,true,false,false,false,false,markdown_ready,run_stage3_next
mechanism__171_krishnamurti_等_1999_role_of_tartaric_acid_in_the_inhibition_of_the_formation_of_al13_tridecamer_using_sulfate_precipitat,mechanism,171_Krishnamurti 等 - 1999 - Role of tartaric acid in the inhibition of the formation of Al13 tridecamer using sulfate precipitat,G:\paper\Sorted_Database\Mechanism\171_Krishnamurti 等 - 1999 - Role of tartaric acid in the inhibition of the formation of Al13 tridecamer using sulfate precipitat.pdf,G:\paper\Sorted_Database\Mechanism\171_Krishnamurti 等 - 1999 - Role of tartaric acid in the inhibition of the formation of Al13 tridecamer using sulfate precipitat.pdf,true,0.688,data\markdown\mechanism\171_Krishnamurti 等 - 1999 - Role of tartaric acid in the inhibition of the formation of Al13 tridecamer using sulfate precipitat.md,data\markdown\mechanism\171_Krishnamurti 等 - 1999 - Role of tartaric acid in the inhibition of the formation of Al13 tridecamer using sulfate precipitat.md,true,28431,exists_ok,data\outputs\mechanism\171_Krishnamurti 等 - 1999 - Role of tartaric acid in the inhibition of the formation of Al13 tridecamer using sulfate precipitat,data\outputs\171_Krishnamurti 等 - 1999 - Role of tartaric acid in the inhibition of the formation of Al13 tridecamer using sulfate precipitat,data\outputs\mechanism\171_Krishnamurti 等 - 1999 - Role of tartaric acid in the inhibition of the formation of Al13 tridecamer using sulfate precipitat,category_aware,true,false,false,false,false,markdown_ready,run_stage3_next
mechanism__172_krishnamurti_等_2004_effects_of_pyrogallol_on_al13_tridecamer_formation_and_humification,mechanism,172_Krishnamurti 等 - 2004 - Effects of pyrogallol on Al13 tridecamer formation and humification,G:\paper\Sorted_Database\Mechanism\172_Krishnamurti 等 - 2004 - Effects of pyrogallol on Al13 tridecamer formation and humification.pdf,G:\paper\Sorted_Database\Mechanism\172_Krishnamurti 等 - 2004 - Effects of pyrogallol on Al13 tridecamer formation and humification.pdf,true,0.199,data\markdown\mechanism\172_Krishnamurti 等 - 2004 - Effects of pyrogallol on Al13 tridecamer formation and humification.md,data\markdown\mechanism\172_Krishnamurti 等 - 2004 - Effects of pyrogallol on Al13 tridecamer formation and humification.md,true,41625,exists_ok,data\outputs\mechanism\172_Krishnamurti 等 - 2004 - Effects of pyrogallol on Al13 tridecamer formation and humification,data\outputs\172_Krishnamurti 等 - 2004 - Effects of pyrogallol on Al13 tridecamer formation and humification,data\outputs\mechanism\172_Krishnamurti 等 - 2004 - Effects of pyrogallol on Al13 tridecamer formation and humification,category_aware,true,false,false,false,false,markdown_ready,run_stage3_next
mechanism__175_kumru和bale_1994_aggregation_in_aluminium_hydroxide_solutions_investigated_by_small_angle_x_ray_scattering,mechanism,175_Kumru和Bale - 1994 - Aggregation in aluminium hydroxide solutions investigated by small-angle X-ray scattering,G:\paper\Sorted_Database\Mechanism\175_Kumru和Bale - 1994 - Aggregation in aluminium hydroxide solutions investigated by small-angle X-ray scattering.pdf,G:\paper\Sorted_Database\Mechanism\175_Kumru和Bale - 1994 - Aggregation in aluminium hydroxide solutions investigated by small-angle X-ray scattering.pdf,true,1.044,data\markdown\mechanism\175_Kumru和Bale - 1994 - Aggregation in aluminium hydroxide solutions investigated by small-angle X-ray scattering.md,data\markdown\mechanism\175_Kumru和Bale - 1994 - Aggregation in aluminium hydroxide solutions investigated by small-angle X-ray scattering.md,true,49816,exists_ok,data\outputs\mechanism\175_Kumru和Bale - 1994 - Aggregation in aluminium hydroxide solutions investigated by small-angle X-ray scattering,data\outputs\175_Kumru和Bale - 1994 - Aggregation in aluminium hydroxide solutions investigated by small-angle X-ray scattering,data\outputs\mechanism\175_Kumru和Bale - 1994 - Aggregation in aluminium hydroxide solutions investigated by small-angle X-ray scattering,category_aware,true,false,false,false,false,markdown_ready,run_stage3_next
mechanism__176_kurajica_等_2019_multinuclear_magnetic_resonance_study_on_aluminium_sec_butoxide_chelated_with_ethyl_acetoacetate_in,mechanism,176_Kurajica 等 - 2019 - Multinuclear magnetic resonance study on aluminium sec-butoxide chelated with ethyl acetoacetate in,G:\paper\Sorted_Database\Mechanism\176_Kurajica 等 - 2019 - Multinuclear magnetic resonance study on aluminium sec-butoxide chelated with ethyl acetoacetate in.pdf,G:\paper\Sorted_Database\Mechanism\176_Kurajica 等 - 2019 - Multinuclear magnetic resonance study on aluminium sec-butoxide chelated with ethyl acetoacetate in.pdf,true,7.589,data\markdown\mechanism\176_Kurajica 等 - 2019 - Multinuclear magnetic resonance study on aluminium sec-butoxide chelated with ethyl acetoacetate in.md,data\markdown\mechanism\176_Kurajica 等 - 2019 - Multinuclear magnetic resonance study on aluminium sec-butoxide chelated with ethyl acetoacetate in.md,true,59907,exists_ok,data\outputs\mechanism\176_Kurajica 等 - 2019 - Multinuclear magnetic resonance study on aluminium sec-butoxide chelated with ethyl acetoacetate in,data\outputs\176_Kurajica 等 - 2019 - Multinuclear magnetic resonance study on aluminium sec-butoxide chelated with ethyl acetoacetate in,data\outputs\mechanism\176_Kurajica 等 - 2019 - Multinuclear magnetic resonance study on aluminium sec-butoxide chelated with ethyl acetoacetate in,category_aware,true,false,false,false,false,markdown_ready,run_stage3_next
mechanism__177_kureti和weisweiler_2002_a_novel_sol_gel_method_for_the_synthesis_of_γ_aluminium_oxide_development_of_the_sol_gel_transforma,mechanism,177_Kureti和Weisweiler - 2002 - A novel sol–gel method for the synthesis of γ-aluminium oxide Development of the sol–gel transforma,G:\paper\Sorted_Database\Mechanism\177_Kureti和Weisweiler - 2002 - A novel sol–gel method for the synthesis of γ-aluminium oxide Development of the sol–gel transforma.pdf,G:\paper\Sorted_Database\Mechanism\177_Kureti和Weisweiler - 2002 - A novel sol–gel method for the synthesis of γ-aluminium oxide Development of the sol–gel transforma.pdf,true,0.267,data\markdown\mechanism\177_Kureti和Weisweiler - 2002 - A novel sol–gel method for the synthesis of γ-aluminium oxide Development of the sol–gel transforma.md,data\markdown\mechanism\177_Kureti和Weisweiler - 2002 - A novel sol–gel method for the synthesis of γ-aluminium oxide Development of the sol–gel transforma.md,true,36020,exists_ok,data\outputs\mechanism\177_Kureti和Weisweiler - 2002 - A novel sol–gel method for the synthesis of γ-aluminium oxide Development of the sol–gel transforma,data\outputs\177_Kureti和Weisweiler - 2002 - A novel sol–gel method for the synthesis of γ-aluminium oxide Development of the sol–gel transforma,data\outputs\mechanism\177_Kureti和Weisweiler - 2002 - A novel sol–gel method for the synthesis of γ-aluminium oxide Development of the sol–gel transforma,category_aware,true,false,false,false,false,markdown_ready,run_stage3_next
mechanism__178_könig_等_2009_local_structural_changes_in_aluminum_isopropoxide_fluoride_xerogels_and_solids_as_a_consequence_of_t,mechanism,178_König 等 - 2009 - Local structural changes in aluminum isopropoxide fluoride xerogels and solids as a consequence of t,G:\paper\Sorted_Database\Mechanism\178_König 等 - 2009 - Local structural changes in aluminum isopropoxide fluoride xerogels and solids as a consequence of t.pdf,G:\paper\Sorted_Database\Mechanism\178_König 等 - 2009 - Local structural changes in aluminum isopropoxide fluoride xerogels and solids as a consequence of t.pdf,true,1.795,data\markdown\mechanism\178_König 等 - 2009 - Local structural changes in aluminum isopropoxide fluoride xerogels and solids as a consequence of t.md,data\markdown\mechanism\178_König 等 - 2009 - Local structural changes in aluminum isopropoxide fluoride xerogels and solids as a consequence of t.md,true,75170,exists_ok,data\outputs\mechanism\178_König 等 - 2009 - Local structural changes in aluminum isopropoxide fluoride xerogels and solids as a consequence of t,data\outputs\178_König 等 - 2009 - Local structural changes in aluminum isopropoxide fluoride xerogels and solids as a consequence of t,data\outputs\mechanism\178_König 等 - 2009 - Local structural changes in aluminum isopropoxide fluoride xerogels and solids as a consequence of t,category_aware,true,false,false,false,false,markdown_ready,run_stage3_next
mechanism__179_könig_等_2010_the_fluorolytic_sol_gel_reaction_of_aluminium_alkoxides_a_multinuclear_mas_nmr_study_of_structural,mechanism,179_König 等 - 2010 - The fluorolytic sol–gel reaction of aluminium alkoxides A multinuclear MAS NMR study of structural,G:\paper\Sorted_Database\Mechanism\179_König 等 - 2010 - The fluorolytic sol–gel reaction of aluminium alkoxides A multinuclear MAS NMR study of structural.pdf,G:\paper\Sorted_Database\Mechanism\179_König 等 - 2010 - The fluorolytic sol–gel reaction of aluminium alkoxides A multinuclear MAS NMR study of structural.pdf,true,0.915,data\markdown\mechanism\179_König 等 - 2010 - The fluorolytic sol–gel reaction of aluminium alkoxides A multinuclear MAS NMR study of structural.md,data\markdown\mechanism\179_König 等 - 2010 - The fluorolytic sol–gel reaction of aluminium alkoxides A multinuclear MAS NMR study of structural.md,true,64323,exists_ok,data\outputs\mechanism\179_König 等 - 2010 - The fluorolytic sol–gel reaction of aluminium alkoxides A multinuclear MAS NMR study of structural,data\outputs\179_König 等 - 2010 - The fluorolytic sol–gel reaction of aluminium alkoxides A multinuclear MAS NMR study of structural,data\outputs\mechanism\179_König 等 - 2010 - The fluorolytic sol–gel reaction of aluminium alkoxides A multinuclear MAS NMR study of structural,category_aware,true,false,false,false,false,markdown_ready,run_stage3_next
mechanism__180_lalik_等_1993_transformations_of_the_aluminum_al13_polyoxycation_intercalated_in_the_layered_lattice_of_molybden,mechanism,180_Lalik 等 - 1993 - Transformations of the aluminum (Al13) polyoxycation intercalated in the layered lattice of molybden,G:\paper\Sorted_Database\Mechanism\180_Lalik 等 - 1993 - Transformations of the aluminum (Al13) polyoxycation intercalated in the layered lattice of molybden.pdf,G:\paper\Sorted_Database\Mechanism\180_Lalik 等 - 1993 - Transformations of the aluminum (Al13) polyoxycation intercalated in the layered lattice of molybden.pdf,true,1.756,data\markdown\mechanism\180_Lalik 等 - 1993 - Transformations of the aluminum (Al13) polyoxycation intercalated in the layered lattice of molybden.md,data\markdown\mechanism\180_Lalik 等 - 1993 - Transformations of the aluminum (Al13) polyoxycation intercalated in the layered lattice of molybden.md,true,26896,exists_ok,data\outputs\mechanism\180_Lalik 等 - 1993 - Transformations of the aluminum (Al13) polyoxycation intercalated in the layered lattice of molybden,data\outputs\180_Lalik 等 - 1993 - Transformations of the aluminum (Al13) polyoxycation intercalated in the layered lattice of molybden,data\outputs\mechanism\180_Lalik 等 - 1993 - Transformations of the aluminum (Al13) polyoxycation intercalated in the layered lattice of molybden,category_aware,true,false,false,false,false,markdown_ready,run_stage3_next
mechanism__181_lanzani_等_2012_study_of_the_stability_of_aluminium_trimeric_clusters_in_aqueous_solutions,mechanism,181_Lanzani 等 - 2012 - Study of the stability of aluminium trimeric clusters in aqueous solutions,G:\paper\Sorted_Database\Mechanism\181_Lanzani 等 - 2012 - Study of the stability of aluminium trimeric clusters in aqueous solutions.pdf,G:\paper\Sorted_Database\Mechanism\181_Lanzani 等 - 2012 - Study of the stability of aluminium trimeric clusters in aqueous solutions.pdf,true,0.465,data\markdown\mechanism\181_Lanzani 等 - 2012 - Study of the stability of aluminium trimeric clusters in aqueous solutions.md,data\markdown\mechanism\181_Lanzani 等 - 2012 - Study of the stability of aluminium trimeric clusters in aqueous solutions.md,true,53027,exists_ok,data\outputs\mechanism\181_Lanzani 等 - 2012 - Study of the stability of aluminium trimeric clusters in aqueous solutions,data\outputs\181_Lanzani 等 - 2012 - Study of the stability of aluminium trimeric clusters in aqueous solutions,data\outputs\mechanism\181_Lanzani 等 - 2012 - Study of the stability of aluminium trimeric clusters in aqueous solutions,category_aware,true,false,false,false,false,markdown_ready,run_stage3_next
mechanism__182_lartiges_等_1997_flocculation_of_colloidal_silica_with_hydrolyzed_aluminum_an_27al_solid_state_nmr_investigation,mechanism,182_Lartiges 等 - 1997 - Flocculation of colloidal silica with hydrolyzed aluminum An 27Al solid state NMR investigation,G:\paper\Sorted_Database\Mechanism\182_Lartiges 等 - 1997 - Flocculation of colloidal silica with hydrolyzed aluminum An 27Al solid state NMR investigation.pdf,G:\paper\Sorted_Database\Mechanism\182_Lartiges 等 - 1997 - Flocculation of colloidal silica with hydrolyzed aluminum An 27Al solid state NMR investigation.pdf,true,0.188,data\markdown\mechanism\182_Lartiges 等 - 1997 - Flocculation of colloidal silica with hydrolyzed aluminum An 27Al solid state NMR investigation.md,data\markdown\mechanism\182_Lartiges 等 - 1997 - Flocculation of colloidal silica with hydrolyzed aluminum An 27Al solid state NMR investigation.md,true,36886,exists_ok,data\outputs\mechanism\182_Lartiges 等 - 1997 - Flocculation of colloidal silica with hydrolyzed aluminum An 27Al solid state NMR investigation,data\outputs\182_Lartiges 等 - 1997 - Flocculation of colloidal silica with hydrolyzed aluminum An 27Al solid state NMR investigation,data\outputs\mechanism\182_Lartiges 等 - 1997 - Flocculation of colloidal silica with hydrolyzed aluminum An 27Al solid state NMR investigation,category_aware,true,false,false,false,false,markdown_ready,run_stage3_next
mechanism__183_letterman和asolekar_1990_surface_ionization_of_polynuclear_species_in_al_iii_hydrolysis_ii_a_conditional_equilibrium_model,mechanism,183_Letterman和Asolekar - 1990 - Surface ionization of polynuclear species in al(III) hydrolysis—II. A conditional equilibrium model,G:\paper\Sorted_Database\Mechanism\183_Letterman和Asolekar - 1990 - Surface ionization of polynuclear species in al(III) hydrolysis—II. A conditional equilibrium model.pdf,G:\paper\Sorted_Database\Mechanism\183_Letterman和Asolekar - 1990 - Surface ionization of polynuclear species in al(III) hydrolysis—II. A conditional equilibrium model.pdf,true,0.583,data\markdown\mechanism\183_Letterman和Asolekar - 1990 - Surface ionization of polynuclear species in al(III) hydrolysis—II. A conditional equilibrium model.md,data\markdown\mechanism\183_Letterman和Asolekar - 1990 - Surface ionization of polynuclear species in al(III) hydrolysis—II. A conditional equilibrium model.md,true,37613,exists_ok,data\outputs\mechanism\183_Letterman和Asolekar - 1990 - Surface ionization of polynuclear species in al(III) hydrolysis—II. A conditional equilibrium model,data\outputs\183_Letterman和Asolekar - 1990 - Surface ionization of polynuclear species in al(III) hydrolysis—II. A conditional equilibrium model,data\outputs\mechanism\183_Letterman和Asolekar - 1990 - Surface ionization of polynuclear species in al(III) hydrolysis—II. A conditional equilibrium model,category_aware,true,false,false,false,false,markdown_ready,run_stage3_next
mechanism__186_li_等_2019_dft_studies_on_the_al_speciation_and_its_structure_in_aqueous_aluminum_sol_formed_by_aluminum_formoa,mechanism,186_Li 等 - 2019 - DFT studies on the al-speciation and its structure in aqueous aluminum sol formed by aluminum formoa,G:\paper\Sorted_Database\Mechanism\186_Li 等 - 2019 - DFT studies on the al-speciation and its structure in aqueous aluminum sol formed by aluminum formoa.pdf,G:\paper\Sorted_Database\Mechanism\186_Li 等 - 2019 - DFT studies on the al-speciation and its structure in aqueous aluminum sol formed by aluminum formoa.pdf,true,7.26,data\markdown\mechanism\186_Li 等 - 2019 - DFT studies on the al-speciation and its structure in aqueous aluminum sol formed by aluminum formoa.md,data\markdown\mechanism\186_Li 等 - 2019 - DFT studies on the al-speciation and its structure in aqueous aluminum sol formed by aluminum formoa.md,true,49420,exists_ok,data\outputs\mechanism\186_Li 等 - 2019 - DFT studies on the al-speciation and its structure in aqueous aluminum sol formed by aluminum formoa,data\outputs\186_Li 等 - 2019 - DFT studies on the al-speciation and its structure in aqueous aluminum sol formed by aluminum formoa,data\outputs\mechanism\186_Li 等 - 2019 - DFT studies on the al-speciation and its structure in aqueous aluminum sol formed by aluminum formoa,category_aware,true,false,false,false,false,markdown_ready,run_stage3_next
mechanism__187_li_等_2019_influence_of_h3o_on_the_structure_formation_of_oligomers_in_aluminium_sols_prepared_from_basic_alum,mechanism,187_Li 等 - 2019 - Influence of H3O+ on the structure formation of oligomers in aluminium sols prepared from basic alum,G:\paper\Sorted_Database\Mechanism\187_Li 等 - 2019 - Influence of H3O+ on the structure formation of oligomers in aluminium sols prepared from basic alum.pdf,G:\paper\Sorted_Database\Mechanism\187_Li 等 - 2019 - Influence of H3O+ on the structure formation of oligomers in aluminium sols prepared from basic alum.pdf,true,8.955,data\markdown\mechanism\187_Li 等 - 2019 - Influence of H3O+ on the structure formation of oligomers in aluminium sols prepared from basic alum.md,data\markdown\mechanism\187_Li 等 - 2019 - Influence of H3O+ on the structure formation of oligomers in aluminium sols prepared from basic alum.md,true,83636,exists_ok,data\outputs\mechanism\187_Li 等 - 2019 - Influence of H3O+ on the structure formation of oligomers in aluminium sols prepared from basic alum,data\outputs\187_Li 等 - 2019 - Influence of H3O+ on the structure formation of oligomers in aluminium sols prepared from basic alum,data\outputs\mechanism\187_Li 等 - 2019 - Influence of H3O+ on the structure formation of oligomers in aluminium sols prepared from basic alum,category_aware,true,false,false,false,false,markdown_ready,run_stage3_next
mechanism__188_li_等_2020_a_density_functional_theory_study_on_the_structure_formation_of_al_iii_carboxylate_complexes_in_aqu,mechanism,188_Li 等 - 2020 - A density functional theory study on the structure formation of al(III) carboxylate complexes in aqu,G:\paper\Sorted_Database\Mechanism\188_Li 等 - 2020 - A density functional theory study on the structure formation of al(III) carboxylate complexes in aqu.pdf,G:\paper\Sorted_Database\Mechanism\188_Li 等 - 2020 - A density functional theory study on the structure formation of al(III) carboxylate complexes in aqu.pdf,true,3.322,data\markdown\mechanism\188_Li 等 - 2020 - A density functional theory study on the structure formation of al(III) carboxylate complexes in aqu.md,data\markdown\mechanism\188_Li 等 - 2020 - A density functional theory study on the structure formation of al(III) carboxylate complexes in aqu.md,true,48421,exists_ok,data\outputs\mechanism\188_Li 等 - 2020 - A density functional theory study on the structure formation of al(III) carboxylate complexes in aqu,data\outputs\188_Li 等 - 2020 - A density functional theory study on the structure formation of al(III) carboxylate complexes in aqu,data\outputs\mechanism\188_Li 等 - 2020 - A density functional theory study on the structure formation of al(III) carboxylate complexes in aqu,category_aware,true,false,false,false,false,markdown_ready,run_stage3_next
mechanism__190_lima_等_2005_structural_evolution_of_phosphated_alumina_during_sol_gel_synthesis,mechanism,190_Lima 等 - 2005 - Structural evolution of phosphated alumina during sol−gel synthesis,G:\paper\Sorted_Database\Mechanism\190_Lima 等 - 2005 - Structural evolution of phosphated alumina during sol−gel synthesis.pdf,G:\paper\Sorted_Database\Mechanism\190_Lima 等 - 2005 - Structural evolution of phosphated alumina during sol−gel synthesis.pdf,true,0.16,data\markdown\mechanism\190_Lima 等 - 2005 - Structural evolution of phosphated alumina during sol−gel synthesis.md,data\markdown\mechanism\190_Lima 等 - 2005 - Structural evolution of phosphated alumina during sol−gel synthesis.md,true,29553,exists_ok,data\outputs\mechanism\190_Lima 等 - 2005 - Structural evolution of phosphated alumina during sol−gel synthesis,data\outputs\190_Lima 等 - 2005 - Structural evolution of phosphated alumina during sol−gel synthesis,data\outputs\mechanism\190_Lima 等 - 2005 - Structural evolution of phosphated alumina during sol−gel synthesis,category_aware,true,false,false,false,false,markdown_ready,run_stage3_next
mechanism__191_lin和lee_2010_purification_of_aluminum_tridecamer_salt_using_organic_solvent_precipitation,mechanism,191_Lin和Lee - 2010 - Purification of aluminum tridecamer salt using organic solvent precipitation,G:\paper\Sorted_Database\Mechanism\191_Lin和Lee - 2010 - Purification of aluminum tridecamer salt using organic solvent precipitation.pdf,G:\paper\Sorted_Database\Mechanism\191_Lin和Lee - 2010 - Purification of aluminum tridecamer salt using organic solvent precipitation.pdf,true,0.379,data\markdown\mechanism\191_Lin和Lee - 2010 - Purification of aluminum tridecamer salt using organic solvent precipitation.md,data\markdown\mechanism\191_Lin和Lee - 2010 - Purification of aluminum tridecamer salt using organic solvent precipitation.md,true,19250,exists_ok,data\outputs\mechanism\191_Lin和Lee - 2010 - Purification of aluminum tridecamer salt using organic solvent precipitation,data\outputs\191_Lin和Lee - 2010 - Purification of aluminum tridecamer salt using organic solvent precipitation,data\outputs\mechanism\191_Lin和Lee - 2010 - Purification of aluminum tridecamer salt using organic solvent precipitation,category_aware,true,false,false,false,false,markdown_ready,run_stage3_next
mechanism__192_liu_等_2003_characteristics_of_nanosized_polyaluminum_chloride_coagulant_prepared_by_electrolysis_process,mechanism,192_Liu 等 - 2003 - Characteristics of nanosized polyaluminum chloride coagulant prepared by electrolysis process,G:\paper\Sorted_Database\Mechanism\192_Liu 等 - 2003 - Characteristics of nanosized polyaluminum chloride coagulant prepared by electrolysis process.pdf,G:\paper\Sorted_Database\Mechanism\192_Liu 等 - 2003 - Characteristics of nanosized polyaluminum chloride coagulant prepared by electrolysis process.pdf,true,0.296,data\markdown\mechanism\192_Liu 等 - 2003 - Characteristics of nanosized polyaluminum chloride coagulant prepared by electrolysis process.md,data\markdown\mechanism\192_Liu 等 - 2003 - Characteristics of nanosized polyaluminum chloride coagulant prepared by electrolysis process.md,true,28076,exists_ok,data\outputs\mechanism\192_Liu 等 - 2003 - Characteristics of nanosized polyaluminum chloride coagulant prepared by electrolysis process,data\outputs\192_Liu 等 - 2003 - Characteristics of nanosized polyaluminum chloride coagulant prepared by electrolysis process,data\outputs\mechanism\192_Liu 等 - 2003 - Characteristics of nanosized polyaluminum chloride coagulant prepared by electrolysis process,category_aware,true,false,false,false,false,markdown_ready,run_stage3_next
mechanism__197_liu_等_2024_elucidating_the_hydrolysis_and_polymerization_reactions_of_al3_solvated_molecules_by_reactive_molec,mechanism,197_Liu 等 - 2024 - Elucidating the hydrolysis and polymerization reactions of Al3+-solvated molecules by reactive molec,G:\paper\Sorted_Database\Mechanism\197_Liu 等 - 2024 - Elucidating the hydrolysis and polymerization reactions of Al3+-solvated molecules by reactive molec.pdf,G:\paper\Sorted_Database\Mechanism\197_Liu 等 - 2024 - Elucidating the hydrolysis and polymerization reactions of Al3+-solvated molecules by reactive molec.pdf,true,28.376,data\markdown\mechanism\197_Liu 等 - 2024 - Elucidating the hydrolysis and polymerization reactions of Al3+-solvated molecules by reactive molec.md,data\markdown\mechanism\197_Liu 等 - 2024 - Elucidating the hydrolysis and polymerization reactions of Al3+-solvated molecules by reactive molec.md,true,65176,exists_ok,data\outputs\mechanism\197_Liu 等 - 2024 - Elucidating the hydrolysis and polymerization reactions of Al3+-solvated molecules by reactive molec,data\outputs\197_Liu 等 - 2024 - Elucidating the hydrolysis and polymerization reactions of Al3+-solvated molecules by reactive molec,data\outputs\mechanism\197_Liu 等 - 2024 - Elucidating the hydrolysis and polymerization reactions of Al3+-solvated molecules by reactive molec,category_aware,true,false,false,false,false,markdown_ready,run_stage3_next
mechanism__198_liu_等_2025_direct_observation_of_key_aluminum_hydroxide_prenucleation_oligomers_for_gibbsite_nucleation_and_cry,mechanism,198_Liu 等 - 2025 - Direct observation of key aluminum hydroxide prenucleation oligomers for gibbsite nucleation and cry,G:\paper\Sorted_Database\Mechanism\198_Liu 等 - 2025 - Direct observation of key aluminum hydroxide prenucleation oligomers for gibbsite nucleation and cry.pdf,G:\paper\Sorted_Database\Mechanism\198_Liu 等 - 2025 - Direct observation of key aluminum hydroxide prenucleation oligomers for gibbsite nucleation and cry.pdf,true,6.261,data\markdown\mechanism\198_Liu 等 - 2025 - Direct observation of key aluminum hydroxide prenucleation oligomers for gibbsite nucleation and cry.md,data\markdown\mechanism\198_Liu 等 - 2025 - Direct observation of key aluminum hydroxide prenucleation oligomers for gibbsite nucleation and cry.md,true,88785,exists_ok,data\outputs\mechanism\198_Liu 等 - 2025 - Direct observation of key aluminum hydroxide prenucleation oligomers for gibbsite nucleation and cry,data\outputs\198_Liu 等 - 2025 - Direct observation of key aluminum hydroxide prenucleation oligomers for gibbsite nucleation and cry,data\outputs\mechanism\198_Liu 等 - 2025 - Direct observation of key aluminum hydroxide prenucleation oligomers for gibbsite nucleation and cry,category_aware,true,false,false,false,false,markdown_ready,run_stage3_next
mechanism__203_macêdo_等_2004_sol_gel_synthesis_of_transparent_alumina_gel_and_pure_gamma_alumina_by_urea_hydrolysis_of_aluminum_n,mechanism,203_Macêdo 等 - 2004 - Sol-gel synthesis of transparent alumina gel and pure gamma alumina by urea hydrolysis of aluminum n,G:\paper\Sorted_Database\Mechanism\203_Macêdo 等 - 2004 - Sol-gel synthesis of transparent alumina gel and pure gamma alumina by urea hydrolysis of aluminum n.pdf,G:\paper\Sorted_Database\Mechanism\203_Macêdo 等 - 2004 - Sol-gel synthesis of transparent alumina gel and pure gamma alumina by urea hydrolysis of aluminum n.pdf,true,0.112,data\markdown\mechanism\203_Macêdo 等 - 2004 - Sol-gel synthesis of transparent alumina gel and pure gamma alumina by urea hydrolysis of aluminum n.md,data\markdown\mechanism\203_Macêdo 等 - 2004 - Sol-gel synthesis of transparent alumina gel and pure gamma alumina by urea hydrolysis of aluminum n.md,true,25511,exists_ok,data\outputs\mechanism\203_Macêdo 等 - 2004 - Sol-gel synthesis of transparent alumina gel and pure gamma alumina by urea hydrolysis of aluminum n,data\outputs\203_Macêdo 等 - 2004 - Sol-gel synthesis of transparent alumina gel and pure gamma alumina by urea hydrolysis of aluminum n,data\outputs\mechanism\203_Macêdo 等 - 2004 - Sol-gel synthesis of transparent alumina gel and pure gamma alumina by urea hydrolysis of aluminum n,category_aware,true,false,false,false,false,markdown_ready,run_stage3_next
mechanism__207_masion_等_1994_chemistry_and_structure_of_al_oh_organic_precipitates_a_small_angle_x_ray_scattering_study_3_dep,mechanism,207_Masion 等 - 1994 - Chemistry and structure of al(OH)organic precipitates. A small-angle X-ray scattering study. 3. Dep,G:\paper\Sorted_Database\Mechanism\207_Masion 等 - 1994 - Chemistry and structure of al(OH)organic precipitates. A small-angle X-ray scattering study. 3. Dep.pdf,G:\paper\Sorted_Database\Mechanism\207_Masion 等 - 1994 - Chemistry and structure of al(OH)organic precipitates. A small-angle X-ray scattering study. 3. Dep.pdf,true,0.428,data\markdown\mechanism\207_Masion 等 - 1994 - Chemistry and structure of al(OH)organic precipitates. A small-angle X-ray scattering study. 3. Dep.md,data\markdown\mechanism\207_Masion 等 - 1994 - Chemistry and structure of al(OH)organic precipitates. A small-angle X-ray scattering study. 3. Dep.md,true,22228,exists_ok,data\outputs\mechanism\207_Masion 等 - 1994 - Chemistry and structure of al(OH)organic precipitates. A small-angle X-ray scattering study. 3. Dep,data\outputs\207_Masion 等 - 1994 - Chemistry and structure of al(OH)organic precipitates. A small-angle X-ray scattering study. 3. Dep,data\outputs\mechanism\207_Masion 等 - 1994 - Chemistry and structure of al(OH)organic precipitates. A small-angle X-ray scattering study. 3. Dep,category_aware,true,false,false,false,false,markdown_ready,run_stage3_next
mechanism__208_masion_等_1994_formation_of_amorphous_precipitates_from_aluminum_organic_ligands_solutions_macroscopic_and_molecul,mechanism,208_Masion 等 - 1994 - Formation of amorphous precipitates from aluminum-organic ligands solutions Macroscopic and molecul,G:\paper\Sorted_Database\Mechanism\208_Masion 等 - 1994 - Formation of amorphous precipitates from aluminum-organic ligands solutions Macroscopic and molecul.pdf,G:\paper\Sorted_Database\Mechanism\208_Masion 等 - 1994 - Formation of amorphous precipitates from aluminum-organic ligands solutions Macroscopic and molecul.pdf,true,0.742,data\markdown\mechanism\208_Masion 等 - 1994 - Formation of amorphous precipitates from aluminum-organic ligands solutions Macroscopic and molecul.md,data\markdown\mechanism\208_Masion 等 - 1994 - Formation of amorphous precipitates from aluminum-organic ligands solutions Macroscopic and molecul.md,true,36938,exists_ok,data\outputs\mechanism\208_Masion 等 - 1994 - Formation of amorphous precipitates from aluminum-organic ligands solutions Macroscopic and molecul,data\outputs\208_Masion 等 - 1994 - Formation of amorphous precipitates from aluminum-organic ligands solutions Macroscopic and molecul,data\outputs\mechanism\208_Masion 等 - 1994 - Formation of amorphous precipitates from aluminum-organic ligands solutions Macroscopic and molecul,category_aware,true,false,false,false,false,markdown_ready,run_stage3_next
mechanism__209_mathieu_等_2007_control_of_the_morphology_and_particle_size_of_boehmite_nanoparticles_synthesized_under_hydrothermal,mechanism,209_Mathieu 等 - 2007 - Control of the morphology and particle size of boehmite nanoparticles synthesized under hydrothermal,G:\paper\Sorted_Database\Mechanism\209_Mathieu 等 - 2007 - Control of the morphology and particle size of boehmite nanoparticles synthesized under hydrothermal.pdf,G:\paper\Sorted_Database\Mechanism\209_Mathieu 等 - 2007 - Control of the morphology and particle size of boehmite nanoparticles synthesized under hydrothermal.pdf,true,0.397,data\markdown\mechanism\209_Mathieu 等 - 2007 - Control of the morphology and particle size of boehmite nanoparticles synthesized under hydrothermal.md,data\markdown\mechanism\209_Mathieu 等 - 2007 - Control of the morphology and particle size of boehmite nanoparticles synthesized under hydrothermal.md,true,47738,exists_ok,data\outputs\mechanism\209_Mathieu 等 - 2007 - Control of the morphology and particle size of boehmite nanoparticles synthesized under hydrothermal,data\outputs\209_Mathieu 等 - 2007 - Control of the morphology and particle size of boehmite nanoparticles synthesized under hydrothermal,data\outputs\mechanism\209_Mathieu 等 - 2007 - Control of the morphology and particle size of boehmite nanoparticles synthesized under hydrothermal,category_aware,true,false,false,false,false,markdown_ready,run_stage3_next
mechanism__210_may_等_1997_precursor_aluminum_effect_in_the_synthesis_of_sol_ąígel_si_ąíal_catalysts_äč_ftir_and_nmr_character,mechanism,210_May 等 - 1997 - Precursor aluminum effect in the synthesis of sol‚ąíGel si‚ąíAl catalysts‚ÄČ FTIR and NMR character,G:\paper\Sorted_Database\Mechanism\210_May 等 - 1997 - Precursor aluminum effect in the synthesis of sol‚ąíGel si‚ąíAl catalysts‚ÄČ FTIR and NMR character.pdf,G:\paper\Sorted_Database\Mechanism\210_May 等 - 1997 - Precursor aluminum effect in the synthesis of sol‚ąíGel si‚ąíAl catalysts‚ÄČ FTIR and NMR character.pdf,true,0.111,data\markdown\mechanism\210_May 等 - 1997 - Precursor aluminum effect in the synthesis of sol‚ąíGel si‚ąíAl catalysts‚ÄČ FTIR and NMR character.md,data\markdown\mechanism\210_May 等 - 1997 - Precursor aluminum effect in the synthesis of sol‚ąíGel si‚ąíAl catalysts‚ÄČ FTIR and NMR character.md,true,23247,exists_ok,data\outputs\mechanism\210_May 等 - 1997 - Precursor aluminum effect in the synthesis of sol‚ąíGel si‚ąíAl catalysts‚ÄČ FTIR and NMR character,data\outputs\210_May 等 - 1997 - Precursor aluminum effect in the synthesis of sol‚ąíGel si‚ąíAl catalysts‚ÄČ FTIR and NMR character,data\outputs\mechanism\210_May 等 - 1997 - Precursor aluminum effect in the synthesis of sol‚ąíGel si‚ąíAl catalysts‚ÄČ FTIR and NMR character,category_aware,true,false,false,false,false,markdown_ready,run_stage3_next
mechanism__211_mezei_等_1998_chemical_processes_involved_in_the_sol_gel_preparation_of_an_aluminium_oxohydroxide_gel_from_alumini,mechanism,211_Mezei 等 - 1998 - Chemical processes involved in the sol–gel preparation of an aluminium oxohydroxide gel from alumini,G:\paper\Sorted_Database\Mechanism\211_Mezei 等 - 1998 - Chemical processes involved in the sol–gel preparation of an aluminium oxohydroxide gel from alumini.pdf,G:\paper\Sorted_Database\Mechanism\211_Mezei 等 - 1998 - Chemical processes involved in the sol–gel preparation of an aluminium oxohydroxide gel from alumini.pdf,true,0.139,data\markdown\mechanism\211_Mezei 等 - 1998 - Chemical processes involved in the sol–gel preparation of an aluminium oxohydroxide gel from alumini.md,data\markdown\mechanism\211_Mezei 等 - 1998 - Chemical processes involved in the sol–gel preparation of an aluminium oxohydroxide gel from alumini.md,true,39944,exists_ok,data\outputs\mechanism\211_Mezei 等 - 1998 - Chemical processes involved in the sol–gel preparation of an aluminium oxohydroxide gel from alumini,data\outputs\211_Mezei 等 - 1998 - Chemical processes involved in the sol–gel preparation of an aluminium oxohydroxide gel from alumini,data\outputs\mechanism\211_Mezei 等 - 1998 - Chemical processes involved in the sol–gel preparation of an aluminium oxohydroxide gel from alumini,category_aware,true,false,false,false,false,markdown_ready,run_stage3_next
mechanism__214_monsef_mirzai_等_1991_some_observations_on_the_reaction_of_tris_isopropoxoaluminium_iii_with_limited_quantities_of_water,mechanism,214_Monsef-Mirzai 等 - 1991 - Some observations on the reaction of tris-isopropoxoaluminium(III) with limited quantities of water,G:\paper\Sorted_Database\Mechanism\214_Monsef-Mirzai 等 - 1991 - Some observations on the reaction of tris-isopropoxoaluminium(III) with limited quantities of water.pdf,G:\paper\Sorted_Database\Mechanism\214_Monsef-Mirzai 等 - 1991 - Some observations on the reaction of tris-isopropoxoaluminium(III) with limited quantities of water.pdf,true,0.53,data\markdown\mechanism\214_Monsef-Mirzai 等 - 1991 - Some observations on the reaction of tris-isopropoxoaluminium(III) with limited quantities of water.md,data\markdown\mechanism\214_Monsef-Mirzai 等 - 1991 - Some observations on the reaction of tris-isopropoxoaluminium(III) with limited quantities of water.md,true,24045,exists_ok,data\outputs\mechanism\214_Monsef-Mirzai 等 - 1991 - Some observations on the reaction of tris-isopropoxoaluminium(III) with limited quantities of water,data\outputs\214_Monsef-Mirzai 等 - 1991 - Some observations on the reaction of tris-isopropoxoaluminium(III) with limited quantities of water,data\outputs\mechanism\214_Monsef-Mirzai 等 - 1991 - Some observations on the reaction of tris-isopropoxoaluminium(III) with limited quantities of water,category_aware,true,false,false,false,false,markdown_ready,run_stage3_next
mechanism__216_morgado_jr_等_1995_characterization_of_peptized_boehmite_systems_an27al_nuclear_magnetic_resonance_study,mechanism,216_Morgado Jr. 等 - 1995 - Characterization of peptized boehmite systems An27Al nuclear magnetic resonance study,G:\paper\Sorted_Database\Mechanism\216_Morgado Jr. 等 - 1995 - Characterization of peptized boehmite systems An27Al nuclear magnetic resonance study.pdf,G:\paper\Sorted_Database\Mechanism\216_Morgado Jr. 等 - 1995 - Characterization of peptized boehmite systems An27Al nuclear magnetic resonance study.pdf,true,0.176,data\markdown\mechanism\216_Morgado Jr. 等 - 1995 - Characterization of peptized boehmite systems An27Al nuclear magnetic resonance study.md,data\markdown\mechanism\216_Morgado Jr. 等 - 1995 - Characterization of peptized boehmite systems An27Al nuclear magnetic resonance study.md,true,55126,exists_ok,data\outputs\mechanism\216_Morgado Jr. 等 - 1995 - Characterization of peptized boehmite systems An27Al nuclear magnetic resonance study,data\outputs\216_Morgado Jr. 等 - 1995 - Characterization of peptized boehmite systems An27Al nuclear magnetic resonance study,data\outputs\mechanism\216_Morgado Jr. 等 - 1995 - Characterization of peptized boehmite systems An27Al nuclear magnetic resonance study,category_aware,true,false,false,false,false,markdown_ready,run_stage3_next
mechanism__217_morgado_等_1997_formation_of_peptizable_boehmites_by_hydrolysis_of_aluminum_nitrate_in_aqueous_solution,mechanism,217_Morgado 等 - 1997 - Formation of peptizable boehmites by hydrolysis of aluminum nitrate in aqueous solution,G:\paper\Sorted_Database\Mechanism\217_Morgado 等 - 1997 - Formation of peptizable boehmites by hydrolysis of aluminum nitrate in aqueous solution.pdf,G:\paper\Sorted_Database\Mechanism\217_Morgado 等 - 1997 - Formation of peptizable boehmites by hydrolysis of aluminum nitrate in aqueous solution.pdf,true,0.738,data\markdown\mechanism\217_Morgado 等 - 1997 - Formation of peptizable boehmites by hydrolysis of aluminum nitrate in aqueous solution.md,data\markdown\mechanism\217_Morgado 等 - 1997 - Formation of peptizable boehmites by hydrolysis of aluminum nitrate in aqueous solution.md,true,61989,exists_ok,data\outputs\mechanism\217_Morgado 等 - 1997 - Formation of peptizable boehmites by hydrolysis of aluminum nitrate in aqueous solution,data\outputs\217_Morgado 等 - 1997 - Formation of peptizable boehmites by hydrolysis of aluminum nitrate in aqueous solution,data\outputs\mechanism\217_Morgado 等 - 1997 - Formation of peptizable boehmites by hydrolysis of aluminum nitrate in aqueous solution,category_aware,true,false,false,false,false,markdown_ready,run_stage3_next
mechanism__220_nazar_等_1992_27al_mas_nmr_studies_of_a_new_polyoxyaluminium_cluster_and_its_selective_transformation_to_five_coor,mechanism,220_Nazar 等 - 1992 - 27Al MAS NMR studies of a new polyoxyaluminium cluster and its selective transformation to five-coor,G:\paper\Sorted_Database\Mechanism\220_Nazar 等 - 1992 - 27Al MAS NMR studies of a new polyoxyaluminium cluster and its selective transformation to five-coor.pdf,G:\paper\Sorted_Database\Mechanism\220_Nazar 等 - 1992 - 27Al MAS NMR studies of a new polyoxyaluminium cluster and its selective transformation to five-coor.pdf,true,0.308,data\markdown\mechanism\220_Nazar 等 - 1992 - 27Al MAS NMR studies of a new polyoxyaluminium cluster and its selective transformation to five-coor.md,data\markdown\mechanism\220_Nazar 等 - 1992 - 27Al MAS NMR studies of a new polyoxyaluminium cluster and its selective transformation to five-coor.md,true,12200,exists_ok,data\outputs\mechanism\220_Nazar 等 - 1992 - 27Al MAS NMR studies of a new polyoxyaluminium cluster and its selective transformation to five-coor,data\outputs\220_Nazar 等 - 1992 - 27Al MAS NMR studies of a new polyoxyaluminium cluster and its selective transformation to five-coor,data\outputs\mechanism\220_Nazar 等 - 1992 - 27Al MAS NMR studies of a new polyoxyaluminium cluster and its selective transformation to five-coor,category_aware,true,false,false,false,false,markdown_ready,run_stage3_next
mechanism__221_nofz_等_2006_27al_nmr_study_of_al_speciation_in_aqueous_alumina_sols,mechanism,221_Nofz 等 - 2006 - 27Al NMR study of al-speciation in aqueous alumina-sols,G:\paper\Sorted_Database\Mechanism\221_Nofz 等 - 2006 - 27Al NMR study of al-speciation in aqueous alumina-sols.pdf,G:\paper\Sorted_Database\Mechanism\221_Nofz 等 - 2006 - 27Al NMR study of al-speciation in aqueous alumina-sols.pdf,true,1.083,data\markdown\mechanism\221_Nofz 等 - 2006 - 27Al NMR study of al-speciation in aqueous alumina-sols.md,data\markdown\mechanism\221_Nofz 等 - 2006 - 27Al NMR study of al-speciation in aqueous alumina-sols.md,true,55613,exists_ok,data\outputs\mechanism\221_Nofz 等 - 2006 - 27Al NMR study of al-speciation in aqueous alumina-sols,data\outputs\221_Nofz 等 - 2006 - 27Al NMR study of al-speciation in aqueous alumina-sols,data\outputs\mechanism\221_Nofz 等 - 2006 - 27Al NMR study of al-speciation in aqueous alumina-sols,category_aware,true,false,false,false,false,markdown_ready,run_stage3_next
mechanism__222_nordin_等_1998_an_17o_nmr_study_of_the_exchange_of_water_on_aloh_h2o_52_aq,mechanism,222_Nordin 等 - 1998 - An 17O-NMR study of the exchange of water on AlOH(H2O)52+(aq),G:\paper\Sorted_Database\Mechanism\222_Nordin 等 - 1998 - An 17O-NMR study of the exchange of water on AlOH(H2O)52+(aq).pdf,G:\paper\Sorted_Database\Mechanism\222_Nordin 等 - 1998 - An 17O-NMR study of the exchange of water on AlOH(H2O)52+(aq).pdf,true,0.052,data\markdown\mechanism\222_Nordin 等 - 1998 - An 17O-NMR study of the exchange of water on AlOH(H2O)52+(aq).md,data\markdown\mechanism\222_Nordin 等 - 1998 - An 17O-NMR study of the exchange of water on AlOH(H2O)52+(aq).md,true,26601,exists_ok,data\outputs\mechanism\222_Nordin 等 - 1998 - An 17O-NMR study of the exchange of water on AlOH(H2O)52+(aq),data\outputs\222_Nordin 等 - 1998 - An 17O-NMR study of the exchange of water on AlOH(H2O)52+(aq),data\outputs\mechanism\222_Nordin 等 - 1998 - An 17O-NMR study of the exchange of water on AlOH(H2O)52+(aq),category_aware,true,false,false,false,false,markdown_ready,run_stage3_next
mechanism__223_occelli_等_2000_physicochemical_characterization_of_a_texas_montmorillonite_pillared_with_polyoxocations_of_aluminum,mechanism,223_Occelli 等 - 2000 - Physicochemical characterization of a texas montmorillonite pillared with polyoxocations of aluminum,G:\paper\Sorted_Database\Mechanism\223_Occelli 等 - 2000 - Physicochemical characterization of a texas montmorillonite pillared with polyoxocations of aluminum.pdf,G:\paper\Sorted_Database\Mechanism\223_Occelli 等 - 2000 - Physicochemical characterization of a texas montmorillonite pillared with polyoxocations of aluminum.pdf,true,0.734,data\markdown\mechanism\223_Occelli 等 - 2000 - Physicochemical characterization of a texas montmorillonite pillared with polyoxocations of aluminum.md,data\markdown\mechanism\223_Occelli 等 - 2000 - Physicochemical characterization of a texas montmorillonite pillared with polyoxocations of aluminum.md,true,44866,exists_ok,data\outputs\mechanism\223_Occelli 等 - 2000 - Physicochemical characterization of a texas montmorillonite pillared with polyoxocations of aluminum,data\outputs\223_Occelli 等 - 2000 - Physicochemical characterization of a texas montmorillonite pillared with polyoxocations of aluminum,data\outputs\mechanism\223_Occelli 等 - 2000 - Physicochemical characterization of a texas montmorillonite pillared with polyoxocations of aluminum,category_aware,true,false,false,false,false,markdown_ready,run_stage3_next
mechanism__225_ouadah_等_2017_analysis_and_characterization_of_aluminum_chlorohydrate_oligocations_by_capillary_electrophoresis,mechanism,225_Ouadah 等 - 2017 - Analysis and characterization of aluminum chlorohydrate oligocations by capillary electrophoresis,G:\paper\Sorted_Database\Mechanism\225_Ouadah 等 - 2017 - Analysis and characterization of aluminum chlorohydrate oligocations by capillary electrophoresis.pdf,G:\paper\Sorted_Database\Mechanism\225_Ouadah 等 - 2017 - Analysis and characterization of aluminum chlorohydrate oligocations by capillary electrophoresis.pdf,true,1.172,data\markdown\mechanism\225_Ouadah 等 - 2017 - Analysis and characterization of aluminum chlorohydrate oligocations by capillary electrophoresis.md,data\markdown\mechanism\225_Ouadah 等 - 2017 - Analysis and characterization of aluminum chlorohydrate oligocations by capillary electrophoresis.md,true,56275,exists_ok,data\outputs\mechanism\225_Ouadah 等 - 2017 - Analysis and characterization of aluminum chlorohydrate oligocations by capillary electrophoresis,data\outputs\225_Ouadah 等 - 2017 - Analysis and characterization of aluminum chlorohydrate oligocations by capillary electrophoresis,data\outputs\mechanism\225_Ouadah 等 - 2017 - Analysis and characterization of aluminum chlorohydrate oligocations by capillary electrophoresis,category_aware,true,false,false,false,false,markdown_ready,run_stage3_next
mechanism__226_palmer和wesolowski_1993_aluminum_speciation_and_equilibria_in_aqueous_solution_iii_potentiometric_determination_of_the_fir,mechanism,226_Palmer和Wesolowski - 1993 - Aluminum speciation and equilibria in aqueous solution III. Potentiometric determination of the fir,G:\paper\Sorted_Database\Mechanism\226_Palmer和Wesolowski - 1993 - Aluminum speciation and equilibria in aqueous solution III. Potentiometric determination of the fir.pdf,G:\paper\Sorted_Database\Mechanism\226_Palmer和Wesolowski - 1993 - Aluminum speciation and equilibria in aqueous solution III. Potentiometric determination of the fir.pdf,true,0.968,data\markdown\mechanism\226_Palmer和Wesolowski - 1993 - Aluminum speciation and equilibria in aqueous solution III. Potentiometric determination of the fir.md,data\markdown\mechanism\226_Palmer和Wesolowski - 1993 - Aluminum speciation and equilibria in aqueous solution III. Potentiometric determination of the fir.md,true,82553,exists_ok,data\outputs\mechanism\226_Palmer和Wesolowski - 1993 - Aluminum speciation and equilibria in aqueous solution III. Potentiometric determination of the fir,data\outputs\226_Palmer和Wesolowski - 1993 - Aluminum speciation and equilibria in aqueous solution III. Potentiometric determination of the fir,data\outputs\mechanism\226_Palmer和Wesolowski - 1993 - Aluminum speciation and equilibria in aqueous solution III. Potentiometric determination of the fir,category_aware,true,false,false,false,false,markdown_ready,run_stage3_next
mechanism__227_parker和bertsch_1992_formation_of_the_al13_tridecameric_aluminum_polycation_under_diverse_synthesis_conditions,mechanism,227_Parker和Bertsch - 1992 - Formation of the “Al13” tridecameric aluminum polycation under diverse synthesis conditions,G:\paper\Sorted_Database\Mechanism\227_Parker和Bertsch - 1992 - Formation of the “Al13” tridecameric aluminum polycation under diverse synthesis conditions.pdf,G:\paper\Sorted_Database\Mechanism\227_Parker和Bertsch - 1992 - Formation of the “Al13” tridecameric aluminum polycation under diverse synthesis conditions.pdf,true,1.101,data\markdown\mechanism\227_Parker和Bertsch - 1992 - Formation of the “Al13” tridecameric aluminum polycation under diverse synthesis conditions.md,data\markdown\mechanism\227_Parker和Bertsch - 1992 - Formation of the “Al13” tridecameric aluminum polycation under diverse synthesis conditions.md,true,56742,exists_ok,data\outputs\mechanism\227_Parker和Bertsch - 1992 - Formation of the “Al13” tridecameric aluminum polycation under diverse synthesis conditions,data\outputs\227_Parker和Bertsch - 1992 - Formation of the “Al13” tridecameric aluminum polycation under diverse synthesis conditions,data\outputs\mechanism\227_Parker和Bertsch - 1992 - Formation of the “Al13” tridecameric aluminum polycation under diverse synthesis conditions,category_aware,true,false,false,false,false,markdown_ready,run_stage3_next
mechanism__228_parker和bertsch_1992_identification_and_quantification_of_the_al13_tridecameric_aluminum_polycation_using_ferron,mechanism,228_Parker和Bertsch - 1992 - Identification and quantification of the “Al13” tridecameric aluminum polycation using ferron,G:\paper\Sorted_Database\Mechanism\228_Parker和Bertsch - 1992 - Identification and quantification of the “Al13” tridecameric aluminum polycation using ferron.pdf,G:\paper\Sorted_Database\Mechanism\228_Parker和Bertsch - 1992 - Identification and quantification of the “Al13” tridecameric aluminum polycation using ferron.pdf,true,0.982,data\markdown\mechanism\228_Parker和Bertsch - 1992 - Identification and quantification of the “Al13” tridecameric aluminum polycation using ferron.md,data\markdown\mechanism\228_Parker和Bertsch - 1992 - Identification and quantification of the “Al13” tridecameric aluminum polycation using ferron.md,true,48679,exists_ok,data\outputs\mechanism\228_Parker和Bertsch - 1992 - Identification and quantification of the “Al13” tridecameric aluminum polycation using ferron,data\outputs\228_Parker和Bertsch - 1992 - Identification and quantification of the “Al13” tridecameric aluminum polycation using ferron,data\outputs\mechanism\228_Parker和Bertsch - 1992 - Identification and quantification of the “Al13” tridecameric aluminum polycation using ferron,category_aware,true,false,false,false,false,markdown_ready,run_stage3_next
mechanism__229_pascual_cosp_等_2009_synthesis_and_characterization_of_a_new_aluminium_based_compound,mechanism,229_Pascual-Cosp 等 - 2009 - Synthesis and characterization of a new aluminium-based compound,G:\paper\Sorted_Database\Mechanism\229_Pascual-Cosp 等 - 2009 - Synthesis and characterization of a new aluminium-based compound.pdf,G:\paper\Sorted_Database\Mechanism\229_Pascual-Cosp 等 - 2009 - Synthesis and characterization of a new aluminium-based compound.pdf,true,0.428,data\markdown\mechanism\229_Pascual-Cosp 等 - 2009 - Synthesis and characterization of a new aluminium-based compound.md,data\markdown\mechanism\229_Pascual-Cosp 等 - 2009 - Synthesis and characterization of a new aluminium-based compound.md,true,55675,exists_ok,data\outputs\mechanism\229_Pascual-Cosp 等 - 2009 - Synthesis and characterization of a new aluminium-based compound,data\outputs\229_Pascual-Cosp 等 - 2009 - Synthesis and characterization of a new aluminium-based compound,data\outputs\mechanism\229_Pascual-Cosp 等 - 2009 - Synthesis and characterization of a new aluminium-based compound,category_aware,true,false,false,false,false,markdown_ready,run_stage3_next
mechanism__231_peptization_and_al_keggin_species_in_alumina_sol,mechanism,231_Peptization_and_Al-Keggin_Species_in_Alumina_Sol,G:\paper\Sorted_Database\Mechanism\231_Peptization_and_Al-Keggin_Species_in_Alumina_Sol.pdf,G:\paper\Sorted_Database\Mechanism\231_Peptization_and_Al-Keggin_Species_in_Alumina_Sol.pdf,true,0.217,data\markdown\mechanism\231_Peptization_and_Al-Keggin_Species_in_Alumina_Sol.md,data\markdown\mechanism\231_Peptization_and_Al-Keggin_Species_in_Alumina_Sol.md,true,23961,exists_ok,data\outputs\mechanism\231_Peptization_and_Al-Keggin_Species_in_Alumina_Sol,data\outputs\231_Peptization_and_Al-Keggin_Species_in_Alumina_Sol,data\outputs\mechanism\231_Peptization_and_Al-Keggin_Species_in_Alumina_Sol,category_aware,true,false,false,false,false,markdown_ready,run_stage3_next
mechanism__232_perkins_等_2017_synthesis_of_an_aluminum_hydroxide_octamer_through_a_simple_dissolution_method,mechanism,232_Perkins 等 - 2017 - Synthesis of an aluminum hydroxide octamer through a simple dissolution method,G:\paper\Sorted_Database\Mechanism\232_Perkins 等 - 2017 - Synthesis of an aluminum hydroxide octamer through a simple dissolution method.pdf,G:\paper\Sorted_Database\Mechanism\232_Perkins 等 - 2017 - Synthesis of an aluminum hydroxide octamer through a simple dissolution method.pdf,true,1.143,data\markdown\mechanism\232_Perkins 等 - 2017 - Synthesis of an aluminum hydroxide octamer through a simple dissolution method.md,data\markdown\mechanism\232_Perkins 等 - 2017 - Synthesis of an aluminum hydroxide octamer through a simple dissolution method.md,true,19043,exists_ok,data\outputs\mechanism\232_Perkins 等 - 2017 - Synthesis of an aluminum hydroxide octamer through a simple dissolution method,data\outputs\232_Perkins 等 - 2017 - Synthesis of an aluminum hydroxide octamer through a simple dissolution method,data\outputs\mechanism\232_Perkins 等 - 2017 - Synthesis of an aluminum hydroxide octamer through a simple dissolution method,category_aware,true,false,false,false,false,markdown_ready,run_stage3_next
mechanism__233_perry和shafran_2001_the_systematic_study_of_aluminium_speciation_in_medium_concentrated_aqueous_solutions,mechanism,233_Perry和Shafran - 2001 - The systematic study of aluminium speciation in medium concentrated aqueous solutions,G:\paper\Sorted_Database\Mechanism\233_Perry和Shafran - 2001 - The systematic study of aluminium speciation in medium concentrated aqueous solutions.pdf,G:\paper\Sorted_Database\Mechanism\233_Perry和Shafran - 2001 - The systematic study of aluminium speciation in medium concentrated aqueous solutions.pdf,true,0.341,data\markdown\mechanism\233_Perry和Shafran - 2001 - The systematic study of aluminium speciation in medium concentrated aqueous solutions.md,data\markdown\mechanism\233_Perry和Shafran - 2001 - The systematic study of aluminium speciation in medium concentrated aqueous solutions.md,true,47356,exists_ok,data\outputs\mechanism\233_Perry和Shafran - 2001 - The systematic study of aluminium speciation in medium concentrated aqueous solutions,data\outputs\233_Perry和Shafran - 2001 - The systematic study of aluminium speciation in medium concentrated aqueous solutions,data\outputs\mechanism\233_Perry和Shafran - 2001 - The systematic study of aluminium speciation in medium concentrated aqueous solutions,category_aware,true,false,false,false,false,markdown_ready,run_stage3_next
mechanism__235_phillips_等_2003_rates_of_oxygen_exchange_between_the_al2o8al28_oh_56_h2o_2618_aq_al30_molecule_and_aqueous_solut,mechanism,235_Phillips 等 - 2003 - Rates of oxygen exchange between the Al2O8Al28(OH)56(H2O)2618+(aq) (Al30) molecule and aqueous solut,G:\paper\Sorted_Database\Mechanism\235_Phillips 等 - 2003 - Rates of oxygen exchange between the Al2O8Al28(OH)56(H2O)2618+(aq) (Al30) molecule and aqueous solut.pdf,G:\paper\Sorted_Database\Mechanism\235_Phillips 等 - 2003 - Rates of oxygen exchange between the Al2O8Al28(OH)56(H2O)2618+(aq) (Al30) molecule and aqueous solut.pdf,true,0.256,data\markdown\mechanism\235_Phillips 等 - 2003 - Rates of oxygen exchange between the Al2O8Al28(OH)56(H2O)2618+(aq) (Al30) molecule and aqueous solut.md,data\markdown\mechanism\235_Phillips 等 - 2003 - Rates of oxygen exchange between the Al2O8Al28(OH)56(H2O)2618+(aq) (Al30) molecule and aqueous solut.md,true,49322,exists_ok,data\outputs\mechanism\235_Phillips 等 - 2003 - Rates of oxygen exchange between the Al2O8Al28(OH)56(H2O)2618+(aq) (Al30) molecule and aqueous solut,data\outputs\235_Phillips 等 - 2003 - Rates of oxygen exchange between the Al2O8Al28(OH)56(H2O)2618+(aq) (Al30) molecule and aqueous solut,data\outputs\mechanism\235_Phillips 等 - 2003 - Rates of oxygen exchange between the Al2O8Al28(OH)56(H2O)2618+(aq) (Al30) molecule and aqueous solut,category_aware,true,false,false,false,false,markdown_ready,run_stage3_next
mechanism__236_phillips_等_2016_characterization_of_al_30_in_commercial_poly_aluminum_chlorohydrate_by_solid_state_27_al_nmr_spectro,mechanism,236_Phillips 等 - 2016 - Characterization of al 30 in commercial poly-aluminum chlorohydrate by solid-state 27 al NMR spectro,G:\paper\Sorted_Database\Mechanism\236_Phillips 等 - 2016 - Characterization of al 30 in commercial poly-aluminum chlorohydrate by solid-state 27 al NMR spectro.pdf,G:\paper\Sorted_Database\Mechanism\236_Phillips 等 - 2016 - Characterization of al 30 in commercial poly-aluminum chlorohydrate by solid-state 27 al NMR spectro.pdf,true,1.318,data\markdown\mechanism\236_Phillips 等 - 2016 - Characterization of al 30 in commercial poly-aluminum chlorohydrate by solid-state 27 al NMR spectro.md,data\markdown\mechanism\236_Phillips 等 - 2016 - Characterization of al 30 in commercial poly-aluminum chlorohydrate by solid-state 27 al NMR spectro.md,true,64134,exists_ok,data\outputs\mechanism\236_Phillips 等 - 2016 - Characterization of al 30 in commercial poly-aluminum chlorohydrate by solid-state 27 al NMR spectro,data\outputs\236_Phillips 等 - 2016 - Characterization of al 30 in commercial poly-aluminum chlorohydrate by solid-state 27 al NMR spectro,data\outputs\mechanism\236_Phillips 等 - 2016 - Characterization of al 30 in commercial poly-aluminum chlorohydrate by solid-state 27 al NMR spectro,category_aware,true,false,false,false,false,markdown_ready,run_stage3_next
mechanism__237_pillaring_of_a_layered_titanate_with_alumina_effect_of_hydrolysis,mechanism,237_PILLARING OF A LAYERED TITANATE WITH ALUMINA EFFECT OF HYDROLYSIS,G:\paper\Sorted_Database\Mechanism\237_PILLARING OF A LAYERED TITANATE WITH ALUMINA EFFECT OF HYDROLYSIS.pdf,G:\paper\Sorted_Database\Mechanism\237_PILLARING OF A LAYERED TITANATE WITH ALUMINA EFFECT OF HYDROLYSIS.pdf,true,0.318,data\markdown\mechanism\237_PILLARING OF A LAYERED TITANATE WITH ALUMINA EFFECT OF HYDROLYSIS.md,data\markdown\mechanism\237_PILLARING OF A LAYERED TITANATE WITH ALUMINA EFFECT OF HYDROLYSIS.md,true,15869,exists_ok,data\outputs\mechanism\237_PILLARING OF A LAYERED TITANATE WITH ALUMINA EFFECT OF HYDROLYSIS,data\outputs\237_PILLARING OF A LAYERED TITANATE WITH ALUMINA EFFECT OF HYDROLYSIS,data\outputs\mechanism\237_PILLARING OF A LAYERED TITANATE WITH ALUMINA EFFECT OF HYDROLYSIS,category_aware,true,false,false,false,false,markdown_ready,run_stage3_next
mechanism__238_potentiometric_titration_curves_of_aluminium_salt_solutions_and_its_species_conversion_in_the_hydrolysis_polymerization_course,mechanism,238_POTENTIOMETRIC TITRATION CURVES OF ALUMINIUM SALT SOLUTIONS AND ITS SPECIES CONVERSION IN THE HYDROLYSIS-POLYMERIZATION COURSE,G:\paper\Sorted_Database\Mechanism\238_POTENTIOMETRIC TITRATION CURVES OF ALUMINIUM SALT SOLUTIONS AND ITS SPECIES CONVERSION IN THE HYDROLYSIS-POLYMERIZATION COURSE.pdf,G:\paper\Sorted_Database\Mechanism\238_POTENTIOMETRIC TITRATION CURVES OF ALUMINIUM SALT SOLUTIONS AND ITS SPECIES CONVERSION IN THE HYDROLYSIS-POLYMERIZATION COURSE.pdf,true,0.167,data\markdown\mechanism\238_POTENTIOMETRIC TITRATION CURVES OF ALUMINIUM SALT SOLUTIONS AND ITS SPECIES CONVERSION IN THE HYDROLYSIS-POLYMERIZATION COURSE.md,data\markdown\mechanism\238_POTENTIOMETRIC TITRATION CURVES OF ALUMINIUM SALT SOLUTIONS AND ITS SPECIES CONVERSION IN THE HYDROLYSIS-POLYMERIZATION COURSE.md,true,35133,exists_ok,data\outputs\mechanism\238_POTENTIOMETRIC TITRATION CURVES OF ALUMINIUM SALT SOLUTIONS AND ITS SPECIES CONVERSION IN THE HYDROLYSIS-POLYMERIZATION COURSE,data\outputs\238_POTENTIOMETRIC TITRATION CURVES OF ALUMINIUM SALT SOLUTIONS AND ITS SPECIES CONVERSION IN THE HYDROLYSIS-POLYMERIZATION COURSE,data\outputs\mechanism\238_POTENTIOMETRIC TITRATION CURVES OF ALUMINIUM SALT SOLUTIONS AND ITS SPECIES CONVERSION IN THE HYDROLYSIS-POLYMERIZATION COURSE,category_aware,true,false,false,false,false,markdown_ready,run_stage3_next
mechanism__239_pozarnsky和mccormick_1996_the_role_of_transesterification_in_the_multistep_prehydrolysis_solgel_synthesis_of_aluminum_rich,mechanism,239_Pozarnsky和McCormick - 1996 - The role of transesterification in the multistep “prehydrolysis” solgel synthesis of aluminum-rich,G:\paper\Sorted_Database\Mechanism\239_Pozarnsky和McCormick - 1996 - The role of transesterification in the multistep “prehydrolysis” solgel synthesis of aluminum-rich.pdf,G:\paper\Sorted_Database\Mechanism\239_Pozarnsky和McCormick - 1996 - The role of transesterification in the multistep “prehydrolysis” solgel synthesis of aluminum-rich.pdf,true,0.168,data\markdown\mechanism\239_Pozarnsky和McCormick - 1996 - The role of transesterification in the multistep “prehydrolysis” solgel synthesis of aluminum-rich.md,data\markdown\mechanism\239_Pozarnsky和McCormick - 1996 - The role of transesterification in the multistep “prehydrolysis” solgel synthesis of aluminum-rich.md,true,23749,exists_ok,data\outputs\mechanism\239_Pozarnsky和McCormick - 1996 - The role of transesterification in the multistep “prehydrolysis” solgel synthesis of aluminum-rich,data\outputs\239_Pozarnsky和McCormick - 1996 - The role of transesterification in the multistep “prehydrolysis” solgel synthesis of aluminum-rich,data\outputs\mechanism\239_Pozarnsky和McCormick - 1996 - The role of transesterification in the multistep “prehydrolysis” solgel synthesis of aluminum-rich,category_aware,true,false,false,false,false,markdown_ready,run_stage3_next
mechanism__244_progress_in_the_species_of_al30_in_hydrolytic_polymeric_aluminum_solutions中文,mechanism,244_Progress in the Species of Al30 in Hydrolytic Polymeric Aluminum Solutions中文,G:\paper\Sorted_Database\Mechanism\244_Progress in the Species of Al30 in Hydrolytic Polymeric Aluminum Solutions中文.pdf,G:\paper\Sorted_Database\Mechanism\244_Progress in the Species of Al30 in Hydrolytic Polymeric Aluminum Solutions中文.pdf,true,0.253,data\markdown\mechanism\244_Progress in the Species of Al30 in Hydrolytic Polymeric Aluminum Solutions中文.md,data\markdown\mechanism\244_Progress in the Species of Al30 in Hydrolytic Polymeric Aluminum Solutions中文.md,true,18245,exists_ok,data\outputs\mechanism\244_Progress in the Species of Al30 in Hydrolytic Polymeric Aluminum Solutions中文,data\outputs\244_Progress in the Species of Al30 in Hydrolytic Polymeric Aluminum Solutions中文,data\outputs\mechanism\244_Progress in the Species of Al30 in Hydrolytic Polymeric Aluminum Solutions中文,category_aware,true,false,false,false,false,markdown_ready,run_stage3_next
mechanism__247_quartararo_等_1999_sol_gel_synthesis_of_alumina_modified_by_phosphorus_a_solid_state_nmr_characterization_study,mechanism,247_Quartararo 等 - 1999 - Sol–gel synthesis of alumina modified by phosphorus A solid state NMR characterization study,G:\paper\Sorted_Database\Mechanism\247_Quartararo 等 - 1999 - Sol–gel synthesis of alumina modified by phosphorus A solid state NMR characterization study.pdf,G:\paper\Sorted_Database\Mechanism\247_Quartararo 等 - 1999 - Sol–gel synthesis of alumina modified by phosphorus A solid state NMR characterization study.pdf,true,0.215,data\markdown\mechanism\247_Quartararo 等 - 1999 - Sol–gel synthesis of alumina modified by phosphorus A solid state NMR characterization study.md,data\markdown\mechanism\247_Quartararo 等 - 1999 - Sol–gel synthesis of alumina modified by phosphorus A solid state NMR characterization study.md,true,55835,exists_ok,data\outputs\mechanism\247_Quartararo 等 - 1999 - Sol–gel synthesis of alumina modified by phosphorus A solid state NMR characterization study,data\outputs\247_Quartararo 等 - 1999 - Sol–gel synthesis of alumina modified by phosphorus A solid state NMR characterization study,data\outputs\mechanism\247_Quartararo 等 - 1999 - Sol–gel synthesis of alumina modified by phosphorus A solid state NMR characterization study,category_aware,true,false,false,false,false,markdown_ready,run_stage3_next
mechanism__248_raman_microscopy_study_of_basic_aluminium_nitrate,mechanism,248_Raman microscopy study of basic aluminium nitrate,G:\paper\Sorted_Database\Mechanism\248_Raman microscopy study of basic aluminium nitrate.pdf,G:\paper\Sorted_Database\Mechanism\248_Raman microscopy study of basic aluminium nitrate.pdf,true,0.115,data\markdown\mechanism\248_Raman microscopy study of basic aluminium nitrate.md,data\markdown\mechanism\248_Raman microscopy study of basic aluminium nitrate.md,true,20115,exists_ok,data\outputs\mechanism\248_Raman microscopy study of basic aluminium nitrate,data\outputs\248_Raman microscopy study of basic aluminium nitrate,data\outputs\mechanism\248_Raman microscopy study of basic aluminium nitrate,category_aware,true,false,false,false,false,markdown_ready,run_stage3_next
mechanism__250_reusser_等_2015_energetic_insight_into_the_formation_of_solids_from_aluminum_polyoxocations,mechanism,250_Reusser 等 - 2015 - Energetic insight into the formation of solids from aluminum polyoxocations,G:\paper\Sorted_Database\Mechanism\250_Reusser 等 - 2015 - Energetic insight into the formation of solids from aluminum polyoxocations.pdf,G:\paper\Sorted_Database\Mechanism\250_Reusser 等 - 2015 - Energetic insight into the formation of solids from aluminum polyoxocations.pdf,true,0.668,data\markdown\mechanism\250_Reusser 等 - 2015 - Energetic insight into the formation of solids from aluminum polyoxocations.md,data\markdown\mechanism\250_Reusser 等 - 2015 - Energetic insight into the formation of solids from aluminum polyoxocations.md,true,22197,exists_ok,data\outputs\mechanism\250_Reusser 等 - 2015 - Energetic insight into the formation of solids from aluminum polyoxocations,data\outputs\250_Reusser 等 - 2015 - Energetic insight into the formation of solids from aluminum polyoxocations,data\outputs\mechanism\250_Reusser 等 - 2015 - Energetic insight into the formation of solids from aluminum polyoxocations,category_aware,true,false,false,false,false,markdown_ready,run_stage3_next
mechanism__251_rezgui_等_1994_chemistry_of_sol_gel_synthesis_of_aluminum_oxides_with_in_situ_water_formation_control_of_the_morph,mechanism,251_Rezgui 等 - 1994 - Chemistry of sol-gel synthesis of aluminum oxides with in situ water formation Control of the morph,G:\paper\Sorted_Database\Mechanism\251_Rezgui 等 - 1994 - Chemistry of sol-gel synthesis of aluminum oxides with in situ water formation Control of the morph.pdf,G:\paper\Sorted_Database\Mechanism\251_Rezgui 等 - 1994 - Chemistry of sol-gel synthesis of aluminum oxides with in situ water formation Control of the morph.pdf,true,1.66,data\markdown\mechanism\251_Rezgui 等 - 1994 - Chemistry of sol-gel synthesis of aluminum oxides with in situ water formation Control of the morph.md,data\markdown\mechanism\251_Rezgui 等 - 1994 - Chemistry of sol-gel synthesis of aluminum oxides with in situ water formation Control of the morph.md,true,40101,exists_ok,data\outputs\mechanism\251_Rezgui 等 - 1994 - Chemistry of sol-gel synthesis of aluminum oxides with in situ water formation Control of the morph,data\outputs\251_Rezgui 等 - 1994 - Chemistry of sol-gel synthesis of aluminum oxides with in situ water formation Control of the morph,data\outputs\mechanism\251_Rezgui 等 - 1994 - Chemistry of sol-gel synthesis of aluminum oxides with in situ water formation Control of the morph,category_aware,true,false,false,false,false,markdown_ready,run_stage3_next
mechanism__252_rezgui和gates_1994_sol_gel_synthesis_of_alumina_in_the_presence_of_acetic_acid_distinguishing_gels_and_gelatinous_prec,mechanism,252_Rezgui和Gates - 1994 - Sol-gel synthesis of alumina in the presence of acetic acid Distinguishing gels and gelatinous prec,G:\paper\Sorted_Database\Mechanism\252_Rezgui和Gates - 1994 - Sol-gel synthesis of alumina in the presence of acetic acid Distinguishing gels and gelatinous prec.pdf,G:\paper\Sorted_Database\Mechanism\252_Rezgui和Gates - 1994 - Sol-gel synthesis of alumina in the presence of acetic acid Distinguishing gels and gelatinous prec.pdf,true,0.397,data\markdown\mechanism\252_Rezgui和Gates - 1994 - Sol-gel synthesis of alumina in the presence of acetic acid Distinguishing gels and gelatinous prec.md,data\markdown\mechanism\252_Rezgui和Gates - 1994 - Sol-gel synthesis of alumina in the presence of acetic acid Distinguishing gels and gelatinous prec.md,true,17035,exists_ok,data\outputs\mechanism\252_Rezgui和Gates - 1994 - Sol-gel synthesis of alumina in the presence of acetic acid Distinguishing gels and gelatinous prec,data\outputs\252_Rezgui和Gates - 1994 - Sol-gel synthesis of alumina in the presence of acetic acid Distinguishing gels and gelatinous prec,data\outputs\mechanism\252_Rezgui和Gates - 1994 - Sol-gel synthesis of alumina in the presence of acetic acid Distinguishing gels and gelatinous prec,category_aware,true,false,false,false,false,markdown_ready,run_stage3_next
mechanism__253_richter_等_1999_water_activities_in_solutions_of_basic_aluminum_chlorides,mechanism,253_Richter 等 - 1999 - Water activities in solutions of basic aluminum chlorides,G:\paper\Sorted_Database\Mechanism\253_Richter 等 - 1999 - Water activities in solutions of basic aluminum chlorides.pdf,G:\paper\Sorted_Database\Mechanism\253_Richter 等 - 1999 - Water activities in solutions of basic aluminum chlorides.pdf,true,0.497,data\markdown\mechanism\253_Richter 等 - 1999 - Water activities in solutions of basic aluminum chlorides.md,data\markdown\mechanism\253_Richter 等 - 1999 - Water activities in solutions of basic aluminum chlorides.md,true,29327,exists_ok,data\outputs\mechanism\253_Richter 等 - 1999 - Water activities in solutions of basic aluminum chlorides,data\outputs\253_Richter 等 - 1999 - Water activities in solutions of basic aluminum chlorides,data\outputs\mechanism\253_Richter 等 - 1999 - Water activities in solutions of basic aluminum chlorides,category_aware,true,false,false,false,false,markdown_ready,run_stage3_next
mechanism__254_samadi_maybodi_等_2006_aluminium_27_nmr_investigation_of_the_2_hydroxyethyl_trimethyl_ammonium_aluminosilicate_solution,mechanism,254_Samadi-Maybodi 等 - 2006 - Aluminium-27 NMR investigation of the 2-hydroxyethyl(trimethyl)ammonium aluminosilicate solution,G:\paper\Sorted_Database\Mechanism\254_Samadi-Maybodi 等 - 2006 - Aluminium-27 NMR investigation of the 2-hydroxyethyl(trimethyl)ammonium aluminosilicate solution.pdf,G:\paper\Sorted_Database\Mechanism\254_Samadi-Maybodi 等 - 2006 - Aluminium-27 NMR investigation of the 2-hydroxyethyl(trimethyl)ammonium aluminosilicate solution.pdf,true,0.302,data\markdown\mechanism\254_Samadi-Maybodi 等 - 2006 - Aluminium-27 NMR investigation of the 2-hydroxyethyl(trimethyl)ammonium aluminosilicate solution.md,data\markdown\mechanism\254_Samadi-Maybodi 等 - 2006 - Aluminium-27 NMR investigation of the 2-hydroxyethyl(trimethyl)ammonium aluminosilicate solution.md,true,24145,exists_ok,data\outputs\mechanism\254_Samadi-Maybodi 等 - 2006 - Aluminium-27 NMR investigation of the 2-hydroxyethyl(trimethyl)ammonium aluminosilicate solution,data\outputs\254_Samadi-Maybodi 等 - 2006 - Aluminium-27 NMR investigation of the 2-hydroxyethyl(trimethyl)ammonium aluminosilicate solution,data\outputs\mechanism\254_Samadi-Maybodi 等 - 2006 - Aluminium-27 NMR investigation of the 2-hydroxyethyl(trimethyl)ammonium aluminosilicate solution,category_aware,true,false,false,false,false,markdown_ready,run_stage3_next
mechanism__255_sarpola_等_2004_identification_of_the_hydrolysis_products_of_alcl3_6h2o_by_electrospray_ionization_mass_spectrometry,mechanism,255_Sarpola 等 - 2004 - Identification of the hydrolysis products of AlCl3·6H2O by electrospray ionization mass spectrometry,G:\paper\Sorted_Database\Mechanism\255_Sarpola 等 - 2004 - Identification of the hydrolysis products of AlCl3·6H2O by electrospray ionization mass spectrometry.pdf,G:\paper\Sorted_Database\Mechanism\255_Sarpola 等 - 2004 - Identification of the hydrolysis products of AlCl3·6H2O by electrospray ionization mass spectrometry.pdf,true,0.161,data\markdown\mechanism\255_Sarpola 等 - 2004 - Identification of the hydrolysis products of AlCl3·6H2O by electrospray ionization mass spectrometry.md,data\markdown\mechanism\255_Sarpola 等 - 2004 - Identification of the hydrolysis products of AlCl3·6H2O by electrospray ionization mass spectrometry.md,true,44470,exists_ok,data\outputs\mechanism\255_Sarpola 等 - 2004 - Identification of the hydrolysis products of AlCl3·6H2O by electrospray ionization mass spectrometry,data\outputs\255_Sarpola 等 - 2004 - Identification of the hydrolysis products of AlCl3·6H2O by electrospray ionization mass spectrometry,data\outputs\mechanism\255_Sarpola 等 - 2004 - Identification of the hydrolysis products of AlCl3·6H2O by electrospray ionization mass spectrometry,category_aware,true,false,false,false,false,markdown_ready,run_stage3_next
mechanism__256_sarpola_等_2007_identification_of_hydrolysis_products_of_alcl3_6h2o_in_the_presence_of_sulfate_by_electrospray_ioniz,mechanism,256_Sarpola 等 - 2007 - Identification of hydrolysis products of AlCl3·6H2O in the presence of sulfate by electrospray ioniz,G:\paper\Sorted_Database\Mechanism\256_Sarpola 等 - 2007 - Identification of hydrolysis products of AlCl3·6H2O in the presence of sulfate by electrospray ioniz.pdf,G:\paper\Sorted_Database\Mechanism\256_Sarpola 等 - 2007 - Identification of hydrolysis products of AlCl3·6H2O in the presence of sulfate by electrospray ioniz.pdf,true,0.773,data\markdown\mechanism\256_Sarpola 等 - 2007 - Identification of hydrolysis products of AlCl3·6H2O in the presence of sulfate by electrospray ioniz.md,data\markdown\mechanism\256_Sarpola 等 - 2007 - Identification of hydrolysis products of AlCl3·6H2O in the presence of sulfate by electrospray ioniz.md,true,69554,exists_ok,data\outputs\mechanism\256_Sarpola 等 - 2007 - Identification of hydrolysis products of AlCl3·6H2O in the presence of sulfate by electrospray ioniz,data\outputs\256_Sarpola 等 - 2007 - Identification of hydrolysis products of AlCl3·6H2O in the presence of sulfate by electrospray ioniz,data\outputs\mechanism\256_Sarpola 等 - 2007 - Identification of hydrolysis products of AlCl3·6H2O in the presence of sulfate by electrospray ioniz,category_aware,true,false,false,false,false,markdown_ready,run_stage3_next
mechanism__257_shafran_等_2005_the_static_anion_exchange_method_for_generation_of_high_purity_aluminium_polyoxocations_and_monodisp,mechanism,257_Shafran 等 - 2005 - The static anion exchange method for generation of high purity aluminium polyoxocations and monodisp,G:\paper\Sorted_Database\Mechanism\257_Shafran 等 - 2005 - The static anion exchange method for generation of high purity aluminium polyoxocations and monodisp.pdf,G:\paper\Sorted_Database\Mechanism\257_Shafran 等 - 2005 - The static anion exchange method for generation of high purity aluminium polyoxocations and monodisp.pdf,true,0.444,data\markdown\mechanism\257_Shafran 等 - 2005 - The static anion exchange method for generation of high purity aluminium polyoxocations and monodisp.md,data\markdown\mechanism\257_Shafran 等 - 2005 - The static anion exchange method for generation of high purity aluminium polyoxocations and monodisp.md,true,57961,exists_ok,data\outputs\mechanism\257_Shafran 等 - 2005 - The static anion exchange method for generation of high purity aluminium polyoxocations and monodisp,data\outputs\257_Shafran 等 - 2005 - The static anion exchange method for generation of high purity aluminium polyoxocations and monodisp,data\outputs\mechanism\257_Shafran 等 - 2005 - The static anion exchange method for generation of high purity aluminium polyoxocations and monodisp,category_aware,true,false,false,false,false,markdown_ready,run_stage3_next
mechanism__258_shafran和perry_2005_a_systematic_investigation_of_aluminium_ion_speciation_at_high_temperature_part_1_solution_studie,mechanism,258_Shafran和Perry - 2005 - A systematic investigation of aluminium ion speciation at high temperature. Part. 1. Solution studie,G:\paper\Sorted_Database\Mechanism\258_Shafran和Perry - 2005 - A systematic investigation of aluminium ion speciation at high temperature. Part. 1. Solution studie.pdf,G:\paper\Sorted_Database\Mechanism\258_Shafran和Perry - 2005 - A systematic investigation of aluminium ion speciation at high temperature. Part. 1. Solution studie.pdf,true,0.283,data\markdown\mechanism\258_Shafran和Perry - 2005 - A systematic investigation of aluminium ion speciation at high temperature. Part. 1. Solution studie.md,data\markdown\mechanism\258_Shafran和Perry - 2005 - A systematic investigation of aluminium ion speciation at high temperature. Part. 1. Solution studie.md,true,65465,exists_ok,data\outputs\mechanism\258_Shafran和Perry - 2005 - A systematic investigation of aluminium ion speciation at high temperature. Part. 1. Solution studie,data\outputs\258_Shafran和Perry - 2005 - A systematic investigation of aluminium ion speciation at high temperature. Part. 1. Solution studie,data\outputs\mechanism\258_Shafran和Perry - 2005 - A systematic investigation of aluminium ion speciation at high temperature. Part. 1. Solution studie,category_aware,true,false,false,false,false,markdown_ready,run_stage3_next
mechanism__259_shang_等_2012_a_template_free_synthesis_of_mesoporous_crystalline_γ_alumina_through_partial_hydrolysis_of_aluminum,mechanism,259_Shang 等 - 2012 - A template-free synthesis of mesoporous crystalline γ-alumina through partial hydrolysis of aluminum,G:\paper\Sorted_Database\Mechanism\259_Shang 等 - 2012 - A template-free synthesis of mesoporous crystalline γ-alumina through partial hydrolysis of aluminum.pdf,G:\paper\Sorted_Database\Mechanism\259_Shang 等 - 2012 - A template-free synthesis of mesoporous crystalline γ-alumina through partial hydrolysis of aluminum.pdf,true,0.419,data\markdown\mechanism\259_Shang 等 - 2012 - A template-free synthesis of mesoporous crystalline γ-alumina through partial hydrolysis of aluminum.md,data\markdown\mechanism\259_Shang 等 - 2012 - A template-free synthesis of mesoporous crystalline γ-alumina through partial hydrolysis of aluminum.md,true,14934,exists_ok,data\outputs\mechanism\259_Shang 等 - 2012 - A template-free synthesis of mesoporous crystalline γ-alumina through partial hydrolysis of aluminum,data\outputs\259_Shang 等 - 2012 - A template-free synthesis of mesoporous crystalline γ-alumina through partial hydrolysis of aluminum,data\outputs\mechanism\259_Shang 等 - 2012 - A template-free synthesis of mesoporous crystalline γ-alumina through partial hydrolysis of aluminum,category_aware,true,false,false,false,false,markdown_ready,run_stage3_next
mechanism__260_shang_等_2012_facile_strategy_for_synthesis_of_mesoporous_crystalline_γ_alumina_by_partially_hydrolyzing_aluminum,mechanism,260_Shang 等 - 2012 - Facile strategy for synthesis of mesoporous crystalline γ-alumina by partially hydrolyzing aluminum,G:\paper\Sorted_Database\Mechanism\260_Shang 等 - 2012 - Facile strategy for synthesis of mesoporous crystalline γ-alumina by partially hydrolyzing aluminum.pdf,G:\paper\Sorted_Database\Mechanism\260_Shang 等 - 2012 - Facile strategy for synthesis of mesoporous crystalline γ-alumina by partially hydrolyzing aluminum.pdf,true,0.747,data\markdown\mechanism\260_Shang 等 - 2012 - Facile strategy for synthesis of mesoporous crystalline γ-alumina by partially hydrolyzing aluminum.md,data\markdown\mechanism\260_Shang 等 - 2012 - Facile strategy for synthesis of mesoporous crystalline γ-alumina by partially hydrolyzing aluminum.md,true,47808,exists_ok,data\outputs\mechanism\260_Shang 等 - 2012 - Facile strategy for synthesis of mesoporous crystalline γ-alumina by partially hydrolyzing aluminum,data\outputs\260_Shang 等 - 2012 - Facile strategy for synthesis of mesoporous crystalline γ-alumina by partially hydrolyzing aluminum,data\outputs\mechanism\260_Shang 等 - 2012 - Facile strategy for synthesis of mesoporous crystalline γ-alumina by partially hydrolyzing aluminum,category_aware,true,false,false,false,false,markdown_ready,run_stage3_next
mechanism__261_sharbatdaran_等_2012_modification_of_aluminium_alkoxide_with_different_long_chain_chelating_agent_hydrolysis_and_charact,mechanism,261_Sharbatdaran 等 - 2012 - Modification of aluminium alkoxide with different long-chain chelating agent Hydrolysis and charact,G:\paper\Sorted_Database\Mechanism\261_Sharbatdaran 等 - 2012 - Modification of aluminium alkoxide with different long-chain chelating agent Hydrolysis and charact.pdf,G:\paper\Sorted_Database\Mechanism\261_Sharbatdaran 等 - 2012 - Modification of aluminium alkoxide with different long-chain chelating agent Hydrolysis and charact.pdf,true,0.366,data\markdown\mechanism\261_Sharbatdaran 等 - 2012 - Modification of aluminium alkoxide with different long-chain chelating agent Hydrolysis and charact.md,data\markdown\mechanism\261_Sharbatdaran 等 - 2012 - Modification of aluminium alkoxide with different long-chain chelating agent Hydrolysis and charact.md,true,27102,exists_ok,data\outputs\mechanism\261_Sharbatdaran 等 - 2012 - Modification of aluminium alkoxide with different long-chain chelating agent Hydrolysis and charact,data\outputs\261_Sharbatdaran 等 - 2012 - Modification of aluminium alkoxide with different long-chain chelating agent Hydrolysis and charact,data\outputs\mechanism\261_Sharbatdaran 等 - 2012 - Modification of aluminium alkoxide with different long-chain chelating agent Hydrolysis and charact,category_aware,true,false,false,false,false,markdown_ready,run_stage3_next
mechanism__263_shindo_等_2003_applicability_of_mcm_41_as_column_packing_in_hplc_for_the_evaluation_of_aluminum_species_in_partiall,mechanism,263_Shindo 等 - 2003 - Applicability of MCM-41 as column packing in HPLC for the evaluation of aluminum species in partiall,G:\paper\Sorted_Database\Mechanism\263_Shindo 等 - 2003 - Applicability of MCM-41 as column packing in HPLC for the evaluation of aluminum species in partiall.pdf,G:\paper\Sorted_Database\Mechanism\263_Shindo 等 - 2003 - Applicability of MCM-41 as column packing in HPLC for the evaluation of aluminum species in partiall.pdf,true,0.307,data\markdown\mechanism\263_Shindo 等 - 2003 - Applicability of MCM-41 as column packing in HPLC for the evaluation of aluminum species in partiall.md,data\markdown\mechanism\263_Shindo 等 - 2003 - Applicability of MCM-41 as column packing in HPLC for the evaluation of aluminum species in partiall.md,true,32282,exists_ok,data\outputs\mechanism\263_Shindo 等 - 2003 - Applicability of MCM-41 as column packing in HPLC for the evaluation of aluminum species in partiall,data\outputs\263_Shindo 等 - 2003 - Applicability of MCM-41 as column packing in HPLC for the evaluation of aluminum species in partiall,data\outputs\mechanism\263_Shindo 等 - 2003 - Applicability of MCM-41 as column packing in HPLC for the evaluation of aluminum species in partiall,category_aware,true,false,false,false,false,markdown_ready,run_stage3_next
mechanism__265_singh_1982_hydrolytic_reactions_and_properties_of_dilute_aluminum_salt_solutions,mechanism,265_Singh - 1982 - Hydrolytic reactions and properties of dilute aluminum salt solutions,G:\paper\Sorted_Database\Mechanism\265_Singh - 1982 - Hydrolytic reactions and properties of dilute aluminum salt solutions.pdf,G:\paper\Sorted_Database\Mechanism\265_Singh - 1982 - Hydrolytic reactions and properties of dilute aluminum salt solutions.pdf,true,0.484,data\markdown\mechanism\265_Singh - 1982 - Hydrolytic reactions and properties of dilute aluminum salt solutions.md,data\markdown\mechanism\265_Singh - 1982 - Hydrolytic reactions and properties of dilute aluminum salt solutions.md,true,28050,exists_ok,data\outputs\mechanism\265_Singh - 1982 - Hydrolytic reactions and properties of dilute aluminum salt solutions,data\outputs\265_Singh - 1982 - Hydrolytic reactions and properties of dilute aluminum salt solutions,data\outputs\mechanism\265_Singh - 1982 - Hydrolytic reactions and properties of dilute aluminum salt solutions,category_aware,true,false,false,false,false,markdown_ready,run_stage3_next
mechanism__266_singh_2011_hydrolytic_reactions_and_properties_of_dilute_aluminum_salt_solutions,mechanism,266_singh-2011-hydrolytic-reactions-and-properties-of-dilute-aluminum-salt-solutions,G:\paper\Sorted_Database\Mechanism\266_singh-2011-hydrolytic-reactions-and-properties-of-dilute-aluminum-salt-solutions.pdf,G:\paper\Sorted_Database\Mechanism\266_singh-2011-hydrolytic-reactions-and-properties-of-dilute-aluminum-salt-solutions.pdf,true,0.484,data\markdown\mechanism\266_singh-2011-hydrolytic-reactions-and-properties-of-dilute-aluminum-salt-solutions.md,data\markdown\mechanism\266_singh-2011-hydrolytic-reactions-and-properties-of-dilute-aluminum-salt-solutions.md,true,28030,exists_ok,data\outputs\mechanism\266_singh-2011-hydrolytic-reactions-and-properties-of-dilute-aluminum-salt-solutions,data\outputs\266_singh-2011-hydrolytic-reactions-and-properties-of-dilute-aluminum-salt-solutions,data\outputs\mechanism\266_singh-2011-hydrolytic-reactions-and-properties-of-dilute-aluminum-salt-solutions,category_aware,true,false,false,false,false,markdown_ready,run_stage3_next
mechanism__267_singhal和keefer_1994_a_study_of_aluminum_speciation_in_aluminum_chloride_solutions_by_small_angle_x_ray_scattering_and_27,mechanism,267_Singhal和Keefer - 1994 - A study of aluminum speciation in aluminum chloride solutions by small angle x-ray scattering and 27,G:\paper\Sorted_Database\Mechanism\267_Singhal和Keefer - 1994 - A study of aluminum speciation in aluminum chloride solutions by small angle x-ray scattering and 27.pdf,G:\paper\Sorted_Database\Mechanism\267_Singhal和Keefer - 1994 - A study of aluminum speciation in aluminum chloride solutions by small angle x-ray scattering and 27.pdf,true,1.614,data\markdown\mechanism\267_Singhal和Keefer - 1994 - A study of aluminum speciation in aluminum chloride solutions by small angle x-ray scattering and 27.md,data\markdown\mechanism\267_Singhal和Keefer - 1994 - A study of aluminum speciation in aluminum chloride solutions by small angle x-ray scattering and 27.md,true,47872,exists_ok,data\outputs\mechanism\267_Singhal和Keefer - 1994 - A study of aluminum speciation in aluminum chloride solutions by small angle x-ray scattering and 27,data\outputs\267_Singhal和Keefer - 1994 - A study of aluminum speciation in aluminum chloride solutions by small angle x-ray scattering and 27,data\outputs\mechanism\267_Singhal和Keefer - 1994 - A study of aluminum speciation in aluminum chloride solutions by small angle x-ray scattering and 27,category_aware,true,false,false,false,false,markdown_ready,run_stage3_next
mechanism__268_sinkó_等_1999_gel_structures_containing_al_iii,mechanism,268_Sinkó 等 - 1999 - Gel structures containing al(III),G:\paper\Sorted_Database\Mechanism\268_Sinkó 等 - 1999 - Gel structures containing al(III).pdf,G:\paper\Sorted_Database\Mechanism\268_Sinkó 等 - 1999 - Gel structures containing al(III).pdf,true,0.101,data\markdown\mechanism\268_Sinkó 等 - 1999 - Gel structures containing al(III).md,data\markdown\mechanism\268_Sinkó 等 - 1999 - Gel structures containing al(III).md,true,40140,exists_ok,data\outputs\mechanism\268_Sinkó 等 - 1999 - Gel structures containing al(III),data\outputs\268_Sinkó 等 - 1999 - Gel structures containing al(III),data\outputs\mechanism\268_Sinkó 等 - 1999 - Gel structures containing al(III),category_aware,true,false,false,false,false,markdown_ready,run_stage3_next
mechanism__269_sipos_等_1998_spectroscopic_studies_of_the_chemical_speciation_in_concentrated_alkaline_aluminate_solutions,mechanism,269_Sipos 等 - 1998 - Spectroscopic studies of the chemical speciation in concentrated alkaline aluminate solutions,G:\paper\Sorted_Database\Mechanism\269_Sipos 等 - 1998 - Spectroscopic studies of the chemical speciation in concentrated alkaline aluminate solutions.pdf,G:\paper\Sorted_Database\Mechanism\269_Sipos 等 - 1998 - Spectroscopic studies of the chemical speciation in concentrated alkaline aluminate solutions.pdf,true,0.156,data\markdown\mechanism\269_Sipos 等 - 1998 - Spectroscopic studies of the chemical speciation in concentrated alkaline aluminate solutions.md,data\markdown\mechanism\269_Sipos 等 - 1998 - Spectroscopic studies of the chemical speciation in concentrated alkaline aluminate solutions.md,true,39671,exists_ok,data\outputs\mechanism\269_Sipos 等 - 1998 - Spectroscopic studies of the chemical speciation in concentrated alkaline aluminate solutions,data\outputs\269_Sipos 等 - 1998 - Spectroscopic studies of the chemical speciation in concentrated alkaline aluminate solutions,data\outputs\mechanism\269_Sipos 等 - 1998 - Spectroscopic studies of the chemical speciation in concentrated alkaline aluminate solutions,category_aware,true,false,false,false,false,markdown_ready,run_stage3_next
mechanism__276_stone_等_1993_association_of_soluble_aluminum_ionic_species_with_a_silica_gel_surface_a_solid_state_nmr_study,mechanism,276_Stone 等 - 1993 - Association of soluble aluminum ionic species with a silica-gel surface A solid-state NMR study,G:\paper\Sorted_Database\Mechanism\276_Stone 等 - 1993 - Association of soluble aluminum ionic species with a silica-gel surface A solid-state NMR study.pdf,G:\paper\Sorted_Database\Mechanism\276_Stone 等 - 1993 - Association of soluble aluminum ionic species with a silica-gel surface A solid-state NMR study.pdf,true,0.753,data\markdown\mechanism\276_Stone 等 - 1993 - Association of soluble aluminum ionic species with a silica-gel surface A solid-state NMR study.md,data\markdown\mechanism\276_Stone 等 - 1993 - Association of soluble aluminum ionic species with a silica-gel surface A solid-state NMR study.md,true,47139,exists_ok,data\outputs\mechanism\276_Stone 等 - 1993 - Association of soluble aluminum ionic species with a silica-gel surface A solid-state NMR study,data\outputs\276_Stone 等 - 1993 - Association of soluble aluminum ionic species with a silica-gel surface A solid-state NMR study,data\outputs\mechanism\276_Stone 等 - 1993 - Association of soluble aluminum ionic species with a silica-gel surface A solid-state NMR study,category_aware,true,false,false,false,false,markdown_ready,run_stage3_next
mechanism__278_sun_等_2013_effects_of_structure_of_ionic_liquids_and_phosphoric_acid_on_structure_of_aluminum_isopropoxide,mechanism,278_Sun 等 - 2013 - Effects of structure of ionic liquids and phosphoric acid on structure of aluminum isopropoxide,G:\paper\Sorted_Database\Mechanism\278_Sun 等 - 2013 - Effects of structure of ionic liquids and phosphoric acid on structure of aluminum isopropoxide.pdf,G:\paper\Sorted_Database\Mechanism\278_Sun 等 - 2013 - Effects of structure of ionic liquids and phosphoric acid on structure of aluminum isopropoxide.pdf,true,0.791,data\markdown\mechanism\278_Sun 等 - 2013 - Effects of structure of ionic liquids and phosphoric acid on structure of aluminum isopropoxide.md,data\markdown\mechanism\278_Sun 等 - 2013 - Effects of structure of ionic liquids and phosphoric acid on structure of aluminum isopropoxide.md,true,39740,exists_ok,data\outputs\mechanism\278_Sun 等 - 2013 - Effects of structure of ionic liquids and phosphoric acid on structure of aluminum isopropoxide,data\outputs\278_Sun 等 - 2013 - Effects of structure of ionic liquids and phosphoric acid on structure of aluminum isopropoxide,data\outputs\mechanism\278_Sun 等 - 2013 - Effects of structure of ionic liquids and phosphoric acid on structure of aluminum isopropoxide,category_aware,true,false,false,false,false,markdown_ready,run_stage3_next
mechanism__291_the_effects_of_concentration_and_hydrolysis_on_the_oligomerization_and_polymerization_of_al_iii_as_evident_from_the_al_27_nmr_chemical_shifts_and_linewidths8,mechanism,291_THE EFFECTS OF CONCENTRATION AND HYDROLYSIS ON THE OLIGOMERIZATION AND POLYMERIZATION OF AL(III) AS EVIDENT FROM THE AL-27 NMR CHEMICAL-SHIFTS AND LINEWIDTHS8,G:\paper\Sorted_Database\Mechanism\291_THE EFFECTS OF CONCENTRATION AND HYDROLYSIS ON THE OLIGOMERIZATION AND POLYMERIZATION OF AL(III) AS EVIDENT FROM THE AL-27 NMR CHEMICAL-SHIFTS AND LINEWIDTHS8.pdf,G:\paper\Sorted_Database\Mechanism\291_THE EFFECTS OF CONCENTRATION AND HYDROLYSIS ON THE OLIGOMERIZATION AND POLYMERIZATION OF AL(III) AS EVIDENT FROM THE AL-27 NMR CHEMICAL-SHIFTS AND LINEWIDTHS8.pdf,true,0.468,data\markdown\mechanism\291_THE EFFECTS OF CONCENTRATION AND HYDROLYSIS ON THE OLIGOMERIZATION AND POLYMERIZATION OF AL(III) AS EVIDENT FROM THE AL-27 NMR CHEMICAL-SHIFTS AND LINEWIDTHS8.md,data\markdown\mechanism\291_THE EFFECTS OF CONCENTRATION AND HYDROLYSIS ON THE OLIGOMERIZATION AND POLYMERIZATION OF AL(III) AS EVIDENT FROM THE AL-27 NMR CHEMICAL-SHIFTS AND LINEWIDTHS8.md,true,26658,exists_ok,data\outputs\mechanism\291_THE EFFECTS OF CONCENTRATION AND HYDROLYSIS ON THE OLIGOMERIZATION AND POLYMERIZATION OF AL(III) AS EVIDENT FROM THE AL-27 NMR CHEMICAL-SHIFTS AND LINEWIDTHS8,data\outputs\291_THE EFFECTS OF CONCENTRATION AND HYDROLYSIS ON THE OLIGOMERIZATION AND POLYMERIZATION OF AL(III) AS EVIDENT FROM THE AL-27 NMR CHEMICAL-SHIFTS AND LINEWIDTHS8,data\outputs\mechanism\291_THE EFFECTS OF CONCENTRATION AND HYDROLYSIS ON THE OLIGOMERIZATION AND POLYMERIZATION OF AL(III) AS EVIDENT FROM THE AL-27 NMR CHEMICAL-SHIFTS AND LINEWIDTHS8,category_aware,true,false,false,false,false,markdown_ready,run_stage3_next
mechanism__294_tsai和hsu_1985_aging_of_partially_neutralized_aluminum_solutions_of_sodium_hydroxidealuminum_molar_ratio_2_2,mechanism,294_Tsai和Hsu - 1985 - Aging of partially neutralized aluminum solutions of sodium hydroxidealuminum molar ratio = 2.2,G:\paper\Sorted_Database\Mechanism\294_Tsai和Hsu - 1985 - Aging of partially neutralized aluminum solutions of sodium hydroxidealuminum molar ratio = 2.2.pdf,G:\paper\Sorted_Database\Mechanism\294_Tsai和Hsu - 1985 - Aging of partially neutralized aluminum solutions of sodium hydroxidealuminum molar ratio = 2.2.pdf,true,0.302,data\markdown\mechanism\294_Tsai和Hsu - 1985 - Aging of partially neutralized aluminum solutions of sodium hydroxidealuminum molar ratio = 2.2.md,data\markdown\mechanism\294_Tsai和Hsu - 1985 - Aging of partially neutralized aluminum solutions of sodium hydroxidealuminum molar ratio = 2.2.md,true,31056,exists_ok,data\outputs\mechanism\294_Tsai和Hsu - 1985 - Aging of partially neutralized aluminum solutions of sodium hydroxidealuminum molar ratio = 2.2,data\outputs\294_Tsai和Hsu - 1985 - Aging of partially neutralized aluminum solutions of sodium hydroxidealuminum molar ratio = 2.2,data\outputs\mechanism\294_Tsai和Hsu - 1985 - Aging of partially neutralized aluminum solutions of sodium hydroxidealuminum molar ratio = 2.2,category_aware,true,false,false,false,false,markdown_ready,run_stage3_next
mechanism__295_urabe_等_2007_study_on_chemical_speciation_in_aluminum_chloride_solution_by_esi_q_ms,mechanism,295_Urabe 等 - 2007 - Study on chemical speciation in aluminum chloride solution by ESI‐Q‐MS,G:\paper\Sorted_Database\Mechanism\295_Urabe 等 - 2007 - Study on chemical speciation in aluminum chloride solution by ESI‐Q‐MS.pdf,G:\paper\Sorted_Database\Mechanism\295_Urabe 等 - 2007 - Study on chemical speciation in aluminum chloride solution by ESI‐Q‐MS.pdf,true,0.132,data\markdown\mechanism\295_Urabe 等 - 2007 - Study on chemical speciation in aluminum chloride solution by ESI‐Q‐MS.md,data\markdown\mechanism\295_Urabe 等 - 2007 - Study on chemical speciation in aluminum chloride solution by ESI‐Q‐MS.md,true,34684,exists_ok,data\outputs\mechanism\295_Urabe 等 - 2007 - Study on chemical speciation in aluminum chloride solution by ESI‐Q‐MS,data\outputs\295_Urabe 等 - 2007 - Study on chemical speciation in aluminum chloride solution by ESI‐Q‐MS,data\outputs\mechanism\295_Urabe 等 - 2007 - Study on chemical speciation in aluminum chloride solution by ESI‐Q‐MS,category_aware,true,false,false,false,false,markdown_ready,run_stage3_next
mechanism__296_urabe_等_2008_characterization_of_aluminum_species_with_nitrate_perchlorate_and_sulfate_ions_in_the_positive_and,mechanism,"296_Urabe 等 - 2008 - Characterization of aluminum species with nitrate, perchlorate and sulfate ions in the positive and","G:\paper\Sorted_Database\Mechanism\296_Urabe 等 - 2008 - Characterization of aluminum species with nitrate, perchlorate and sulfate ions in the positive and.pdf","G:\paper\Sorted_Database\Mechanism\296_Urabe 等 - 2008 - Characterization of aluminum species with nitrate, perchlorate and sulfate ions in the positive and.pdf",true,0.196,"data\markdown\mechanism\296_Urabe 等 - 2008 - Characterization of aluminum species with nitrate, perchlorate and sulfate ions in the positive and.md","data\markdown\mechanism\296_Urabe 等 - 2008 - Characterization of aluminum species with nitrate, perchlorate and sulfate ions in the positive and.md",true,52451,exists_ok,"data\outputs\mechanism\296_Urabe 等 - 2008 - Characterization of aluminum species with nitrate, perchlorate and sulfate ions in the positive and","data\outputs\296_Urabe 等 - 2008 - Characterization of aluminum species with nitrate, perchlorate and sulfate ions in the positive and","data\outputs\mechanism\296_Urabe 等 - 2008 - Characterization of aluminum species with nitrate, perchlorate and sulfate ions in the positive and",category_aware,true,false,false,false,false,markdown_ready,run_stage3_next
mechanism__297_urabe_等_2008_electrospray_ionization_mass_spectrometry_investigation_of_the_blocking_effect_of_sulfate_on_the_for,mechanism,297_Urabe 等 - 2008 - Electrospray ionization mass spectrometry investigation of the blocking effect of sulfate on the for,G:\paper\Sorted_Database\Mechanism\297_Urabe 等 - 2008 - Electrospray ionization mass spectrometry investigation of the blocking effect of sulfate on the for.pdf,G:\paper\Sorted_Database\Mechanism\297_Urabe 等 - 2008 - Electrospray ionization mass spectrometry investigation of the blocking effect of sulfate on the for.pdf,true,0.331,data\markdown\mechanism\297_Urabe 等 - 2008 - Electrospray ionization mass spectrometry investigation of the blocking effect of sulfate on the for.md,data\markdown\mechanism\297_Urabe 等 - 2008 - Electrospray ionization mass spectrometry investigation of the blocking effect of sulfate on the for.md,true,23892,exists_ok,data\outputs\mechanism\297_Urabe 等 - 2008 - Electrospray ionization mass spectrometry investigation of the blocking effect of sulfate on the for,data\outputs\297_Urabe 等 - 2008 - Electrospray ionization mass spectrometry investigation of the blocking effect of sulfate on the for,data\outputs\mechanism\297_Urabe 等 - 2008 - Electrospray ionization mass spectrometry investigation of the blocking effect of sulfate on the for,category_aware,true,false,false,false,false,markdown_ready,run_stage3_next
mechanism__302_vogels_等_2005_homogeneous_forced_hydrolysis_of_aluminum_through_the_thermal_decomposition_of_urea,mechanism,302_Vogels 等 - 2005 - Homogeneous forced hydrolysis of aluminum through the thermal decomposition of urea,G:\paper\Sorted_Database\Mechanism\302_Vogels 等 - 2005 - Homogeneous forced hydrolysis of aluminum through the thermal decomposition of urea.pdf,G:\paper\Sorted_Database\Mechanism\302_Vogels 等 - 2005 - Homogeneous forced hydrolysis of aluminum through the thermal decomposition of urea.pdf,true,0.17,data\markdown\mechanism\302_Vogels 等 - 2005 - Homogeneous forced hydrolysis of aluminum through the thermal decomposition of urea.md,data\markdown\mechanism\302_Vogels 等 - 2005 - Homogeneous forced hydrolysis of aluminum through the thermal decomposition of urea.md,true,42967,exists_ok,data\outputs\mechanism\302_Vogels 等 - 2005 - Homogeneous forced hydrolysis of aluminum through the thermal decomposition of urea,data\outputs\302_Vogels 等 - 2005 - Homogeneous forced hydrolysis of aluminum through the thermal decomposition of urea,data\outputs\mechanism\302_Vogels 等 - 2005 - Homogeneous forced hydrolysis of aluminum through the thermal decomposition of urea,category_aware,true,false,false,false,false,markdown_ready,run_stage3_next
mechanism__303_wang_等_2003_effect_of_temperatures_on_formation_and_transformation_of_hydrolytic_aluminum_in_aqueous_solutions,mechanism,303_Wang 等 - 2003 - Effect of temperatures on formation and transformation of hydrolytic aluminum in aqueous solutions,G:\paper\Sorted_Database\Mechanism\303_Wang 等 - 2003 - Effect of temperatures on formation and transformation of hydrolytic aluminum in aqueous solutions.pdf,G:\paper\Sorted_Database\Mechanism\303_Wang 等 - 2003 - Effect of temperatures on formation and transformation of hydrolytic aluminum in aqueous solutions.pdf,true,0.341,data\markdown\mechanism\303_Wang 等 - 2003 - Effect of temperatures on formation and transformation of hydrolytic aluminum in aqueous solutions.md,data\markdown\mechanism\303_Wang 等 - 2003 - Effect of temperatures on formation and transformation of hydrolytic aluminum in aqueous solutions.md,true,51452,exists_ok,data\outputs\mechanism\303_Wang 等 - 2003 - Effect of temperatures on formation and transformation of hydrolytic aluminum in aqueous solutions,data\outputs\303_Wang 等 - 2003 - Effect of temperatures on formation and transformation of hydrolytic aluminum in aqueous solutions,data\outputs\mechanism\303_Wang 等 - 2003 - Effect of temperatures on formation and transformation of hydrolytic aluminum in aqueous solutions,category_aware,true,false,false,false,false,markdown_ready,run_stage3_next
mechanism__305_wang_等_2011_synthesis_of_the_hydroxide_cluster_al13_μ3_oh_6_μ_oh_18_h2o_24_15_from_an_aqueous_solution,mechanism,305_Wang 等 - 2011 - Synthesis of the hydroxide cluster [Al13(μ3-OH)6(μ-OH)18(H2O)24]15+ from an aqueous solution,G:\paper\Sorted_Database\Mechanism\305_Wang 等 - 2011 - Synthesis of the hydroxide cluster [Al13(μ3-OH)6(μ-OH)18(H2O)24]15+ from an aqueous solution.pdf,G:\paper\Sorted_Database\Mechanism\305_Wang 等 - 2011 - Synthesis of the hydroxide cluster [Al13(μ3-OH)6(μ-OH)18(H2O)24]15+ from an aqueous solution.pdf,true,1.497,data\markdown\mechanism\305_Wang 等 - 2011 - Synthesis of the hydroxide cluster [Al13(μ3-OH)6(μ-OH)18(H2O)24]15+ from an aqueous solution.md,data\markdown\mechanism\305_Wang 等 - 2011 - Synthesis of the hydroxide cluster [Al13(μ3-OH)6(μ-OH)18(H2O)24]15+ from an aqueous solution.md,true,16420,exists_ok,data\outputs\mechanism\305_Wang 等 - 2011 - Synthesis of the hydroxide cluster [Al13(μ3-OH)6(μ-OH)18(H2O)24]15+ from an aqueous solution,data\outputs\305_Wang 等 - 2011 - Synthesis of the hydroxide cluster [Al13(μ3-OH)6(μ-OH)18(H2O)24]15+ from an aqueous solution,data\outputs\mechanism\305_Wang 等 - 2011 - Synthesis of the hydroxide cluster [Al13(μ3-OH)6(μ-OH)18(H2O)24]15+ from an aqueous solution,category_aware,true,false,false,false,false,markdown_ready,run_stage3_next
mechanism__306_wang和muhammed_1999_novel_synthesis_of_al13_cluster_based_alumina_materials,mechanism,306_Wang和Muhammed - 1999 - Novel synthesis of Al13-cluster based alumina materials,G:\paper\Sorted_Database\Mechanism\306_Wang和Muhammed - 1999 - Novel synthesis of Al13-cluster based alumina materials.pdf,G:\paper\Sorted_Database\Mechanism\306_Wang和Muhammed - 1999 - Novel synthesis of Al13-cluster based alumina materials.pdf,true,0.447,data\markdown\mechanism\306_Wang和Muhammed - 1999 - Novel synthesis of Al13-cluster based alumina materials.md,data\markdown\mechanism\306_Wang和Muhammed - 1999 - Novel synthesis of Al13-cluster based alumina materials.md,true,29747,exists_ok,data\outputs\mechanism\306_Wang和Muhammed - 1999 - Novel synthesis of Al13-cluster based alumina materials,data\outputs\306_Wang和Muhammed - 1999 - Novel synthesis of Al13-cluster based alumina materials,data\outputs\mechanism\306_Wang和Muhammed - 1999 - Novel synthesis of Al13-cluster based alumina materials,category_aware,true,false,false,false,false,markdown_ready,run_stage3_next
mechanism__307_wu_等_2006_structural_characterization_of_al10o6ibu16_μ_h_2_a_high_aluminum_content_cluster_further_studies_o,mechanism,"307_Wu 等 - 2006 - Structural characterization of Al10O6iBu16(μ-H)2, a high aluminum content cluster Further studies o","G:\paper\Sorted_Database\Mechanism\307_Wu 等 - 2006 - Structural characterization of Al10O6iBu16(μ-H)2, a high aluminum content cluster Further studies o.pdf","G:\paper\Sorted_Database\Mechanism\307_Wu 等 - 2006 - Structural characterization of Al10O6iBu16(μ-H)2, a high aluminum content cluster Further studies o.pdf",true,0.071,"data\markdown\mechanism\307_Wu 等 - 2006 - Structural characterization of Al10O6iBu16(μ-H)2, a high aluminum content cluster Further studies o.md","data\markdown\mechanism\307_Wu 等 - 2006 - Structural characterization of Al10O6iBu16(μ-H)2, a high aluminum content cluster Further studies o.md",true,20753,exists_ok,"data\outputs\mechanism\307_Wu 等 - 2006 - Structural characterization of Al10O6iBu16(μ-H)2, a high aluminum content cluster Further studies o","data\outputs\307_Wu 等 - 2006 - Structural characterization of Al10O6iBu16(μ-H)2, a high aluminum content cluster Further studies o","data\outputs\mechanism\307_Wu 等 - 2006 - Structural characterization of Al10O6iBu16(μ-H)2, a high aluminum content cluster Further studies o",category_aware,true,false,false,false,false,markdown_ready,run_stage3_next
mechanism__308_xiao_等_2008_effects_of_low_temperature_on_aluminum_iii_hydrolysis_theoretical_and_experimental_studies,mechanism,308_XIAO 等 - 2008 - Effects of low temperature on aluminum(III) hydrolysis Theoretical and experimental studies,G:\paper\Sorted_Database\Mechanism\308_XIAO 等 - 2008 - Effects of low temperature on aluminum(III) hydrolysis Theoretical and experimental studies.pdf,G:\paper\Sorted_Database\Mechanism\308_XIAO 等 - 2008 - Effects of low temperature on aluminum(III) hydrolysis Theoretical and experimental studies.pdf,true,1.411,data\markdown\mechanism\308_XIAO 等 - 2008 - Effects of low temperature on aluminum(III) hydrolysis Theoretical and experimental studies.md,data\markdown\mechanism\308_XIAO 等 - 2008 - Effects of low temperature on aluminum(III) hydrolysis Theoretical and experimental studies.md,true,45978,exists_ok,data\outputs\mechanism\308_XIAO 等 - 2008 - Effects of low temperature on aluminum(III) hydrolysis Theoretical and experimental studies,data\outputs\308_XIAO 等 - 2008 - Effects of low temperature on aluminum(III) hydrolysis Theoretical and experimental studies,data\outputs\mechanism\308_XIAO 等 - 2008 - Effects of low temperature on aluminum(III) hydrolysis Theoretical and experimental studies,category_aware,true,false,false,false,false,markdown_ready,run_stage3_next
mechanism__312_yang_等_2009_density_functional_theory_study_of_the_aluminium_iii_hydrolysis_in_aqueous_solution,mechanism,312_Yang 等 - 2009 - Density functional theory study of the aluminium(iii) hydrolysis in aqueous solution,G:\paper\Sorted_Database\Mechanism\312_Yang 等 - 2009 - Density functional theory study of the aluminium(iii) hydrolysis in aqueous solution.pdf,G:\paper\Sorted_Database\Mechanism\312_Yang 等 - 2009 - Density functional theory study of the aluminium(iii) hydrolysis in aqueous solution.pdf,true,0.838,data\markdown\mechanism\312_Yang 等 - 2009 - Density functional theory study of the aluminium(iii) hydrolysis in aqueous solution.md,data\markdown\mechanism\312_Yang 等 - 2009 - Density functional theory study of the aluminium(iii) hydrolysis in aqueous solution.md,true,32654,exists_ok,data\outputs\mechanism\312_Yang 等 - 2009 - Density functional theory study of the aluminium(iii) hydrolysis in aqueous solution,data\outputs\312_Yang 等 - 2009 - Density functional theory study of the aluminium(iii) hydrolysis in aqueous solution,data\outputs\mechanism\312_Yang 等 - 2009 - Density functional theory study of the aluminium(iii) hydrolysis in aqueous solution,category_aware,true,false,false,false,false,markdown_ready,run_stage3_next
mechanism__313_yao_等_2001_preparation_of_novel_uniform_mesoporous_alumina_catalysts_by_the_sol_gel_method,mechanism,313_Yao 等 - 2001 - Preparation of novel uniform mesoporous alumina catalysts by the sol–gel method,G:\paper\Sorted_Database\Mechanism\313_Yao 等 - 2001 - Preparation of novel uniform mesoporous alumina catalysts by the sol–gel method.pdf,G:\paper\Sorted_Database\Mechanism\313_Yao 等 - 2001 - Preparation of novel uniform mesoporous alumina catalysts by the sol–gel method.pdf,true,0.283,data\markdown\mechanism\313_Yao 等 - 2001 - Preparation of novel uniform mesoporous alumina catalysts by the sol–gel method.md,data\markdown\mechanism\313_Yao 等 - 2001 - Preparation of novel uniform mesoporous alumina catalysts by the sol–gel method.md,true,48723,exists_ok,data\outputs\mechanism\313_Yao 等 - 2001 - Preparation of novel uniform mesoporous alumina catalysts by the sol–gel method,data\outputs\313_Yao 等 - 2001 - Preparation of novel uniform mesoporous alumina catalysts by the sol–gel method,data\outputs\mechanism\313_Yao 等 - 2001 - Preparation of novel uniform mesoporous alumina catalysts by the sol–gel method,category_aware,true,false,false,false,false,markdown_ready,run_stage3_next
mechanism__314_ye_等_2007_formation_and_transformation_of_al13_from_freshly_formed_precipitate_in_partially_neutralized_al_iii,mechanism,314_Ye 等 - 2007 - Formation and transformation of Al13 from freshly formed precipitate in partially neutralized al(III,G:\paper\Sorted_Database\Mechanism\314_Ye 等 - 2007 - Formation and transformation of Al13 from freshly formed precipitate in partially neutralized al(III.pdf,G:\paper\Sorted_Database\Mechanism\314_Ye 等 - 2007 - Formation and transformation of Al13 from freshly formed precipitate in partially neutralized al(III.pdf,true,0.344,data\markdown\mechanism\314_Ye 等 - 2007 - Formation and transformation of Al13 from freshly formed precipitate in partially neutralized al(III.md,data\markdown\mechanism\314_Ye 等 - 2007 - Formation and transformation of Al13 from freshly formed precipitate in partially neutralized al(III.md,true,42533,exists_ok,data\outputs\mechanism\314_Ye 等 - 2007 - Formation and transformation of Al13 from freshly formed precipitate in partially neutralized al(III,data\outputs\314_Ye 等 - 2007 - Formation and transformation of Al13 from freshly formed precipitate in partially neutralized al(III,data\outputs\mechanism\314_Ye 等 - 2007 - Formation and transformation of Al13 from freshly formed precipitate in partially neutralized al(III,category_aware,true,false,false,false,false,markdown_ready,run_stage3_next
mechanism__315_ye_等_2009_k_value_based_ferron_assay_and_its_application,mechanism,315_Ye 等 - 2009 - k-value-based ferron assay and its application,G:\paper\Sorted_Database\Mechanism\315_Ye 等 - 2009 - k-value-based ferron assay and its application.pdf,G:\paper\Sorted_Database\Mechanism\315_Ye 等 - 2009 - k-value-based ferron assay and its application.pdf,true,0.422,data\markdown\mechanism\315_Ye 等 - 2009 - k-value-based ferron assay and its application.md,data\markdown\mechanism\315_Ye 等 - 2009 - k-value-based ferron assay and its application.md,true,36579,exists_ok,data\outputs\mechanism\315_Ye 等 - 2009 - k-value-based ferron assay and its application,data\outputs\315_Ye 等 - 2009 - k-value-based ferron assay and its application,data\outputs\mechanism\315_Ye 等 - 2009 - k-value-based ferron assay and its application,category_aware,true,false,false,false,false,markdown_ready,run_stage3_next
mechanism__316_yucelen_等_2011_formation_of_single_walled_aluminosilicate_nanotubes_from_molecular_precursors_and_curved_nanoscale,mechanism,316_Yucelen 等 - 2011 - Formation of single-walled aluminosilicate nanotubes from molecular precursors and curved nanoscale,G:\paper\Sorted_Database\Mechanism\316_Yucelen 等 - 2011 - Formation of single-walled aluminosilicate nanotubes from molecular precursors and curved nanoscale.pdf,G:\paper\Sorted_Database\Mechanism\316_Yucelen 等 - 2011 - Formation of single-walled aluminosilicate nanotubes from molecular precursors and curved nanoscale.pdf,true,5.486,data\markdown\mechanism\316_Yucelen 等 - 2011 - Formation of single-walled aluminosilicate nanotubes from molecular precursors and curved nanoscale.md,data\markdown\mechanism\316_Yucelen 等 - 2011 - Formation of single-walled aluminosilicate nanotubes from molecular precursors and curved nanoscale.md,true,98794,exists_ok,data\outputs\mechanism\316_Yucelen 等 - 2011 - Formation of single-walled aluminosilicate nanotubes from molecular precursors and curved nanoscale,data\outputs\316_Yucelen 等 - 2011 - Formation of single-walled aluminosilicate nanotubes from molecular precursors and curved nanoscale,data\outputs\mechanism\316_Yucelen 等 - 2011 - Formation of single-walled aluminosilicate nanotubes from molecular precursors and curved nanoscale,category_aware,true,false,false,false,false,markdown_ready,run_stage3_next
mechanism__317_zangrando_等_2006_polymerization_processes_in_al_obu_s_3_sol_gel_solutions_an_investigation_by_laser_desorptionion,mechanism,317_Zangrando 等 - 2006 - Polymerization processes in al(OBu s ) 3 sol‐gel solutions An investigation by laser desorptionion,G:\paper\Sorted_Database\Mechanism\317_Zangrando 等 - 2006 - Polymerization processes in al(OBu s ) 3 sol‐gel solutions An investigation by laser desorptionion.pdf,G:\paper\Sorted_Database\Mechanism\317_Zangrando 等 - 2006 - Polymerization processes in al(OBu s ) 3 sol‐gel solutions An investigation by laser desorptionion.pdf,true,0.24,data\markdown\mechanism\317_Zangrando 等 - 2006 - Polymerization processes in al(OBu s ) 3 sol‐gel solutions An investigation by laser desorptionion.md,data\markdown\mechanism\317_Zangrando 等 - 2006 - Polymerization processes in al(OBu s ) 3 sol‐gel solutions An investigation by laser desorptionion.md,true,33666,exists_ok,data\outputs\mechanism\317_Zangrando 等 - 2006 - Polymerization processes in al(OBu s ) 3 sol‐gel solutions An investigation by laser desorptionion,data\outputs\317_Zangrando 等 - 2006 - Polymerization processes in al(OBu s ) 3 sol‐gel solutions An investigation by laser desorptionion,data\outputs\mechanism\317_Zangrando 等 - 2006 - Polymerization processes in al(OBu s ) 3 sol‐gel solutions An investigation by laser desorptionion,category_aware,true,false,false,false,false,markdown_ready,run_stage3_next
mechanism__318_zeng_等_2005_post_synthesis_alumination_of_sba_15_in_aqueous_solution_a_versatile_tool_for_the_preparation_of_ac,mechanism,318_Zeng 等 - 2005 - Post-synthesis alumination of SBA-15 in aqueous solution A versatile tool for the preparation of ac,G:\paper\Sorted_Database\Mechanism\318_Zeng 等 - 2005 - Post-synthesis alumination of SBA-15 in aqueous solution A versatile tool for the preparation of ac.pdf,G:\paper\Sorted_Database\Mechanism\318_Zeng 等 - 2005 - Post-synthesis alumination of SBA-15 in aqueous solution A versatile tool for the preparation of ac.pdf,true,0.251,data\markdown\mechanism\318_Zeng 等 - 2005 - Post-synthesis alumination of SBA-15 in aqueous solution A versatile tool for the preparation of ac.md,data\markdown\mechanism\318_Zeng 等 - 2005 - Post-synthesis alumination of SBA-15 in aqueous solution A versatile tool for the preparation of ac.md,true,38419,exists_ok,data\outputs\mechanism\318_Zeng 等 - 2005 - Post-synthesis alumination of SBA-15 in aqueous solution A versatile tool for the preparation of ac,data\outputs\318_Zeng 等 - 2005 - Post-synthesis alumination of SBA-15 in aqueous solution A versatile tool for the preparation of ac,data\outputs\mechanism\318_Zeng 等 - 2005 - Post-synthesis alumination of SBA-15 in aqueous solution A versatile tool for the preparation of ac,category_aware,true,false,false,false,false,markdown_ready,run_stage3_next
mechanism__319_zhang_等_2003_novel_sol_gel_synthesis_of_sodium_aluminophosphate_glass_based_on_aluminum_lactate,mechanism,319_Zhang 等 - 2003 - Novel sol−gel synthesis of sodium aluminophosphate glass based on aluminum lactate,G:\paper\Sorted_Database\Mechanism\319_Zhang 等 - 2003 - Novel sol−gel synthesis of sodium aluminophosphate glass based on aluminum lactate.pdf,G:\paper\Sorted_Database\Mechanism\319_Zhang 等 - 2003 - Novel sol−gel synthesis of sodium aluminophosphate glass based on aluminum lactate.pdf,true,0.587,data\markdown\mechanism\319_Zhang 等 - 2003 - Novel sol−gel synthesis of sodium aluminophosphate glass based on aluminum lactate.md,data\markdown\mechanism\319_Zhang 等 - 2003 - Novel sol−gel synthesis of sodium aluminophosphate glass based on aluminum lactate.md,true,44188,exists_ok,data\outputs\mechanism\319_Zhang 等 - 2003 - Novel sol−gel synthesis of sodium aluminophosphate glass based on aluminum lactate,data\outputs\319_Zhang 等 - 2003 - Novel sol−gel synthesis of sodium aluminophosphate glass based on aluminum lactate,data\outputs\mechanism\319_Zhang 等 - 2003 - Novel sol−gel synthesis of sodium aluminophosphate glass based on aluminum lactate,category_aware,true,false,false,false,false,markdown_ready,run_stage3_next
mechanism__324_zhang_等_2014_determination_time_of_the_mononuclear_aluminum_species_in_the_hydroxyl_polyaluminum_solution_by_ferr,mechanism,324_Zhang 等 - 2014 - Determination time of the mononuclear aluminum species in the hydroxyl polyaluminum solution by ferr,G:\paper\Sorted_Database\Mechanism\324_Zhang 等 - 2014 - Determination time of the mononuclear aluminum species in the hydroxyl polyaluminum solution by ferr.pdf,G:\paper\Sorted_Database\Mechanism\324_Zhang 等 - 2014 - Determination time of the mononuclear aluminum species in the hydroxyl polyaluminum solution by ferr.pdf,true,1.75,data\markdown\mechanism\324_Zhang 等 - 2014 - Determination time of the mononuclear aluminum species in the hydroxyl polyaluminum solution by ferr.md,data\markdown\mechanism\324_Zhang 等 - 2014 - Determination time of the mononuclear aluminum species in the hydroxyl polyaluminum solution by ferr.md,true,49984,exists_ok,data\outputs\mechanism\324_Zhang 等 - 2014 - Determination time of the mononuclear aluminum species in the hydroxyl polyaluminum solution by ferr,data\outputs\324_Zhang 等 - 2014 - Determination time of the mononuclear aluminum species in the hydroxyl polyaluminum solution by ferr,data\outputs\mechanism\324_Zhang 等 - 2014 - Determination time of the mononuclear aluminum species in the hydroxyl polyaluminum solution by ferr,category_aware,true,false,false,false,false,markdown_ready,run_stage3_next
mechanism__329_zhang和eckert_2004_multinuclear_nmr_studies_on_the_sol_gel_preparation_of_sodium_aluminophosphate_glasses,mechanism,329_Zhang和Eckert - 2004 - Multinuclear NMR studies on the sol–gel preparation of sodium aluminophosphate glasses,G:\paper\Sorted_Database\Mechanism\329_Zhang和Eckert - 2004 - Multinuclear NMR studies on the sol–gel preparation of sodium aluminophosphate glasses.pdf,G:\paper\Sorted_Database\Mechanism\329_Zhang和Eckert - 2004 - Multinuclear NMR studies on the sol–gel preparation of sodium aluminophosphate glasses.pdf,true,0.746,data\markdown\mechanism\329_Zhang和Eckert - 2004 - Multinuclear NMR studies on the sol–gel preparation of sodium aluminophosphate glasses.md,data\markdown\mechanism\329_Zhang和Eckert - 2004 - Multinuclear NMR studies on the sol–gel preparation of sodium aluminophosphate glasses.md,true,66047,exists_ok,data\outputs\mechanism\329_Zhang和Eckert - 2004 - Multinuclear NMR studies on the sol–gel preparation of sodium aluminophosphate glasses,data\outputs\329_Zhang和Eckert - 2004 - Multinuclear NMR studies on the sol–gel preparation of sodium aluminophosphate glasses,data\outputs\mechanism\329_Zhang和Eckert - 2004 - Multinuclear NMR studies on the sol–gel preparation of sodium aluminophosphate glasses,category_aware,true,false,false,false,false,markdown_ready,run_stage3_next
mechanism__330_zhang和eckert_2004_sol_gel_synthesis_of_al2o3_p2o5glasses_mechanistic_studies_by_solution_and_solid_state_nmr,mechanism,330_Zhang和Eckert - 2004 - Sol–gel synthesis of Al2O3–P2O5glasses Mechanistic studies by solution and solid state NMR,G:\paper\Sorted_Database\Mechanism\330_Zhang和Eckert - 2004 - Sol–gel synthesis of Al2O3–P2O5glasses Mechanistic studies by solution and solid state NMR.pdf,G:\paper\Sorted_Database\Mechanism\330_Zhang和Eckert - 2004 - Sol–gel synthesis of Al2O3–P2O5glasses Mechanistic studies by solution and solid state NMR.pdf,true,0.417,data\markdown\mechanism\330_Zhang和Eckert - 2004 - Sol–gel synthesis of Al2O3–P2O5glasses Mechanistic studies by solution and solid state NMR.md,data\markdown\mechanism\330_Zhang和Eckert - 2004 - Sol–gel synthesis of Al2O3–P2O5glasses Mechanistic studies by solution and solid state NMR.md,true,73012,exists_ok,data\outputs\mechanism\330_Zhang和Eckert - 2004 - Sol–gel synthesis of Al2O3–P2O5glasses Mechanistic studies by solution and solid state NMR,data\outputs\330_Zhang和Eckert - 2004 - Sol–gel synthesis of Al2O3–P2O5glasses Mechanistic studies by solution and solid state NMR,data\outputs\mechanism\330_Zhang和Eckert - 2004 - Sol–gel synthesis of Al2O3–P2O5glasses Mechanistic studies by solution and solid state NMR,category_aware,true,false,false,false,false,markdown_ready,run_stage3_next
mechanism__331_zhao_等_2009_effect_of_ph_on_the_aluminum_salts_hydrolysis_during_coagulation_process_formation_and_decompositio,mechanism,331_Zhao 等 - 2009 - Effect of pH on the aluminum salts hydrolysis during coagulation process Formation and decompositio,G:\paper\Sorted_Database\Mechanism\331_Zhao 等 - 2009 - Effect of pH on the aluminum salts hydrolysis during coagulation process Formation and decompositio.pdf,G:\paper\Sorted_Database\Mechanism\331_Zhao 等 - 2009 - Effect of pH on the aluminum salts hydrolysis during coagulation process Formation and decompositio.pdf,true,0.302,data\markdown\mechanism\331_Zhao 等 - 2009 - Effect of pH on the aluminum salts hydrolysis during coagulation process Formation and decompositio.md,data\markdown\mechanism\331_Zhao 等 - 2009 - Effect of pH on the aluminum salts hydrolysis during coagulation process Formation and decompositio.md,true,44390,exists_ok,data\outputs\mechanism\331_Zhao 等 - 2009 - Effect of pH on the aluminum salts hydrolysis during coagulation process Formation and decompositio,data\outputs\331_Zhao 等 - 2009 - Effect of pH on the aluminum salts hydrolysis during coagulation process Formation and decompositio,data\outputs\mechanism\331_Zhao 等 - 2009 - Effect of pH on the aluminum salts hydrolysis during coagulation process Formation and decompositio,category_aware,true,false,false,false,false,markdown_ready,run_stage3_next
mechanism__332_zhao_等_2025_dual_pathways_and_transient_intermediates_reveal_hydrolysis_driven_assembly_of_aluminum_keggin_clust,mechanism,332_Zhao 等 - 2025 - Dual pathways and transient intermediates reveal hydrolysis-driven assembly of aluminum keggin clust,G:\paper\Sorted_Database\Mechanism\332_Zhao 等 - 2025 - Dual pathways and transient intermediates reveal hydrolysis-driven assembly of aluminum keggin clust.pdf,G:\paper\Sorted_Database\Mechanism\332_Zhao 等 - 2025 - Dual pathways and transient intermediates reveal hydrolysis-driven assembly of aluminum keggin clust.pdf,true,3.839,data\markdown\mechanism\332_Zhao 等 - 2025 - Dual pathways and transient intermediates reveal hydrolysis-driven assembly of aluminum keggin clust.md,data\markdown\mechanism\332_Zhao 等 - 2025 - Dual pathways and transient intermediates reveal hydrolysis-driven assembly of aluminum keggin clust.md,true,75842,exists_ok,data\outputs\mechanism\332_Zhao 等 - 2025 - Dual pathways and transient intermediates reveal hydrolysis-driven assembly of aluminum keggin clust,data\outputs\332_Zhao 等 - 2025 - Dual pathways and transient intermediates reveal hydrolysis-driven assembly of aluminum keggin clust,data\outputs\mechanism\332_Zhao 等 - 2025 - Dual pathways and transient intermediates reveal hydrolysis-driven assembly of aluminum keggin clust,category_aware,true,false,false,false,false,markdown_ready,run_stage3_next
mechanism__342_rudolph和schönherr_1991_raman_und_infrarotspektroskopische_untersuchungen_an_konzentrierten_aluminiumsalzlösungen,mechanism,342_Rudolph和Schönherr - 1991 - Raman- und infrarotspektroskopische untersuchungen an konzentrierten aluminiumsalzlösungen,G:\paper\Sorted_Database\Mechanism\342_Rudolph和Schönherr - 1991 - Raman- und infrarotspektroskopische untersuchungen an konzentrierten aluminiumsalzlösungen.pdf,G:\paper\Sorted_Database\Mechanism\342_Rudolph和Schönherr - 1991 - Raman- und infrarotspektroskopische untersuchungen an konzentrierten aluminiumsalzlösungen.pdf,true,1.345,data\markdown\mechanism\342_Rudolph和Schönherr - 1991 - Raman- und infrarotspektroskopische untersuchungen an konzentrierten aluminiumsalzlösungen.md,data\markdown\mechanism\342_Rudolph和Schönherr - 1991 - Raman- und infrarotspektroskopische untersuchungen an konzentrierten aluminiumsalzlösungen.md,true,21820,exists_ok,data\outputs\mechanism\342_Rudolph和Schönherr - 1991 - Raman- und infrarotspektroskopische untersuchungen an konzentrierten aluminiumsalzlösungen,data\outputs\342_Rudolph和Schönherr - 1991 - Raman- und infrarotspektroskopische untersuchungen an konzentrierten aluminiumsalzlösungen,data\outputs\mechanism\342_Rudolph和Schönherr - 1991 - Raman- und infrarotspektroskopische untersuchungen an konzentrierten aluminiumsalzlösungen,category_aware,true,false,false,false,false,markdown_ready,run_stage3_next
mechanism__343_sup_27__sup_al核磁共振波谱法测定环境生物样品中铝研究进展,mechanism,343_sup_27__sup_Al核磁共振波谱法测定环境生物样品中铝研究进展,G:\paper\Sorted_Database\Mechanism\343_sup_27__sup_Al核磁共振波谱法测定环境生物样品中铝研究进展.pdf,G:\paper\Sorted_Database\Mechanism\343_sup_27__sup_Al核磁共振波谱法测定环境生物样品中铝研究进展.pdf,true,1.129,data\markdown\mechanism\343_sup_27__sup_Al核磁共振波谱法测定环境生物样品中铝研究进展.md,data\markdown\mechanism\343_sup_27__sup_Al核磁共振波谱法测定环境生物样品中铝研究进展.md,true,31669,exists_ok,data\outputs\mechanism\343_sup_27__sup_Al核磁共振波谱法测定环境生物样品中铝研究进展,data\outputs\343_sup_27__sup_Al核磁共振波谱法测定环境生物样品中铝研究进展,data\outputs\mechanism\343_sup_27__sup_Al核磁共振波谱法测定环境生物样品中铝研究进展,category_aware,true,false,false,false,false,markdown_ready,run_stage3_next
rheology__007_两种钛源对钛酸铝溶胶可纺性影响的对比研究,rheology,007_两种钛源对钛酸铝溶胶可纺性影响的对比研究,G:\paper\Sorted_Database\Rheology\007_两种钛源对钛酸铝溶胶可纺性影响的对比研究.pdf,G:\paper\Sorted_Database\Rheology\007_两种钛源对钛酸铝溶胶可纺性影响的对比研究.pdf,true,0.572,data\markdown\rheology\007_两种钛源对钛酸铝溶胶可纺性影响的对比研究.md,data\markdown\rheology\007_两种钛源对钛酸铝溶胶可纺性影响的对比研究.md,true,8398,exists_ok,data\outputs\rheology\007_两种钛源对钛酸铝溶胶可纺性影响的对比研究,data\outputs\007_两种钛源对钛酸铝溶胶可纺性影响的对比研究,data\outputs\rheology\007_两种钛源对钛酸铝溶胶可纺性影响的对比研究,category_aware,true,false,false,false,false,markdown_ready,run_stage3_next
rheology__018_干法纺丝中羧酸铝溶胶的流变行为及结构演变模拟,rheology,018_干法纺丝中羧酸铝溶胶的流变行为及结构演变模拟,G:\paper\Sorted_Database\Rheology\018_干法纺丝中羧酸铝溶胶的流变行为及结构演变模拟.pdf,G:\paper\Sorted_Database\Rheology\018_干法纺丝中羧酸铝溶胶的流变行为及结构演变模拟.pdf,true,14.846,data\markdown\rheology\018_干法纺丝中羧酸铝溶胶的流变行为及结构演变模拟.md,data\markdown\rheology\018_干法纺丝中羧酸铝溶胶的流变行为及结构演变模拟.md,true,235814,exists_ok,data\outputs\rheology\018_干法纺丝中羧酸铝溶胶的流变行为及结构演变模拟,data\outputs\018_干法纺丝中羧酸铝溶胶的流变行为及结构演变模拟,data\outputs\rheology\018_干法纺丝中羧酸铝溶胶的流变行为及结构演变模拟,category_aware,true,false,false,false,false,markdown_ready,run_stage3_next
rheology__022_拟薄水铝石溶胶性能的影响因素研究,rheology,022_拟薄水铝石溶胶性能的影响因素研究,G:\paper\Sorted_Database\Rheology\022_拟薄水铝石溶胶性能的影响因素研究.pdf,G:\paper\Sorted_Database\Rheology\022_拟薄水铝石溶胶性能的影响因素研究.pdf,true,2.063,data\markdown\rheology\022_拟薄水铝石溶胶性能的影响因素研究.md,data\markdown\rheology\022_拟薄水铝石溶胶性能的影响因素研究.md,true,10544,exists_ok,data\outputs\rheology\022_拟薄水铝石溶胶性能的影响因素研究,data\outputs\022_拟薄水铝石溶胶性能的影响因素研究,data\outputs\rheology\022_拟薄水铝石溶胶性能的影响因素研究,category_aware,true,false,false,false,false,markdown_ready,run_stage3_next
rheology__043_浅谈氧化铝溶胶制备中溶胶黏度的变化,rheology,043_浅谈氧化铝溶胶制备中溶胶黏度的变化,G:\paper\Sorted_Database\Rheology\043_浅谈氧化铝溶胶制备中溶胶黏度的变化.pdf,G:\paper\Sorted_Database\Rheology\043_浅谈氧化铝溶胶制备中溶胶黏度的变化.pdf,true,1.418,data\markdown\rheology\043_浅谈氧化铝溶胶制备中溶胶黏度的变化.md,data\markdown\rheology\043_浅谈氧化铝溶胶制备中溶胶黏度的变化.md,true,8900,exists_ok,data\outputs\rheology\043_浅谈氧化铝溶胶制备中溶胶黏度的变化,data\outputs\043_浅谈氧化铝溶胶制备中溶胶黏度的变化,data\outputs\rheology\043_浅谈氧化铝溶胶制备中溶胶黏度的变化,category_aware,true,false,false,false,false,markdown_ready,run_stage3_next
rheology__063_钇铝石榴石纤维纺丝原液的制备及结构与流变性研究,rheology,063_钇铝石榴石纤维纺丝原液的制备及结构与流变性研究,G:\paper\Sorted_Database\Rheology\063_钇铝石榴石纤维纺丝原液的制备及结构与流变性研究.pdf,G:\paper\Sorted_Database\Rheology\063_钇铝石榴石纤维纺丝原液的制备及结构与流变性研究.pdf,true,0.469,data\markdown\rheology\063_钇铝石榴石纤维纺丝原液的制备及结构与流变性研究.md,data\markdown\rheology\063_钇铝石榴石纤维纺丝原液的制备及结构与流变性研究.md,true,18006,exists_ok,data\outputs\rheology\063_钇铝石榴石纤维纺丝原液的制备及结构与流变性研究,data\outputs\063_钇铝石榴石纤维纺丝原液的制备及结构与流变性研究,data\outputs\rheology\063_钇铝石榴石纤维纺丝原液的制备及结构与流变性研究,category_aware,true,false,false,false,false,markdown_ready,run_stage3_next
rheology__065_铝基水溶胶体的制备和特性研究,rheology,065_铝基水溶胶体的制备和特性研究,G:\paper\Sorted_Database\Rheology\065_铝基水溶胶体的制备和特性研究.pdf,G:\paper\Sorted_Database\Rheology\065_铝基水溶胶体的制备和特性研究.pdf,true,0.534,data\markdown\rheology\065_铝基水溶胶体的制备和特性研究.md,data\markdown\rheology\065_铝基水溶胶体的制备和特性研究.md,true,9073,exists_ok,data\outputs\rheology\065_铝基水溶胶体的制备和特性研究,data\outputs\065_铝基水溶胶体的制备和特性研究,data\outputs\rheology\065_铝基水溶胶体的制备和特性研究,category_aware,true,false,false,false,false,markdown_ready,run_stage3_next
rheology__120_dressler_等_2008_influence_of_polyvinylpyrrolidone_pvp_on_alumina_sols_prepared_by_a_modified_yoldas_procedure,rheology,120_Dressler 等 - 2008 - Influence of polyvinylpyrrolidone (PVP) on alumina sols prepared by a modified yoldas procedure,G:\paper\Sorted_Database\Rheology\120_Dressler 等 - 2008 - Influence of polyvinylpyrrolidone (PVP) on alumina sols prepared by a modified yoldas procedure.pdf,G:\paper\Sorted_Database\Rheology\120_Dressler 等 - 2008 - Influence of polyvinylpyrrolidone (PVP) on alumina sols prepared by a modified yoldas procedure.pdf,true,0.318,data\markdown\rheology\120_Dressler 等 - 2008 - Influence of polyvinylpyrrolidone (PVP) on alumina sols prepared by a modified yoldas procedure.md,data\markdown\rheology\120_Dressler 等 - 2008 - Influence of polyvinylpyrrolidone (PVP) on alumina sols prepared by a modified yoldas procedure.md,true,48300,exists_ok,data\outputs\rheology\120_Dressler 等 - 2008 - Influence of polyvinylpyrrolidone (PVP) on alumina sols prepared by a modified yoldas procedure,data\outputs\120_Dressler 等 - 2008 - Influence of polyvinylpyrrolidone (PVP) on alumina sols prepared by a modified yoldas procedure,data\outputs\rheology\120_Dressler 等 - 2008 - Influence of polyvinylpyrrolidone (PVP) on alumina sols prepared by a modified yoldas procedure,category_aware,true,false,false,false,false,markdown_ready,run_stage3_next
rheology__140_gonzález_等_1992_rheology_of_alumina_sols,rheology,140_González 等 - 1992 - Rheology of alumina sols,G:\paper\Sorted_Database\Rheology\140_González 等 - 1992 - Rheology of alumina sols.pdf,G:\paper\Sorted_Database\Rheology\140_González 等 - 1992 - Rheology of alumina sols.pdf,true,0.289,data\markdown\rheology\140_González 等 - 1992 - Rheology of alumina sols.md,data\markdown\rheology\140_González 等 - 1992 - Rheology of alumina sols.md,true,15733,exists_ok,data\outputs\rheology\140_González 等 - 1992 - Rheology of alumina sols,data\outputs\140_González 等 - 1992 - Rheology of alumina sols,data\outputs\rheology\140_González 等 - 1992 - Rheology of alumina sols,category_aware,true,false,false,false,false,markdown_ready,run_stage3_next
rheology__148_hasmaliza_等_inﬂuence_of_alkoxide_molar_ratio_on_rheological_study_of_alumina_sol_for_fiber_preparation,rheology,148_Hasmaliza 等 - Inﬂuence of alkoxide molar ratio on rheological study of alumina sol for fiber preparation,G:\paper\Sorted_Database\Rheology\148_Hasmaliza 等 - Inﬂuence of alkoxide molar ratio on rheological study of alumina sol for fiber preparation.pdf,G:\paper\Sorted_Database\Rheology\148_Hasmaliza 等 - Inﬂuence of alkoxide molar ratio on rheological study of alumina sol for fiber preparation.pdf,true,0.216,data\markdown\rheology\148_Hasmaliza 等 - Inﬂuence of alkoxide molar ratio on rheological study of alumina sol for fiber preparation.md,data\markdown\rheology\148_Hasmaliza 等 - Inﬂuence of alkoxide molar ratio on rheological study of alumina sol for fiber preparation.md,true,13145,exists_ok,data\outputs\rheology\148_Hasmaliza 等 - Inﬂuence of alkoxide molar ratio on rheological study of alumina sol for fiber preparation,data\outputs\148_Hasmaliza 等 - Inﬂuence of alkoxide molar ratio on rheological study of alumina sol for fiber preparation,data\outputs\rheology\148_Hasmaliza 等 - Inﬂuence of alkoxide molar ratio on rheological study of alumina sol for fiber preparation,category_aware,true,false,false,false,false,markdown_ready,run_stage3_next
rheology__152_influence_of_alkoxide_molar_ratio_on_rheological_study,rheology,152_Influence of Alkoxide Molar Ratio on Rheological Study,G:\paper\Sorted_Database\Rheology\152_Influence of Alkoxide Molar Ratio on Rheological Study.pdf,G:\paper\Sorted_Database\Rheology\152_Influence of Alkoxide Molar Ratio on Rheological Study.pdf,true,0.216,data\markdown\rheology\152_Influence of Alkoxide Molar Ratio on Rheological Study.md,data\markdown\rheology\152_Influence of Alkoxide Molar Ratio on Rheological Study.md,true,12745,exists_ok,data\outputs\rheology\152_Influence of Alkoxide Molar Ratio on Rheological Study,data\outputs\152_Influence of Alkoxide Molar Ratio on Rheological Study,data\outputs\rheology\152_Influence of Alkoxide Molar Ratio on Rheological Study,category_aware,true,false,false,false,false,markdown_ready,run_stage3_next
rheology__154_influence_of_the_synthesis_conditions_on_some_properties_of_boehmite_hydrosols,rheology,154_Influence of the synthesis conditions on some properties of boehmite hydrosols,G:\paper\Sorted_Database\Rheology\154_Influence of the synthesis conditions on some properties of boehmite hydrosols.pdf,G:\paper\Sorted_Database\Rheology\154_Influence of the synthesis conditions on some properties of boehmite hydrosols.pdf,true,1.985,data\markdown\rheology\154_Influence of the synthesis conditions on some properties of boehmite hydrosols.md,data\markdown\rheology\154_Influence of the synthesis conditions on some properties of boehmite hydrosols.md,true,25469,exists_ok,data\outputs\rheology\154_Influence of the synthesis conditions on some properties of boehmite hydrosols,data\outputs\154_Influence of the synthesis conditions on some properties of boehmite hydrosols,data\outputs\rheology\154_Influence of the synthesis conditions on some properties of boehmite hydrosols,category_aware,true,false,false,false,false,markdown_ready,run_stage3_next
rheology__242_preparation_structure_and_rheological_behavior_of_yttrium_aluminum_garnet_fiber_precursor,rheology,"242_Preparation, Structure and Rheological Behavior of Yttrium Aluminum Garnet Fiber Precursor","G:\paper\Sorted_Database\Rheology\242_Preparation, Structure and Rheological Behavior of Yttrium Aluminum Garnet Fiber Precursor.pdf","G:\paper\Sorted_Database\Rheology\242_Preparation, Structure and Rheological Behavior of Yttrium Aluminum Garnet Fiber Precursor.pdf",true,1.149,"data\markdown\rheology\242_Preparation, Structure and Rheological Behavior of Yttrium Aluminum Garnet Fiber Precursor.md","data\markdown\rheology\242_Preparation, Structure and Rheological Behavior of Yttrium Aluminum Garnet Fiber Precursor.md",true,24347,exists_ok,"data\outputs\rheology\242_Preparation, Structure and Rheological Behavior of Yttrium Aluminum Garnet Fiber Precursor","data\outputs\242_Preparation, Structure and Rheological Behavior of Yttrium Aluminum Garnet Fiber Precursor","data\outputs\rheology\242_Preparation, Structure and Rheological Behavior of Yttrium Aluminum Garnet Fiber Precursor",category_aware,true,false,false,false,false,markdown_ready,run_stage3_next
rheology__264_shojaie_bahaabad_等_2008_an_alumina_yag_nanostructured_fiber_prepared_from_an_aqueous_sol_gel_precursor_preparation_rheolog,rheology,"264_Shojaie-Bahaabad 等 - 2008 - An alumina–YAG nanostructured fiber prepared from an aqueous sol–gel precursor Preparation, rheolog","G:\paper\Sorted_Database\Rheology\264_Shojaie-Bahaabad 等 - 2008 - An alumina–YAG nanostructured fiber prepared from an aqueous sol–gel precursor Preparation, rheolog.pdf","G:\paper\Sorted_Database\Rheology\264_Shojaie-Bahaabad 等 - 2008 - An alumina–YAG nanostructured fiber prepared from an aqueous sol–gel precursor Preparation, rheolog.pdf",true,1.358,"data\markdown\rheology\264_Shojaie-Bahaabad 等 - 2008 - An alumina–YAG nanostructured fiber prepared from an aqueous sol–gel precursor Preparation, rheolog.md","data\markdown\rheology\264_Shojaie-Bahaabad 等 - 2008 - An alumina–YAG nanostructured fiber prepared from an aqueous sol–gel precursor Preparation, rheolog.md",true,45194,exists_ok,"data\outputs\rheology\264_Shojaie-Bahaabad 等 - 2008 - An alumina–YAG nanostructured fiber prepared from an aqueous sol–gel precursor Preparation, rheolog","data\outputs\264_Shojaie-Bahaabad 等 - 2008 - An alumina–YAG nanostructured fiber prepared from an aqueous sol–gel precursor Preparation, rheolog","data\outputs\rheology\264_Shojaie-Bahaabad 等 - 2008 - An alumina–YAG nanostructured fiber prepared from an aqueous sol–gel precursor Preparation, rheolog",category_aware,true,false,false,false,false,markdown_ready,run_stage3_next
rheology__334_zhao_等_2026_synthesis_of_the_biphasic_mullite_precursor_sols_with_low_viscosity_and_high_solid_content,rheology,334_Zhao 等 - 2026 - Synthesis of the biphasic mullite precursor sols with low viscosity and high-solid-content,G:\paper\Sorted_Database\Rheology\334_Zhao 等 - 2026 - Synthesis of the biphasic mullite precursor sols with low viscosity and high-solid-content.pdf,G:\paper\Sorted_Database\Rheology\334_Zhao 等 - 2026 - Synthesis of the biphasic mullite precursor sols with low viscosity and high-solid-content.pdf,true,11.78,data\markdown\rheology\334_Zhao 等 - 2026 - Synthesis of the biphasic mullite precursor sols with low viscosity and high-solid-content.md,data\markdown\rheology\334_Zhao 等 - 2026 - Synthesis of the biphasic mullite precursor sols with low viscosity and high-solid-content.md,true,59391,exists_ok,data\outputs\rheology\334_Zhao 等 - 2026 - Synthesis of the biphasic mullite precursor sols with low viscosity and high-solid-content,data\outputs\334_Zhao 等 - 2026 - Synthesis of the biphasic mullite precursor sols with low viscosity and high-solid-content,data\outputs\rheology\334_Zhao 等 - 2026 - Synthesis of the biphasic mullite precursor sols with low viscosity and high-solid-content,category_aware,true,false,false,false,false,markdown_ready,run_stage3_next
applications__003_sio_2_al_2o_3复合中空纤维膜的制备与透氢性能研究_白丽,applications,003_SiO_2_Al_2O_3复合中空纤维膜的制备与透氢性能研究_白丽,G:\paper\Sorted_Database\Applications\003_SiO_2_Al_2O_3复合中空纤维膜的制备与透氢性能研究_白丽.pdf,G:\paper\Sorted_Database\Applications\003_SiO_2_Al_2O_3复合中空纤维膜的制备与透氢性能研究_白丽.pdf,true,7.846,data\markdown\applications\003_SiO_2_Al_2O_3复合中空纤维膜的制备与透氢性能研究_白丽.md,data\markdown\applications\003_SiO_2_Al_2O_3复合中空纤维膜的制备与透氢性能研究_白丽.md,true,62978,exists_ok,data\outputs\applications\003_SiO_2_Al_2O_3复合中空纤维膜的制备与透氢性能研究_白丽,data\outputs\003_SiO_2_Al_2O_3复合中空纤维膜的制备与透氢性能研究_白丽,data\outputs\applications\003_SiO_2_Al_2O_3复合中空纤维膜的制备与透氢性能研究_白丽,category_aware,true,false,false,false,false,markdown_ready,run_stage3_next
applications__006_γ_al_2o_3_a_al_2o_3中空纤维复合膜的制备与性能研究_张许,applications,006_Γ-Al_2O_3_A-Al_2O_3中空纤维复合膜的制备与性能研究_张许,G:\paper\Sorted_Database\Applications\006_Γ-Al_2O_3_A-Al_2O_3中空纤维复合膜的制备与性能研究_张许.pdf,G:\paper\Sorted_Database\Applications\006_Γ-Al_2O_3_A-Al_2O_3中空纤维复合膜的制备与性能研究_张许.pdf,true,7.865,data\markdown\applications\006_Γ-Al_2O_3_A-Al_2O_3中空纤维复合膜的制备与性能研究_张许.md,data\markdown\applications\006_Γ-Al_2O_3_A-Al_2O_3中空纤维复合膜的制备与性能研究_张许.md,true,90963,exists_ok,data\outputs\applications\006_Γ-Al_2O_3_A-Al_2O_3中空纤维复合膜的制备与性能研究_张许,data\outputs\006_Γ-Al_2O_3_A-Al_2O_3中空纤维复合膜的制备与性能研究_张许,data\outputs\applications\006_Γ-Al_2O_3_A-Al_2O_3中空纤维复合膜的制备与性能研究_张许,category_aware,true,false,false,false,false,markdown_ready,run_stage3_next
applications__012_基于拟薄水铝石氧化铝气凝胶制备工艺研究,applications,012_基于拟薄水铝石氧化铝气凝胶制备工艺研究,G:\paper\Sorted_Database\Applications\012_基于拟薄水铝石氧化铝气凝胶制备工艺研究.pdf,G:\paper\Sorted_Database\Applications\012_基于拟薄水铝石氧化铝气凝胶制备工艺研究.pdf,true,2.218,data\markdown\applications\012_基于拟薄水铝石氧化铝气凝胶制备工艺研究.md,data\markdown\applications\012_基于拟薄水铝石氧化铝气凝胶制备工艺研究.md,true,79385,exists_ok,data\outputs\applications\012_基于拟薄水铝石氧化铝气凝胶制备工艺研究,data\outputs\012_基于拟薄水铝石氧化铝气凝胶制备工艺研究,data\outputs\applications\012_基于拟薄水铝石氧化铝气凝胶制备工艺研究,category_aware,true,false,false,false,false,markdown_ready,run_stage3_next
applications__028_整装fiber_γ_al_2o_3的涂层制备及其负载ni基催化剂甲烷干气重整研究_盛雯倩,applications,028_整装Fiber@γ-Al_2O_3的涂层制备及其负载Ni基催化剂甲烷干气重整研究_盛雯倩,G:\paper\Sorted_Database\Applications\028_整装Fiber@γ-Al_2O_3的涂层制备及其负载Ni基催化剂甲烷干气重整研究_盛雯倩.pdf,G:\paper\Sorted_Database\Applications\028_整装Fiber@γ-Al_2O_3的涂层制备及其负载Ni基催化剂甲烷干气重整研究_盛雯倩.pdf,true,10.771,data\markdown\applications\028_整装Fiber@γ-Al_2O_3的涂层制备及其负载Ni基催化剂甲烷干气重整研究_盛雯倩.md,data\markdown\applications\028_整装Fiber@γ-Al_2O_3的涂层制备及其负载Ni基催化剂甲烷干气重整研究_盛雯倩.md,true,78255,exists_ok,data\outputs\applications\028_整装Fiber@γ-Al_2O_3的涂层制备及其负载Ni基催化剂甲烷干气重整研究_盛雯倩,data\outputs\028_整装Fiber@γ-Al_2O_3的涂层制备及其负载Ni基催化剂甲烷干气重整研究_盛雯倩,data\outputs\applications\028_整装Fiber@γ-Al_2O_3的涂层制备及其负载Ni基催化剂甲烷干气重整研究_盛雯倩,category_aware,true,false,false,false,false,markdown_ready,run_stage3_next
applications__040_氧化铝纤维负载氧化铈_氧化铜的制备及其光催化性能研究,applications,040_氧化铝纤维负载氧化铈_氧化铜的制备及其光催化性能研究,G:\paper\Sorted_Database\Applications\040_氧化铝纤维负载氧化铈_氧化铜的制备及其光催化性能研究.pdf,G:\paper\Sorted_Database\Applications\040_氧化铝纤维负载氧化铈_氧化铜的制备及其光催化性能研究.pdf,true,5.116,data\markdown\applications\040_氧化铝纤维负载氧化铈_氧化铜的制备及其光催化性能研究.md,data\markdown\applications\040_氧化铝纤维负载氧化铈_氧化铜的制备及其光催化性能研究.md,true,123029,exists_ok,data\outputs\applications\040_氧化铝纤维负载氧化铈_氧化铜的制备及其光催化性能研究,data\outputs\040_氧化铝纤维负载氧化铈_氧化铜的制备及其光催化性能研究,data\outputs\applications\040_氧化铝纤维负载氧化铈_氧化铜的制备及其光催化性能研究,category_aware,true,false,false,false,false,markdown_ready,run_stage3_next
applications__052_纤维增强氧化铝基气凝胶复合材料的制备及性能研究,applications,052_纤维增强氧化铝基气凝胶复合材料的制备及性能研究,G:\paper\Sorted_Database\Applications\052_纤维增强氧化铝基气凝胶复合材料的制备及性能研究.pdf,G:\paper\Sorted_Database\Applications\052_纤维增强氧化铝基气凝胶复合材料的制备及性能研究.pdf,true,14.801,data\markdown\applications\052_纤维增强氧化铝基气凝胶复合材料的制备及性能研究.md,data\markdown\applications\052_纤维增强氧化铝基气凝胶复合材料的制备及性能研究.md,true,139936,exists_ok,data\outputs\applications\052_纤维增强氧化铝基气凝胶复合材料的制备及性能研究,data\outputs\052_纤维增强氧化铝基气凝胶复合材料的制备及性能研究,data\outputs\applications\052_纤维增强氧化铝基气凝胶复合材料的制备及性能研究,category_aware,true,false,false,false,false,markdown_ready,run_stage3_next
applications__077_aghayan_等_2014_functionalization_of_gamma_alumina_nanofibers_by_alpha_alumina_via_solution_combustion_synthesis,applications,077_Aghayan 等 - 2014 - Functionalization of gamma-alumina nanofibers by alpha-alumina via solution combustion synthesis,G:\paper\Sorted_Database\Applications\077_Aghayan 等 - 2014 - Functionalization of gamma-alumina nanofibers by alpha-alumina via solution combustion synthesis.pdf,G:\paper\Sorted_Database\Applications\077_Aghayan 等 - 2014 - Functionalization of gamma-alumina nanofibers by alpha-alumina via solution combustion synthesis.pdf,true,1.207,data\markdown\applications\077_Aghayan 等 - 2014 - Functionalization of gamma-alumina nanofibers by alpha-alumina via solution combustion synthesis.md,data\markdown\applications\077_Aghayan 等 - 2014 - Functionalization of gamma-alumina nanofibers by alpha-alumina via solution combustion synthesis.md,true,27039,exists_ok,data\outputs\applications\077_Aghayan 等 - 2014 - Functionalization of gamma-alumina nanofibers by alpha-alumina via solution combustion synthesis,data\outputs\077_Aghayan 等 - 2014 - Functionalization of gamma-alumina nanofibers by alpha-alumina via solution combustion synthesis,data\outputs\applications\077_Aghayan 等 - 2014 - Functionalization of gamma-alumina nanofibers by alpha-alumina via solution combustion synthesis,category_aware,true,false,false,false,false,markdown_ready,run_stage3_next
applications__084_bahlawane_2001_novel_sol_gel_process_depositing_α_al2o3_for_the_improvement_of_graphite_oxidation_resistance,applications,084_Bahlawane - 2001 - Novel sol–gel process depositing α-Al2O3 for the improvement of graphite oxidation-resistance,G:\paper\Sorted_Database\Applications\084_Bahlawane - 2001 - Novel sol–gel process depositing α-Al2O3 for the improvement of graphite oxidation-resistance.pdf,G:\paper\Sorted_Database\Applications\084_Bahlawane - 2001 - Novel sol–gel process depositing α-Al2O3 for the improvement of graphite oxidation-resistance.pdf,true,0.728,data\markdown\applications\084_Bahlawane - 2001 - Novel sol–gel process depositing α-Al2O3 for the improvement of graphite oxidation-resistance.md,data\markdown\applications\084_Bahlawane - 2001 - Novel sol–gel process depositing α-Al2O3 for the improvement of graphite oxidation-resistance.md,true,21816,exists_ok,data\outputs\applications\084_Bahlawane - 2001 - Novel sol–gel process depositing α-Al2O3 for the improvement of graphite oxidation-resistance,data\outputs\084_Bahlawane - 2001 - Novel sol–gel process depositing α-Al2O3 for the improvement of graphite oxidation-resistance,data\outputs\applications\084_Bahlawane - 2001 - Novel sol–gel process depositing α-Al2O3 for the improvement of graphite oxidation-resistance,category_aware,true,false,false,false,false,markdown_ready,run_stage3_next
applications__085_baumann_等_2004_synthesis_of_high_surface_area_alumina_aerogels_without_the_use_of_alkoxide_precursors,applications,085_Baumann 等 - 2004 - Synthesis of high-surface-area alumina aerogels without the use of alkoxide precursors,G:\paper\Sorted_Database\Applications\085_Baumann 等 - 2004 - Synthesis of high-surface-area alumina aerogels without the use of alkoxide precursors.pdf,G:\paper\Sorted_Database\Applications\085_Baumann 等 - 2004 - Synthesis of high-surface-area alumina aerogels without the use of alkoxide precursors.pdf,true,0.271,data\markdown\applications\085_Baumann 等 - 2004 - Synthesis of high-surface-area alumina aerogels without the use of alkoxide precursors.md,data\markdown\applications\085_Baumann 等 - 2004 - Synthesis of high-surface-area alumina aerogels without the use of alkoxide precursors.md,true,37341,exists_ok,data\outputs\applications\085_Baumann 等 - 2004 - Synthesis of high-surface-area alumina aerogels without the use of alkoxide precursors,data\outputs\085_Baumann 等 - 2004 - Synthesis of high-surface-area alumina aerogels without the use of alkoxide precursors,data\outputs\applications\085_Baumann 等 - 2004 - Synthesis of high-surface-area alumina aerogels without the use of alkoxide precursors,category_aware,true,false,false,false,false,markdown_ready,run_stage3_next
applications__086_bera_等_2021_fabrication_of_sol_gel_derived_cladding_for_sapphire_fibers_and_their_performance_evaluation_under_h,applications,086_Bera 等 - 2021 - Fabrication of sol-gel derived cladding for sapphire fibers and their performance evaluation under h,G:\paper\Sorted_Database\Applications\086_Bera 等 - 2021 - Fabrication of sol-gel derived cladding for sapphire fibers and their performance evaluation under h.pdf,G:\paper\Sorted_Database\Applications\086_Bera 等 - 2021 - Fabrication of sol-gel derived cladding for sapphire fibers and their performance evaluation under h.pdf,true,2.276,data\markdown\applications\086_Bera 等 - 2021 - Fabrication of sol-gel derived cladding for sapphire fibers and their performance evaluation under h.md,data\markdown\applications\086_Bera 等 - 2021 - Fabrication of sol-gel derived cladding for sapphire fibers and their performance evaluation under h.md,true,31201,exists_ok,data\outputs\applications\086_Bera 等 - 2021 - Fabrication of sol-gel derived cladding for sapphire fibers and their performance evaluation under h,data\outputs\086_Bera 等 - 2021 - Fabrication of sol-gel derived cladding for sapphire fibers and their performance evaluation under h,data\outputs\applications\086_Bera 等 - 2021 - Fabrication of sol-gel derived cladding for sapphire fibers and their performance evaluation under h,category_aware,true,false,false,false,false,markdown_ready,run_stage3_next
applications__092_booij_等_1996_preparation_structural_characteristics_and_catalytic_properties_of_large_pore_rare_earth_element_c,applications,"092_Booij 等 - 1996 - Preparation, structural characteristics and catalytic properties of large-pore rare earth element (c","G:\paper\Sorted_Database\Applications\092_Booij 等 - 1996 - Preparation, structural characteristics and catalytic properties of large-pore rare earth element (c.pdf","G:\paper\Sorted_Database\Applications\092_Booij 等 - 1996 - Preparation, structural characteristics and catalytic properties of large-pore rare earth element (c.pdf",true,1.772,"data\markdown\applications\092_Booij 等 - 1996 - Preparation, structural characteristics and catalytic properties of large-pore rare earth element (c.md","data\markdown\applications\092_Booij 等 - 1996 - Preparation, structural characteristics and catalytic properties of large-pore rare earth element (c.md",true,49382,exists_ok,"data\outputs\applications\092_Booij 等 - 1996 - Preparation, structural characteristics and catalytic properties of large-pore rare earth element (c","data\outputs\092_Booij 等 - 1996 - Preparation, structural characteristics and catalytic properties of large-pore rare earth element (c","data\outputs\applications\092_Booij 等 - 1996 - Preparation, structural characteristics and catalytic properties of large-pore rare earth element (c",category_aware,true,false,false,false,false,markdown_ready,run_stage3_next
applications__106_cheng_等_2009_electrochemical_behavior_of_lactate_dehydrogenase_immobilized_on_silica_sol_gelnanometre_sized_tri,applications,106_Cheng 等 - 2009 - Electrochemical behavior of lactate dehydrogenase immobilized on “silica sol–gelnanometre-sized tri,G:\paper\Sorted_Database\Applications\106_Cheng 等 - 2009 - Electrochemical behavior of lactate dehydrogenase immobilized on “silica sol–gelnanometre-sized tri.pdf,G:\paper\Sorted_Database\Applications\106_Cheng 等 - 2009 - Electrochemical behavior of lactate dehydrogenase immobilized on “silica sol–gelnanometre-sized tri.pdf,true,0.165,data\markdown\applications\106_Cheng 等 - 2009 - Electrochemical behavior of lactate dehydrogenase immobilized on “silica sol–gelnanometre-sized tri.md,data\markdown\applications\106_Cheng 等 - 2009 - Electrochemical behavior of lactate dehydrogenase immobilized on “silica sol–gelnanometre-sized tri.md,true,24749,exists_ok,data\outputs\applications\106_Cheng 等 - 2009 - Electrochemical behavior of lactate dehydrogenase immobilized on “silica sol–gelnanometre-sized tri,data\outputs\106_Cheng 等 - 2009 - Electrochemical behavior of lactate dehydrogenase immobilized on “silica sol–gelnanometre-sized tri,data\outputs\applications\106_Cheng 等 - 2009 - Electrochemical behavior of lactate dehydrogenase immobilized on “silica sol–gelnanometre-sized tri,category_aware,true,false,false,false,false,markdown_ready,run_stage3_next
applications__125_farhadi_等_2011_preparation_of_al2o3tio2_composite_sol_gel_fiber_for_headspace_solid_phase_microextraction_of_chlor,applications,125_Farhadi 等 - 2011 - Preparation of Al2O3TiO2 composite sol–gel fiber for headspace solid‐phase microextraction of chlor,G:\paper\Sorted_Database\Applications\125_Farhadi 等 - 2011 - Preparation of Al2O3TiO2 composite sol–gel fiber for headspace solid‐phase microextraction of chlor.pdf,G:\paper\Sorted_Database\Applications\125_Farhadi 等 - 2011 - Preparation of Al2O3TiO2 composite sol–gel fiber for headspace solid‐phase microextraction of chlor.pdf,true,0.24,data\markdown\applications\125_Farhadi 等 - 2011 - Preparation of Al2O3TiO2 composite sol–gel fiber for headspace solid‐phase microextraction of chlor.md,data\markdown\applications\125_Farhadi 等 - 2011 - Preparation of Al2O3TiO2 composite sol–gel fiber for headspace solid‐phase microextraction of chlor.md,true,23444,exists_ok,data\outputs\applications\125_Farhadi 等 - 2011 - Preparation of Al2O3TiO2 composite sol–gel fiber for headspace solid‐phase microextraction of chlor,data\outputs\125_Farhadi 等 - 2011 - Preparation of Al2O3TiO2 composite sol–gel fiber for headspace solid‐phase microextraction of chlor,data\outputs\applications\125_Farhadi 等 - 2011 - Preparation of Al2O3TiO2 composite sol–gel fiber for headspace solid‐phase microextraction of chlor,category_aware,true,false,false,false,false,markdown_ready,run_stage3_next
applications__130_fessi和ghorbel_2000_preparation_of_alumina_supported_palladium_catalysts_by_sol_gel_method,applications,130_Fessi和Ghorbel - 2000 - Preparation of alumina supported palladium catalysts by sol-gel method,G:\paper\Sorted_Database\Applications\130_Fessi和Ghorbel - 2000 - Preparation of alumina supported palladium catalysts by sol-gel method.pdf,G:\paper\Sorted_Database\Applications\130_Fessi和Ghorbel - 2000 - Preparation of alumina supported palladium catalysts by sol-gel method.pdf,true,0.044,data\markdown\applications\130_Fessi和Ghorbel - 2000 - Preparation of alumina supported palladium catalysts by sol-gel method.md,data\markdown\applications\130_Fessi和Ghorbel - 2000 - Preparation of alumina supported palladium catalysts by sol-gel method.md,true,11878,exists_ok,data\outputs\applications\130_Fessi和Ghorbel - 2000 - Preparation of alumina supported palladium catalysts by sol-gel method,data\outputs\130_Fessi和Ghorbel - 2000 - Preparation of alumina supported palladium catalysts by sol-gel method,data\outputs\applications\130_Fessi和Ghorbel - 2000 - Preparation of alumina supported palladium catalysts by sol-gel method,category_aware,true,false,false,false,false,markdown_ready,run_stage3_next
applications__141_gonzález_peña_等_2005_sol_gel_synthesis_of_mesostructured_aluminas_from_chemically_modified_aluminum_sec_butoxide_using_no,applications,141_González-Peña 等 - 2005 - Sol–gel synthesis of mesostructured aluminas from chemically modified aluminum sec-butoxide using no,G:\paper\Sorted_Database\Applications\141_González-Peña 等 - 2005 - Sol–gel synthesis of mesostructured aluminas from chemically modified aluminum sec-butoxide using no.pdf,G:\paper\Sorted_Database\Applications\141_González-Peña 等 - 2005 - Sol–gel synthesis of mesostructured aluminas from chemically modified aluminum sec-butoxide using no.pdf,true,0.494,data\markdown\applications\141_González-Peña 等 - 2005 - Sol–gel synthesis of mesostructured aluminas from chemically modified aluminum sec-butoxide using no.md,data\markdown\applications\141_González-Peña 等 - 2005 - Sol–gel synthesis of mesostructured aluminas from chemically modified aluminum sec-butoxide using no.md,true,57135,exists_ok,data\outputs\applications\141_González-Peña 等 - 2005 - Sol–gel synthesis of mesostructured aluminas from chemically modified aluminum sec-butoxide using no,data\outputs\141_González-Peña 等 - 2005 - Sol–gel synthesis of mesostructured aluminas from chemically modified aluminum sec-butoxide using no,data\outputs\applications\141_González-Peña 等 - 2005 - Sol–gel synthesis of mesostructured aluminas from chemically modified aluminum sec-butoxide using no,category_aware,true,false,false,false,false,markdown_ready,run_stage3_next
applications__167_kim_等_2007_synthesis_of_thermo_stable_high_surface_area_alumina_powder_from_sol_gel_derived_boehmite,applications,167_Kim 等 - 2007 - Synthesis of thermo-stable high surface area alumina powder from sol–gel derived boehmite,G:\paper\Sorted_Database\Applications\167_Kim 等 - 2007 - Synthesis of thermo-stable high surface area alumina powder from sol–gel derived boehmite.pdf,G:\paper\Sorted_Database\Applications\167_Kim 等 - 2007 - Synthesis of thermo-stable high surface area alumina powder from sol–gel derived boehmite.pdf,true,1.121,data\markdown\applications\167_Kim 等 - 2007 - Synthesis of thermo-stable high surface area alumina powder from sol–gel derived boehmite.md,data\markdown\applications\167_Kim 等 - 2007 - Synthesis of thermo-stable high surface area alumina powder from sol–gel derived boehmite.md,true,32174,exists_ok,data\outputs\applications\167_Kim 等 - 2007 - Synthesis of thermo-stable high surface area alumina powder from sol–gel derived boehmite,data\outputs\167_Kim 等 - 2007 - Synthesis of thermo-stable high surface area alumina powder from sol–gel derived boehmite,data\outputs\applications\167_Kim 等 - 2007 - Synthesis of thermo-stable high surface area alumina powder from sol–gel derived boehmite,category_aware,true,false,false,false,false,markdown_ready,run_stage3_next
applications__173_krivoshapkin_等_2016_sol_gel_template_preparation_of_alumina_nanofillers_for_reinforcing_the_epoxy_resin,applications,173_Krivoshapkin 等 - 2016 - Sol–gel template preparation of alumina nanofillers for reinforcing the epoxy resin,G:\paper\Sorted_Database\Applications\173_Krivoshapkin 等 - 2016 - Sol–gel template preparation of alumina nanofillers for reinforcing the epoxy resin.pdf,G:\paper\Sorted_Database\Applications\173_Krivoshapkin 等 - 2016 - Sol–gel template preparation of alumina nanofillers for reinforcing the epoxy resin.pdf,true,1.549,data\markdown\applications\173_Krivoshapkin 等 - 2016 - Sol–gel template preparation of alumina nanofillers for reinforcing the epoxy resin.md,data\markdown\applications\173_Krivoshapkin 等 - 2016 - Sol–gel template preparation of alumina nanofillers for reinforcing the epoxy resin.md,true,40931,exists_ok,data\outputs\applications\173_Krivoshapkin 等 - 2016 - Sol–gel template preparation of alumina nanofillers for reinforcing the epoxy resin,data\outputs\173_Krivoshapkin 等 - 2016 - Sol–gel template preparation of alumina nanofillers for reinforcing the epoxy resin,data\outputs\applications\173_Krivoshapkin 等 - 2016 - Sol–gel template preparation of alumina nanofillers for reinforcing the epoxy resin,category_aware,true,false,false,false,false,markdown_ready,run_stage3_next
applications__185_li_等_2013_solvothermal_synthesis_of_gamma_aluminas_and_their_structural_evolution,applications,185_Li 等 - 2013 - Solvothermal synthesis of gamma aluminas and their structural evolution,G:\paper\Sorted_Database\Applications\185_Li 等 - 2013 - Solvothermal synthesis of gamma aluminas and their structural evolution.pdf,G:\paper\Sorted_Database\Applications\185_Li 等 - 2013 - Solvothermal synthesis of gamma aluminas and their structural evolution.pdf,true,1.279,data\markdown\applications\185_Li 等 - 2013 - Solvothermal synthesis of gamma aluminas and their structural evolution.md,data\markdown\applications\185_Li 等 - 2013 - Solvothermal synthesis of gamma aluminas and their structural evolution.md,true,48218,exists_ok,data\outputs\applications\185_Li 等 - 2013 - Solvothermal synthesis of gamma aluminas and their structural evolution,data\outputs\185_Li 等 - 2013 - Solvothermal synthesis of gamma aluminas and their structural evolution,data\outputs\applications\185_Li 等 - 2013 - Solvothermal synthesis of gamma aluminas and their structural evolution,category_aware,true,false,false,false,false,markdown_ready,run_stage3_next
applications__202_ma_等_2018_preparation_of_high_performance_zeolite_naa_membranes_in_clear_solution_by_adding_sio2_into_al2o3_ho,applications,202_Ma 等 - 2018 - Preparation of high‐performance zeolite NaA membranes in clear solution by adding SiO2 into Al2O3 ho,G:\paper\Sorted_Database\Applications\202_Ma 等 - 2018 - Preparation of high‐performance zeolite NaA membranes in clear solution by adding SiO2 into Al2O3 ho.pdf,G:\paper\Sorted_Database\Applications\202_Ma 等 - 2018 - Preparation of high‐performance zeolite NaA membranes in clear solution by adding SiO2 into Al2O3 ho.pdf,true,0.563,data\markdown\applications\202_Ma 等 - 2018 - Preparation of high‐performance zeolite NaA membranes in clear solution by adding SiO2 into Al2O3 ho.md,data\markdown\applications\202_Ma 等 - 2018 - Preparation of high‐performance zeolite NaA membranes in clear solution by adding SiO2 into Al2O3 ho.md,true,61022,exists_ok,data\outputs\applications\202_Ma 等 - 2018 - Preparation of high‐performance zeolite NaA membranes in clear solution by adding SiO2 into Al2O3 ho,data\outputs\202_Ma 等 - 2018 - Preparation of high‐performance zeolite NaA membranes in clear solution by adding SiO2 into Al2O3 ho,data\outputs\applications\202_Ma 等 - 2018 - Preparation of high‐performance zeolite NaA membranes in clear solution by adding SiO2 into Al2O3 ho,category_aware,true,false,false,false,false,markdown_ready,run_stage3_next
applications__206_markel_等_1994_aerogel_monoliths_produced_by_direct_oxidation_of_aluminum,applications,206_Markel 等 - 1994 - Aerogel monoliths produced by direct oxidation of aluminum,G:\paper\Sorted_Database\Applications\206_Markel 等 - 1994 - Aerogel monoliths produced by direct oxidation of aluminum.pdf,G:\paper\Sorted_Database\Applications\206_Markel 等 - 1994 - Aerogel monoliths produced by direct oxidation of aluminum.pdf,true,0.837,data\markdown\applications\206_Markel 等 - 1994 - Aerogel monoliths produced by direct oxidation of aluminum.md,data\markdown\applications\206_Markel 等 - 1994 - Aerogel monoliths produced by direct oxidation of aluminum.md,true,29465,exists_ok,data\outputs\applications\206_Markel 等 - 1994 - Aerogel monoliths produced by direct oxidation of aluminum,data\outputs\206_Markel 等 - 1994 - Aerogel monoliths produced by direct oxidation of aluminum,data\outputs\applications\206_Markel 等 - 1994 - Aerogel monoliths produced by direct oxidation of aluminum,category_aware,true,false,false,false,false,markdown_ready,run_stage3_next
applications__215_moradipour_等_2020_ternary_znoznal2o4_al2o3_composite_nanofiber_as_photocatalyst_for_conversion_of_co2_and_ch4,applications,215_Moradipour 等 - 2020 - Ternary ZnOZnAl2O4 Al2O3 composite nanofiber as photocatalyst for conversion of CO2 and CH4,G:\paper\Sorted_Database\Applications\215_Moradipour 等 - 2020 - Ternary ZnOZnAl2O4 Al2O3 composite nanofiber as photocatalyst for conversion of CO2 and CH4.pdf,G:\paper\Sorted_Database\Applications\215_Moradipour 等 - 2020 - Ternary ZnOZnAl2O4 Al2O3 composite nanofiber as photocatalyst for conversion of CO2 and CH4.pdf,true,1.784,data\markdown\applications\215_Moradipour 等 - 2020 - Ternary ZnOZnAl2O4 Al2O3 composite nanofiber as photocatalyst for conversion of CO2 and CH4.md,data\markdown\applications\215_Moradipour 等 - 2020 - Ternary ZnOZnAl2O4 Al2O3 composite nanofiber as photocatalyst for conversion of CO2 and CH4.md,true,48935,exists_ok,data\outputs\applications\215_Moradipour 等 - 2020 - Ternary ZnOZnAl2O4 Al2O3 composite nanofiber as photocatalyst for conversion of CO2 and CH4,data\outputs\215_Moradipour 等 - 2020 - Ternary ZnOZnAl2O4 Al2O3 composite nanofiber as photocatalyst for conversion of CO2 and CH4,data\outputs\applications\215_Moradipour 等 - 2020 - Ternary ZnOZnAl2O4 Al2O3 composite nanofiber as photocatalyst for conversion of CO2 and CH4,category_aware,true,false,false,false,false,markdown_ready,run_stage3_next
applications__218_müller_等_2002_zirconia_alumina_nanoparticles_prepared_by_laser_evaporation_powder_characterisation_by_tem_and_27a,applications,218_Müller 等 - 2002 - Zirconia-alumina nanoparticles prepared by laser evaporation Powder characterisation by TEM and 27A,G:\paper\Sorted_Database\Applications\218_Müller 等 - 2002 - Zirconia-alumina nanoparticles prepared by laser evaporation Powder characterisation by TEM and 27A.pdf,G:\paper\Sorted_Database\Applications\218_Müller 等 - 2002 - Zirconia-alumina nanoparticles prepared by laser evaporation Powder characterisation by TEM and 27A.pdf,true,0.558,data\markdown\applications\218_Müller 等 - 2002 - Zirconia-alumina nanoparticles prepared by laser evaporation Powder characterisation by TEM and 27A.md,data\markdown\applications\218_Müller 等 - 2002 - Zirconia-alumina nanoparticles prepared by laser evaporation Powder characterisation by TEM and 27A.md,true,31951,exists_ok,data\outputs\applications\218_Müller 等 - 2002 - Zirconia-alumina nanoparticles prepared by laser evaporation Powder characterisation by TEM and 27A,data\outputs\218_Müller 等 - 2002 - Zirconia-alumina nanoparticles prepared by laser evaporation Powder characterisation by TEM and 27A,data\outputs\applications\218_Müller 等 - 2002 - Zirconia-alumina nanoparticles prepared by laser evaporation Powder characterisation by TEM and 27A,category_aware,true,false,false,false,false,markdown_ready,run_stage3_next
applications__230_peng_等_2001_aluminum_oxideamorphous_carbon_coatings_on_carbon_fibers_prepared_by_pyrolysis_of_an_organic_inorg,applications,"230_Peng 等 - 2001 - Aluminum oxideamorphous carbon coatings on carbon fibers, prepared by pyrolysis of an organic–inorg","G:\paper\Sorted_Database\Applications\230_Peng 等 - 2001 - Aluminum oxideamorphous carbon coatings on carbon fibers, prepared by pyrolysis of an organic–inorg.pdf","G:\paper\Sorted_Database\Applications\230_Peng 等 - 2001 - Aluminum oxideamorphous carbon coatings on carbon fibers, prepared by pyrolysis of an organic–inorg.pdf",true,0.319,"data\markdown\applications\230_Peng 等 - 2001 - Aluminum oxideamorphous carbon coatings on carbon fibers, prepared by pyrolysis of an organic–inorg.md","data\markdown\applications\230_Peng 等 - 2001 - Aluminum oxideamorphous carbon coatings on carbon fibers, prepared by pyrolysis of an organic–inorg.md",true,23348,exists_ok,"data\outputs\applications\230_Peng 等 - 2001 - Aluminum oxideamorphous carbon coatings on carbon fibers, prepared by pyrolysis of an organic–inorg","data\outputs\230_Peng 等 - 2001 - Aluminum oxideamorphous carbon coatings on carbon fibers, prepared by pyrolysis of an organic–inorg","data\outputs\applications\230_Peng 等 - 2001 - Aluminum oxideamorphous carbon coatings on carbon fibers, prepared by pyrolysis of an organic–inorg",category_aware,true,false,false,false,false,markdown_ready,run_stage3_next
applications__240_preparation_of_alumina_fiber_type_catalyst_for_methane_combustion_by_sol_gel_methodn,applications,240_PREPARATION OF ALUMINA FIBER-TYPE CATALYST FOR METHANE COMBUSTION BY SOL-GEL METHODn,G:\paper\Sorted_Database\Applications\240_PREPARATION OF ALUMINA FIBER-TYPE CATALYST FOR METHANE COMBUSTION BY SOL-GEL METHODn.pdf,G:\paper\Sorted_Database\Applications\240_PREPARATION OF ALUMINA FIBER-TYPE CATALYST FOR METHANE COMBUSTION BY SOL-GEL METHODn.pdf,true,24.538,data\markdown\applications\240_PREPARATION OF ALUMINA FIBER-TYPE CATALYST FOR METHANE COMBUSTION BY SOL-GEL METHODn.md,data\markdown\applications\240_PREPARATION OF ALUMINA FIBER-TYPE CATALYST FOR METHANE COMBUSTION BY SOL-GEL METHODn.md,true,162460,exists_ok,data\outputs\applications\240_PREPARATION OF ALUMINA FIBER-TYPE CATALYST FOR METHANE COMBUSTION BY SOL-GEL METHODn,data\outputs\240_PREPARATION OF ALUMINA FIBER-TYPE CATALYST FOR METHANE COMBUSTION BY SOL-GEL METHODn,data\outputs\applications\240_PREPARATION OF ALUMINA FIBER-TYPE CATALYST FOR METHANE COMBUSTION BY SOL-GEL METHODn,category_aware,true,false,false,false,false,markdown_ready,run_stage3_next
applications__245_pérez_pastenes_等_2006_influence_of_the_synthesis_method_on_the_properties_of_ceria_doped_alumina,applications,245_Pérez-Pastenes 等 - 2006 - Influence of the synthesis method on the properties of ceria-doped alumina,G:\paper\Sorted_Database\Applications\245_Pérez-Pastenes 等 - 2006 - Influence of the synthesis method on the properties of ceria-doped alumina.pdf,G:\paper\Sorted_Database\Applications\245_Pérez-Pastenes 等 - 2006 - Influence of the synthesis method on the properties of ceria-doped alumina.pdf,true,1.489,data\markdown\applications\245_Pérez-Pastenes 等 - 2006 - Influence of the synthesis method on the properties of ceria-doped alumina.md,data\markdown\applications\245_Pérez-Pastenes 等 - 2006 - Influence of the synthesis method on the properties of ceria-doped alumina.md,true,42870,exists_ok,data\outputs\applications\245_Pérez-Pastenes 等 - 2006 - Influence of the synthesis method on the properties of ceria-doped alumina,data\outputs\245_Pérez-Pastenes 等 - 2006 - Influence of the synthesis method on the properties of ceria-doped alumina,data\outputs\applications\245_Pérez-Pastenes 等 - 2006 - Influence of the synthesis method on the properties of ceria-doped alumina,category_aware,true,false,false,false,false,markdown_ready,run_stage3_next
applications__262_shen_等_2012_morphology_controllable_synthesis_of_nanostructured_boehmite_and_γ_alumina_by_facile_dry_gel_convers,applications,262_Shen 等 - 2012 - Morphology controllable synthesis of nanostructured boehmite and γ-alumina by facile dry gel convers,G:\paper\Sorted_Database\Applications\262_Shen 等 - 2012 - Morphology controllable synthesis of nanostructured boehmite and γ-alumina by facile dry gel convers.pdf,G:\paper\Sorted_Database\Applications\262_Shen 等 - 2012 - Morphology controllable synthesis of nanostructured boehmite and γ-alumina by facile dry gel convers.pdf,true,2.528,data\markdown\applications\262_Shen 等 - 2012 - Morphology controllable synthesis of nanostructured boehmite and γ-alumina by facile dry gel convers.md,data\markdown\applications\262_Shen 等 - 2012 - Morphology controllable synthesis of nanostructured boehmite and γ-alumina by facile dry gel convers.md,true,53155,exists_ok,data\outputs\applications\262_Shen 等 - 2012 - Morphology controllable synthesis of nanostructured boehmite and γ-alumina by facile dry gel convers,data\outputs\262_Shen 等 - 2012 - Morphology controllable synthesis of nanostructured boehmite and γ-alumina by facile dry gel convers,data\outputs\applications\262_Shen 等 - 2012 - Morphology controllable synthesis of nanostructured boehmite and γ-alumina by facile dry gel convers,category_aware,true,false,false,false,false,markdown_ready,run_stage3_next
applications__277_study_of_poly_vinyl_butyral_alo_hybrid_polymer_materials,applications,277_STUDY OF POLY(VINYL BUTYRAL)ALO HYBRID POLYMER MATERIALS,G:\paper\Sorted_Database\Applications\277_STUDY OF POLY(VINYL BUTYRAL)ALO HYBRID POLYMER MATERIALS.pdf,G:\paper\Sorted_Database\Applications\277_STUDY OF POLY(VINYL BUTYRAL)ALO HYBRID POLYMER MATERIALS.pdf,true,0.206,data\markdown\applications\277_STUDY OF POLY(VINYL BUTYRAL)ALO HYBRID POLYMER MATERIALS.md,data\markdown\applications\277_STUDY OF POLY(VINYL BUTYRAL)ALO HYBRID POLYMER MATERIALS.md,true,11868,exists_ok,data\outputs\applications\277_STUDY OF POLY(VINYL BUTYRAL)ALO HYBRID POLYMER MATERIALS,data\outputs\277_STUDY OF POLY(VINYL BUTYRAL)ALO HYBRID POLYMER MATERIALS,data\outputs\applications\277_STUDY OF POLY(VINYL BUTYRAL)ALO HYBRID POLYMER MATERIALS,category_aware,true,false,false,false,false,markdown_ready,run_stage3_next
applications__286_tang_等_2022_fibrous_activated_alumina_prepared_through_phase_transformation_using_dawsonite_as_a_template,applications,286_Tang 等 - 2022 - Fibrous activated alumina prepared through phase transformation using dawsonite as a template,G:\paper\Sorted_Database\Applications\286_Tang 等 - 2022 - Fibrous activated alumina prepared through phase transformation using dawsonite as a template.pdf,G:\paper\Sorted_Database\Applications\286_Tang 等 - 2022 - Fibrous activated alumina prepared through phase transformation using dawsonite as a template.pdf,true,6.452,data\markdown\applications\286_Tang 等 - 2022 - Fibrous activated alumina prepared through phase transformation using dawsonite as a template.md,data\markdown\applications\286_Tang 等 - 2022 - Fibrous activated alumina prepared through phase transformation using dawsonite as a template.md,true,60253,exists_ok,data\outputs\applications\286_Tang 等 - 2022 - Fibrous activated alumina prepared through phase transformation using dawsonite as a template,data\outputs\286_Tang 等 - 2022 - Fibrous activated alumina prepared through phase transformation using dawsonite as a template,data\outputs\applications\286_Tang 等 - 2022 - Fibrous activated alumina prepared through phase transformation using dawsonite as a template,category_aware,true,false,false,false,false,markdown_ready,run_stage3_next
applications__292_toledo_等_2005_synthesis_of_highly_porous_aluminas_mediated_by_cationic_surfactant_structural_and_textural_propert,applications,292_Toledo 等 - 2005 - Synthesis of highly porous aluminas mediated by cationic surfactant Structural and textural propert,G:\paper\Sorted_Database\Applications\292_Toledo 等 - 2005 - Synthesis of highly porous aluminas mediated by cationic surfactant Structural and textural propert.pdf,G:\paper\Sorted_Database\Applications\292_Toledo 等 - 2005 - Synthesis of highly porous aluminas mediated by cationic surfactant Structural and textural propert.pdf,true,0.81,data\markdown\applications\292_Toledo 等 - 2005 - Synthesis of highly porous aluminas mediated by cationic surfactant Structural and textural propert.md,data\markdown\applications\292_Toledo 等 - 2005 - Synthesis of highly porous aluminas mediated by cationic surfactant Structural and textural propert.md,true,39576,exists_ok,data\outputs\applications\292_Toledo 等 - 2005 - Synthesis of highly porous aluminas mediated by cationic surfactant Structural and textural propert,data\outputs\292_Toledo 等 - 2005 - Synthesis of highly porous aluminas mediated by cationic surfactant Structural and textural propert,data\outputs\applications\292_Toledo 等 - 2005 - Synthesis of highly porous aluminas mediated by cationic surfactant Structural and textural propert,category_aware,true,false,false,false,false,markdown_ready,run_stage3_next
applications__301_verdenelli_等_2003_sol_gel_preparation_and_thermo_mechanical_properties_of_porous_xal2o3_ysio2_coatings_on_sic_hi_nical,applications,301_Verdenelli 等 - 2003 - Sol-gel preparation and thermo-mechanical properties of porous xAl2O3–ySiO2 coatings on SiC hi-nical,G:\paper\Sorted_Database\Applications\301_Verdenelli 等 - 2003 - Sol-gel preparation and thermo-mechanical properties of porous xAl2O3–ySiO2 coatings on SiC hi-nical.pdf,G:\paper\Sorted_Database\Applications\301_Verdenelli 等 - 2003 - Sol-gel preparation and thermo-mechanical properties of porous xAl2O3–ySiO2 coatings on SiC hi-nical.pdf,true,0.361,data\markdown\applications\301_Verdenelli 等 - 2003 - Sol-gel preparation and thermo-mechanical properties of porous xAl2O3–ySiO2 coatings on SiC hi-nical.md,data\markdown\applications\301_Verdenelli 等 - 2003 - Sol-gel preparation and thermo-mechanical properties of porous xAl2O3–ySiO2 coatings on SiC hi-nical.md,true,30328,exists_ok,data\outputs\applications\301_Verdenelli 等 - 2003 - Sol-gel preparation and thermo-mechanical properties of porous xAl2O3–ySiO2 coatings on SiC hi-nical,data\outputs\301_Verdenelli 等 - 2003 - Sol-gel preparation and thermo-mechanical properties of porous xAl2O3–ySiO2 coatings on SiC hi-nical,data\outputs\applications\301_Verdenelli 等 - 2003 - Sol-gel preparation and thermo-mechanical properties of porous xAl2O3–ySiO2 coatings on SiC hi-nical,category_aware,true,false,false,false,false,markdown_ready,run_stage3_next
applications__311_xu_等_2022_lapo4_coating_on_alumina_based_fiber_strength_retention_of_fiber_and_improvement_of_interfacial_per,applications,311_Xu 等 - 2022 - LaPO4 coating on alumina-based fiber Strength retention of fiber and improvement of interfacial per,G:\paper\Sorted_Database\Applications\311_Xu 等 - 2022 - LaPO4 coating on alumina-based fiber Strength retention of fiber and improvement of interfacial per.pdf,G:\paper\Sorted_Database\Applications\311_Xu 等 - 2022 - LaPO4 coating on alumina-based fiber Strength retention of fiber and improvement of interfacial per.pdf,true,14.231,data\markdown\applications\311_Xu 等 - 2022 - LaPO4 coating on alumina-based fiber Strength retention of fiber and improvement of interfacial per.md,data\markdown\applications\311_Xu 等 - 2022 - LaPO4 coating on alumina-based fiber Strength retention of fiber and improvement of interfacial per.md,true,82396,exists_ok,data\outputs\applications\311_Xu 等 - 2022 - LaPO4 coating on alumina-based fiber Strength retention of fiber and improvement of interfacial per,data\outputs\311_Xu 等 - 2022 - LaPO4 coating on alumina-based fiber Strength retention of fiber and improvement of interfacial per,data\outputs\applications\311_Xu 等 - 2022 - LaPO4 coating on alumina-based fiber Strength retention of fiber and improvement of interfacial per,category_aware,true,false,false,false,false,markdown_ready,run_stage3_next
applications__328_zhang_等_2022_preparation_and_characterization_of_alumina_coated_hollow_quartz_fiber_reinforced_al2o3_sio2_aerogel,applications,328_Zhang 等 - 2022 - Preparation and characterization of alumina-coated hollow quartz fiber reinforced Al2O3-SiO2 aerogel,G:\paper\Sorted_Database\Applications\328_Zhang 等 - 2022 - Preparation and characterization of alumina-coated hollow quartz fiber reinforced Al2O3-SiO2 aerogel.pdf,G:\paper\Sorted_Database\Applications\328_Zhang 等 - 2022 - Preparation and characterization of alumina-coated hollow quartz fiber reinforced Al2O3-SiO2 aerogel.pdf,true,1.306,data\markdown\applications\328_Zhang 等 - 2022 - Preparation and characterization of alumina-coated hollow quartz fiber reinforced Al2O3-SiO2 aerogel.md,data\markdown\applications\328_Zhang 等 - 2022 - Preparation and characterization of alumina-coated hollow quartz fiber reinforced Al2O3-SiO2 aerogel.md,true,35365,exists_ok,data\outputs\applications\328_Zhang 等 - 2022 - Preparation and characterization of alumina-coated hollow quartz fiber reinforced Al2O3-SiO2 aerogel,data\outputs\328_Zhang 等 - 2022 - Preparation and characterization of alumina-coated hollow quartz fiber reinforced Al2O3-SiO2 aerogel,data\outputs\applications\328_Zhang 等 - 2022 - Preparation and characterization of alumina-coated hollow quartz fiber reinforced Al2O3-SiO2 aerogel,category_aware,true,false,false,false,false,markdown_ready,run_stage3_next
applications__333_zhao_等_2025_fluorescent_alumina_fibers_a_fluorescent_sensor_for_detecting_trace_amounts_of_water_in_organic_sol,applications,333_Zhao 等 - 2025 - Fluorescent alumina fibers A fluorescent sensor for detecting trace amounts of water in organic sol,G:\paper\Sorted_Database\Applications\333_Zhao 等 - 2025 - Fluorescent alumina fibers A fluorescent sensor for detecting trace amounts of water in organic sol.pdf,G:\paper\Sorted_Database\Applications\333_Zhao 等 - 2025 - Fluorescent alumina fibers A fluorescent sensor for detecting trace amounts of water in organic sol.pdf,true,11.177,data\markdown\applications\333_Zhao 等 - 2025 - Fluorescent alumina fibers A fluorescent sensor for detecting trace amounts of water in organic sol.md,data\markdown\applications\333_Zhao 等 - 2025 - Fluorescent alumina fibers A fluorescent sensor for detecting trace amounts of water in organic sol.md,true,52813,exists_ok,data\outputs\applications\333_Zhao 等 - 2025 - Fluorescent alumina fibers A fluorescent sensor for detecting trace amounts of water in organic sol,data\outputs\333_Zhao 等 - 2025 - Fluorescent alumina fibers A fluorescent sensor for detecting trace amounts of water in organic sol,data\outputs\applications\333_Zhao 等 - 2025 - Fluorescent alumina fibers A fluorescent sensor for detecting trace amounts of water in organic sol,category_aware,true,false,false,false,false,markdown_ready,run_stage3_next
applications__335_zhou_等_2023_preparation_of_the_al13_sol_via_electrodialysis_as_an_effective_binder_of_fcc_catalysts,applications,335_Zhou 等 - 2023 - Preparation of the Al13 sol via electrodialysis as an effective binder of FCC catalysts,G:\paper\Sorted_Database\Applications\335_Zhou 等 - 2023 - Preparation of the Al13 sol via electrodialysis as an effective binder of FCC catalysts.pdf,G:\paper\Sorted_Database\Applications\335_Zhou 等 - 2023 - Preparation of the Al13 sol via electrodialysis as an effective binder of FCC catalysts.pdf,true,6.777,data\markdown\applications\335_Zhou 等 - 2023 - Preparation of the Al13 sol via electrodialysis as an effective binder of FCC catalysts.md,data\markdown\applications\335_Zhou 等 - 2023 - Preparation of the Al13 sol via electrodialysis as an effective binder of FCC catalysts.md,true,48151,exists_ok,data\outputs\applications\335_Zhou 等 - 2023 - Preparation of the Al13 sol via electrodialysis as an effective binder of FCC catalysts,data\outputs\335_Zhou 等 - 2023 - Preparation of the Al13 sol via electrodialysis as an effective binder of FCC catalysts,data\outputs\applications\335_Zhou 等 - 2023 - Preparation of the Al13 sol via electrodialysis as an effective binder of FCC catalysts,category_aware,true,false,false,false,false,markdown_ready,run_stage3_next
applications__339_estudio_por_drx_de_la_intercalación_pilarización_de_un_mineral,applications,339_ESTUDIO POR DRX DE LA INTERCALACIÓN-PILARIZACIÓN DE UN MINERAL,G:\paper\Sorted_Database\Applications\339_ESTUDIO POR DRX DE LA INTERCALACIÓN-PILARIZACIÓN DE UN MINERAL.pdf,G:\paper\Sorted_Database\Applications\339_ESTUDIO POR DRX DE LA INTERCALACIÓN-PILARIZACIÓN DE UN MINERAL.pdf,true,0.194,data\markdown\applications\339_ESTUDIO POR DRX DE LA INTERCALACIÓN-PILARIZACIÓN DE UN MINERAL.md,data\markdown\applications\339_ESTUDIO POR DRX DE LA INTERCALACIÓN-PILARIZACIÓN DE UN MINERAL.md,true,28100,exists_ok,data\outputs\applications\339_ESTUDIO POR DRX DE LA INTERCALACIÓN-PILARIZACIÓN DE UN MINERAL,data\outputs\339_ESTUDIO POR DRX DE LA INTERCALACIÓN-PILARIZACIÓN DE UN MINERAL,data\outputs\applications\339_ESTUDIO POR DRX DE LA INTERCALACIÓN-PILARIZACIÓN DE UN MINERAL,category_aware,true,false,false,false,false,markdown_ready,run_stage3_next
applications__341_jacs_49_2_azis,applications,341_JACS_49-2_Azis,G:\paper\Sorted_Database\Applications\341_JACS_49-2_Azis.pdf,G:\paper\Sorted_Database\Applications\341_JACS_49-2_Azis.pdf,true,0.396,data\markdown\applications\341_JACS_49-2_Azis.md,data\markdown\applications\341_JACS_49-2_Azis.md,true,28354,exists_ok,data\outputs\applications\341_JACS_49-2_Azis,data\outputs\341_JACS_49-2_Azis,data\outputs\applications\341_JACS_49-2_Azis,category_aware,true,false,false,false,false,markdown_ready,run_stage3_next
