source_id,category,paper_id_guess,doi,title_guess,main_pdf_path,markdown_path,supplementary_detected,detection_method,supplementary_source,supplementary_url,supplementary_file_type,supplementary_local_path,download_status,needs_manual_download,confidence,detection_hits,evidence_strength,strong_evidence_hits,weak_evidence_hits,notes
fiber_process__002_pva作纺丝助剂制备莫来石_氧化铝长纤维,fiber_process,002_PVA作纺丝助剂制备莫来石-氧化铝长纤维,,PVA 作纺丝助剂制备莫来石-氧化铝长纤维*,G:\paper\Sorted_Database\Fiber_Process\002_PVA作纺丝助剂制备莫来石-氧化铝长纤维.pdf,data\markdown\fiber_process\002_PVA作纺丝助剂制备莫来石-氧化铝长纤维.md,false,none,unknown,,unknown,,unavailable,false,low,,none,,,
fiber_process__004_sol_gel法制备新型多晶钇_铝石榴石纤维,fiber_process,004_Sol-Gel法制备新型多晶钇-铝石榴石纤维,,文章编号: 1000-324X(2002)03-0566-05,G:\paper\Sorted_Database\Fiber_Process\004_Sol-Gel法制备新型多晶钇-铝石榴石纤维.pdf,data\markdown\fiber_process\004_Sol-Gel法制备新型多晶钇-铝石榴石纤维.md,false,none,unknown,,unknown,,unavailable,false,low,,none,,,
fiber_process__005_α_a12o3连续纤维的制备与表征,fiber_process,005_α-A12O3连续纤维的制备与表征,,摘要,G:\paper\Sorted_Database\Fiber_Process\005_α-A12O3连续纤维的制备与表征.pdf,data\markdown\fiber_process\005_α-A12O3连续纤维的制备与表征.md,false,none,unknown,,unknown,,unavailable,false,low,,none,,,
fiber_process__009_含硅氧化物连续纤维的制备及其性质的研究,fiber_process,009_含硅氧化物连续纤维的制备及其性质的研究,,![](G:/paper/Al-gel-sol/alumina_sol_extractor/data/outputs/009_含硅氧化物连续纤维的制备及其性质的研究/figures_all/addb31d8cbab9a0845ade910d797a97af1b2fad64f6e110c195c481cc1b8a5bc.jpg),G:\paper\Sorted_Database\Fiber_Process\009_含硅氧化物连续纤维的制备及其性质的研究.pdf,data\markdown\fiber_process\009_含硅氧化物连续纤维的制备及其性质的研究.md,true,pdf_text_keyword,unknown,,unknown,,manual_required,true,high,ESI,strong,ESI,,supplementary keyword detected without url
fiber_process__010_含硼氧化铝基陶瓷连续纤维的制备及表征,fiber_process,010_含硼氧化铝基陶瓷连续纤维的制备及表征,,![](G:/paper/Al-gel-sol/alumina_sol_extractor/data/outputs/010_含硼氧化铝基陶瓷连续纤维的制备及表征/figures_all/fda4cf82f5caf59ca991cef7dec362716520e7f6b0b887505394a850f81f10e8.jpg),G:\paper\Sorted_Database\Fiber_Process\010_含硼氧化铝基陶瓷连续纤维的制备及表征.pdf,data\markdown\fiber_process\010_含硼氧化铝基陶瓷连续纤维的制备及表征.md,true,pdf_text_keyword,unknown,,unknown,,manual_required,true,high,ESI,strong,ESI,,supplementary keyword detected without url
fiber_process__011_固相反应合成mgal_2o_4多孔纤维的研究_王昕悦,fiber_process,011_固相反应合成MgAl_2O_4多孔纤维的研究_王昕悦,10.3969/j.issn.1001-1935.2024.03.002,固相反应合成 MgAl2O4 多孔纤维的研究,G:\paper\Sorted_Database\Fiber_Process\011_固相反应合成MgAl_2O_4多孔纤维的研究_王昕悦.pdf,data\markdown\fiber_process\011_固相反应合成MgAl_2O_4多孔纤维的研究_王昕悦.md,true,pdf_text_keyword,unknown,,unknown,,manual_required,true,high,ESI,strong,ESI,,supplementary keyword detected without url
fiber_process__013_多孔莫来石纤维基隔热陶瓷的制备与性能研究,fiber_process,013_多孔莫来石纤维基隔热陶瓷的制备与性能研究,,多孔莫来石纤维基隔热陶瓷的制备与性能研究,G:\paper\Sorted_Database\Fiber_Process\013_多孔莫来石纤维基隔热陶瓷的制备与性能研究.pdf,data\markdown\fiber_process\013_多孔莫来石纤维基隔热陶瓷的制备与性能研究.md,false,none,unknown,,unknown,,unavailable,false,low,,none,,,
fiber_process__014_多晶型氧化铝连续纤维的研制及性能,fiber_process,014_多晶型氧化铝连续纤维的研制及性能,,摘 要,G:\paper\Sorted_Database\Fiber_Process\014_多晶型氧化铝连续纤维的研制及性能.pdf,data\markdown\fiber_process\014_多晶型氧化铝连续纤维的研制及性能.md,true,pdf_text_keyword,unknown,,unknown,,manual_required,true,high,ESI,strong,ESI,,supplementary keyword detected without url; 附录
fiber_process__015_多晶莫来石纤维的制备研究,fiber_process,015_多晶莫来石纤维的制备研究,10.3969/j.issn.1001-9731.2015,多晶莫来石纤维的制备研究*,G:\paper\Sorted_Database\Fiber_Process\015_多晶莫来石纤维的制备研究.pdf,data\markdown\fiber_process\015_多晶莫来石纤维的制备研究.md,false,none,unknown,,unknown,,unavailable,false,low,,none,,,doi detected: 10.3969/j.issn.1001-9731.2015
fiber_process__016_多晶莫来石纤维纺丝原液制备与可纺性研究,fiber_process,016_多晶莫来石纤维纺丝原液制备与可纺性研究,,多晶莫来石纤维纺丝原液制备与可纺性研究,G:\paper\Sorted_Database\Fiber_Process\016_多晶莫来石纤维纺丝原液制备与可纺性研究.pdf,data\markdown\fiber_process\016_多晶莫来石纤维纺丝原液制备与可纺性研究.md,false,none,unknown,,unknown,,unavailable,false,low,,none,,,
fiber_process__019_干法纺丝制备α_al_2o_3陶瓷纤维及其力学性能研究_李建军,fiber_process,019_干法纺丝制备α-Al_2O_3陶瓷纤维及其力学性能研究_李建军,,列及英国 ICI 公司生产的 Saffil 系列氧化铝纤维。我国高氧化铝含量的连续纤维目前只停留在实验室研发阶段，而且大都连续长度短，直径较粗且不均匀，制得的 α-Al2O3 纤维力学强度较低，纯度也有待提高。因此，选用合适的原料并优化工艺条件以建立高强度高氧化铝含量的 α-Al2O3 连续陶瓷纤维的制备方法具有重要的现实意义。,G:\paper\Sorted_Database\Fiber_Process\019_干法纺丝制备α-Al_2O_3陶瓷纤维及其力学性能研究_李建军.pdf,data\markdown\fiber_process\019_干法纺丝制备α-Al_2O_3陶瓷纤维及其力学性能研究_李建军.md,true,pdf_text_keyword,unknown,,unknown,,manual_required,true,high,ESI,strong,ESI,,supplementary keyword detected without url
fiber_process__029_无机酸铝体系氧化铝连续纤维的制备技术研究,fiber_process,029_无机酸铝体系氧化铝连续纤维的制备技术研究,10.15541/jim20230153,无机酸铝体系氧化铝连续纤维的制备技术研究,G:\paper\Sorted_Database\Fiber_Process\029_无机酸铝体系氧化铝连续纤维的制备技术研究.pdf,data\markdown\fiber_process\029_无机酸铝体系氧化铝连续纤维的制备技术研究.md,true,markdown_keyword,markdown_link,https://doi.org/10.15541/jim20230153,unknown,,not_attempted,false,high,补充材料,strong,补充材料,,supplementary keyword detected with url
fiber_process__030_气电纺丝法制备硅铝增强氧化铈纳微纤维,fiber_process,030_气电纺丝法制备硅铝增强氧化铈纳微纤维,,气电纺丝法制备硅铝增强氧化铈纳微纤维,G:\paper\Sorted_Database\Fiber_Process\030_气电纺丝法制备硅铝增强氧化铈纳微纤维.pdf,data\markdown\fiber_process\030_气电纺丝法制备硅铝增强氧化铈纳微纤维.md,false,none,unknown,,unknown,,unavailable,false,low,,none,,,
fiber_process__031_氧化硅_氧化铝前驱体结晶结构演变及其在氧化铝纤维制备中的应用研究,fiber_process,031_氧化硅_氧化铝前驱体结晶结构演变及其在氧化铝纤维制备中的应用研究,,东华大学硕士学位论文,G:\paper\Sorted_Database\Fiber_Process\031_氧化硅_氧化铝前驱体结晶结构演变及其在氧化铝纤维制备中的应用研究.pdf,data\markdown\fiber_process\031_氧化硅_氧化铝前驱体结晶结构演变及其在氧化铝纤维制备中的应用研究.md,false,none,unknown,,unknown,,unavailable,false,low,,none,,,
fiber_process__032_氧化铝_莫来石前驱体纤维的溶胶设计及预烧结机理研究,fiber_process,032_氧化铝-莫来石前驱体纤维的溶胶设计及预烧结机理研究,,氧化铝-莫来石前驱体纤维的溶胶设计及预烧结机理研究,G:\paper\Sorted_Database\Fiber_Process\032_氧化铝-莫来石前驱体纤维的溶胶设计及预烧结机理研究.pdf,data\markdown\fiber_process\032_氧化铝-莫来石前驱体纤维的溶胶设计及预烧结机理研究.md,true,pdf_text_keyword,unknown,,unknown,,manual_required,true,high,ESI,strong,ESI,,supplementary keyword detected without url
fiber_process__033_氧化铝_氧化锆前驱体纤维纺丝液的制备技术研究,fiber_process,033_氧化铝_氧化锆前驱体纤维纺丝液的制备技术研究,10.11896/j.issn.1005-023X.2015.14.015,氧化铝/氧化锆前驱体纤维纺丝液的制备技术研究*,G:\paper\Sorted_Database\Fiber_Process\033_氧化铝_氧化锆前驱体纤维纺丝液的制备技术研究.pdf,data\markdown\fiber_process\033_氧化铝_氧化锆前驱体纤维纺丝液的制备技术研究.md,false,none,unknown,,unknown,,unavailable,false,low,,none,,,doi detected: 10.11896/j.issn.1005-023X.2015.14.015
fiber_process__034_氧化铝基纤维_氧化铝复合材料的制备及其性能研究,fiber_process,034_氧化铝基纤维_氧化铝复合材料的制备及其性能研究,,濟南大學,G:\paper\Sorted_Database\Fiber_Process\034_氧化铝基纤维_氧化铝复合材料的制备及其性能研究.pdf,data\markdown\fiber_process\034_氧化铝基纤维_氧化铝复合材料的制备及其性能研究.md,true,pdf_text_keyword,unknown,,unknown,,manual_required,true,high,ESI,strong,ESI,,supplementary keyword detected without url
fiber_process__035_氧化铝基陶瓷连续纤维研究进展,fiber_process,035_氧化铝基陶瓷连续纤维研究进展,10.14062/j.issn.0454-5648.20240213,http://www.gxyb.cbpt.cnki.net,G:\paper\Sorted_Database\Fiber_Process\035_氧化铝基陶瓷连续纤维研究进展.pdf,data\markdown\fiber_process\035_氧化铝基陶瓷连续纤维研究进展.md,false,none,unknown,,unknown,,unavailable,false,low,,none,,,doi detected: 10.14062/j.issn.0454-5648.20240213; general url present without supplementary keyword
fiber_process__036_氧化铝溶胶浸渍法制备氧化铝纤维的工艺研究,fiber_process,036_氧化铝溶胶浸渍法制备氧化铝纤维的工艺研究,10.3969/j.issn.1001-1935.2017.01.014,氧化铝溶胶浸渍法制备氧化铝纤维的工艺研究,G:\paper\Sorted_Database\Fiber_Process\036_氧化铝溶胶浸渍法制备氧化铝纤维的工艺研究.pdf,data\markdown\fiber_process\036_氧化铝溶胶浸渍法制备氧化铝纤维的工艺研究.md,false,none,unknown,,unknown,,unavailable,false,low,,none,,,doi detected: 10.3969/j.issn.1001-1935.2017.01.014
fiber_process__037_氧化铝纤维制备工艺及表面涂层性能表征研究,fiber_process,037_氧化铝纤维制备工艺及表面涂层性能表征研究,,硕士学位论文,G:\paper\Sorted_Database\Fiber_Process\037_氧化铝纤维制备工艺及表面涂层性能表征研究.pdf,data\markdown\fiber_process\037_氧化铝纤维制备工艺及表面涂层性能表征研究.md,true,pdf_text_keyword,unknown,,unknown,,manual_required,true,high,ESI,strong,ESI,,supplementary keyword detected without url
fiber_process__038_氧化铝纤维基层状多孔陶瓷的制备与性能研究,fiber_process,038_氧化铝纤维基层状多孔陶瓷的制备与性能研究,,氧化铝纤维基层状多孔陶瓷的制备与性能研究,G:\paper\Sorted_Database\Fiber_Process\038_氧化铝纤维基层状多孔陶瓷的制备与性能研究.pdf,data\markdown\fiber_process\038_氧化铝纤维基层状多孔陶瓷的制备与性能研究.md,true,pdf_text_keyword,unknown,,unknown,,manual_required,true,high,ESI,strong,ESI,,supplementary keyword detected without url
fiber_process__039_氧化铝纤维晶相抑制剂sio_2前驱体的选择_宋士玮,fiber_process,039_氧化铝纤维晶相抑制剂SiO_2前驱体的选择_宋士玮,,综述,G:\paper\Sorted_Database\Fiber_Process\039_氧化铝纤维晶相抑制剂SiO_2前驱体的选择_宋士玮.pdf,data\markdown\fiber_process\039_氧化铝纤维晶相抑制剂SiO_2前驱体的选择_宋士玮.md,false,none,unknown,,unknown,,unavailable,false,low,,none,,,
fiber_process__041_氧化铝连续纤维前驱体的制备与表征,fiber_process,041_氧化铝连续纤维前驱体的制备与表征,,![](G:/paper/Al-gel-sol/alumina_sol_extractor/data/outputs/041_氧化铝连续纤维前驱体的制备与表征/figures_all/2a6dac427d3eaeae4d7c698730aa8a88eeb56ac94b098ad5d12e20523f3f47da.jpg),G:\paper\Sorted_Database\Fiber_Process\041_氧化铝连续纤维前驱体的制备与表征.pdf,data\markdown\fiber_process\041_氧化铝连续纤维前驱体的制备与表征.md,true,pdf_text_keyword,unknown,,unknown,,manual_required,true,high,ESI,strong,ESI,,supplementary keyword detected without url
fiber_process__042_氧化铝连续纤维的研制及表征_初步搞到这里了,fiber_process,042_氧化铝连续纤维的研制及表征（初步搞到这里了）,,![](G:/paper/Al-gel-sol/alumina_sol_extractor/data/outputs/042_氧化铝连续纤维的研制及表征（初步搞到这里了）/figures_all/0452ea60d3ed375401d501603766ecc956bff87a49689a3b4ddc3bcffde818b2.jpg),G:\paper\Sorted_Database\Fiber_Process\042_氧化铝连续纤维的研制及表征（初步搞到这里了）.pdf,data\markdown\fiber_process\042_氧化铝连续纤维的研制及表征（初步搞到这里了）.md,true,pdf_text_keyword,unknown,,unknown,,manual_required,true,high,ESI,strong,ESI,,supplementary keyword detected without url
fiber_process__044_溶胶_凝胶法制备zro_2掺杂和cuo_in_2o_3负载的氧化铝复合材料及其应用性能_阮铖涛,fiber_process,044_溶胶—凝胶法制备ZrO_2掺杂和CuO@In_2O_3负载的氧化铝复合材料及其应用性能_阮铖涛,,![](G:/paper/Al-gel-sol/alumina_sol_extractor/data/outputs/044_溶胶—凝胶法制备ZrO_2掺杂和CuO@In_2O_3负载的氧化铝复合材料及其应用性能_阮铖涛/figures_all/86d66304e7cbe6b2221ad811a52653a16b11e0739585930bf210927970465316.jpg),G:\paper\Sorted_Database\Fiber_Process\044_溶胶—凝胶法制备ZrO_2掺杂和CuO@In_2O_3负载的氧化铝复合材料及其应用性能_阮铖涛.pdf,data\markdown\fiber_process\044_溶胶—凝胶法制备ZrO_2掺杂和CuO@In_2O_3负载的氧化铝复合材料及其应用性能_阮铖涛.md,true,pdf_text_keyword,unknown,,unknown,,manual_required,true,high,ESI,strong,ESI,,supplementary keyword detected without url
fiber_process__045_溶胶_凝胶法制备α_al_2o_3纤维的相变与微观形貌控制_李相东,fiber_process,045_溶胶—凝胶法制备α-Al_2O_3纤维的相变与微观形貌控制_李相东,,廈門大學,G:\paper\Sorted_Database\Fiber_Process\045_溶胶—凝胶法制备α-Al_2O_3纤维的相变与微观形貌控制_李相东.pdf,data\markdown\fiber_process\045_溶胶—凝胶法制备α-Al_2O_3纤维的相变与微观形貌控制_李相东.md,true,pdf_text_keyword,markdown_link,http://www.w3.org/1999/02/22-rdf-syntax-ns#,unknown,,not_attempted,false,high,ESI,strong,ESI,,supplementary keyword detected with url
fiber_process__046_溶胶_凝胶法制备氧化铝基纤维研究,fiber_process,046_溶胶—凝胶法制备氧化铝基纤维研究,,![](G:/paper/Al-gel-sol/alumina_sol_extractor/data/outputs/046_溶胶—凝胶法制备氧化铝基纤维研究/figures_all/8aaa781e2daf9a28372155c6cc2045059a7b46f1db5d79f5edb4478a771b3bfd.jpg),G:\paper\Sorted_Database\Fiber_Process\046_溶胶—凝胶法制备氧化铝基纤维研究.pdf,data\markdown\fiber_process\046_溶胶—凝胶法制备氧化铝基纤维研究.md,true,pdf_text_keyword,unknown,,unknown,,manual_required,true,high,ESI,strong,ESI,,supplementary keyword detected without url
fiber_process__048_溶胶_凝胶法制备钛酸铝纤维的研究,fiber_process,048_溶胶—凝胶法制备钛酸铝纤维的研究,,![](G:/paper/Al-gel-sol/alumina_sol_extractor/data/outputs/048_溶胶—凝胶法制备钛酸铝纤维的研究/figures_all/3303638ebab56aa21c68312d751b14477c22693d54adebeb4b934ea09ae8db7f.jpg),G:\paper\Sorted_Database\Fiber_Process\048_溶胶—凝胶法制备钛酸铝纤维的研究.pdf,data\markdown\fiber_process\048_溶胶—凝胶法制备钛酸铝纤维的研究.md,true,pdf_text_keyword,unknown,,unknown,,manual_required,true,high,ESI,strong,ESI,,supplementary keyword detected without url
fiber_process__049_溶胶组成对氧化铝纤维微观结构及性质的影响,fiber_process,049_溶胶组成对氧化铝纤维微观结构及性质的影响,,的电荷和较小的尺寸(1~2 nm)而被认为是聚合氯化铝溶胶中最小而且最稳定的纳米粒子 ^[24] ，并引起各领域研究者们广泛的研究兴趣。目前，研究人员在羟基聚合铝离子的形成和转化机制研究中取得一定的进展，但是溶胶中羟基聚合铝的种类和含量对产物的影响，尤其是在静电纺丝制备氧化铝纤维方面，溶胶中胶粒形态对产物的物相结构及性质的影响还未见报道。,G:\paper\Sorted_Database\Fiber_Process\049_溶胶组成对氧化铝纤维微观结构及性质的影响.pdf,data\markdown\fiber_process\049_溶胶组成对氧化铝纤维微观结构及性质的影响.md,false,none,unknown,,unknown,,unavailable,false,low,,none,,,
fiber_process__050_烧结温度对莫来石纤维组织结构和性能的影响,fiber_process,050_烧结温度对莫来石纤维组织结构和性能的影响,10.16552/j.cnki.issn1001-1625.2018.07.002,烧结温度对莫来石纤维组织结构和性能的影响,G:\paper\Sorted_Database\Fiber_Process\050_烧结温度对莫来石纤维组织结构和性能的影响.pdf,data\markdown\fiber_process\050_烧结温度对莫来石纤维组织结构和性能的影响.md,false,none,unknown,,unknown,,unavailable,false,low,,none,,,doi detected: 10.16552/j.cnki.issn1001-1625.2018.07.002
fiber_process__051_稀土氧化物对低温固相合成镁铝尖晶石纤维的影响,fiber_process,051_稀土氧化物对低温固相合成镁铝尖晶石纤维的影响,10.3969/j.issn.1001-1935.2024.05.008,稀土氧化物对低温固相合成镁铝尖晶石纤维的影响,G:\paper\Sorted_Database\Fiber_Process\051_稀土氧化物对低温固相合成镁铝尖晶石纤维的影响.pdf,data\markdown\fiber_process\051_稀土氧化物对低温固相合成镁铝尖晶石纤维的影响.md,false,none,unknown,,unknown,,unavailable,false,low,,none,,,doi detected: 10.3969/j.issn.1001-1935.2024.05.008
fiber_process__054_纳米α_al_2o_3籽晶的合成及其在制备α_al_2o_3纤维中的应用_肖泓芮,fiber_process,054_纳米α-Al_2O_3籽晶的合成及其在制备α-Al_2O_3纤维中的应用_肖泓芮,,摘要,G:\paper\Sorted_Database\Fiber_Process\054_纳米α-Al_2O_3籽晶的合成及其在制备α-Al_2O_3纤维中的应用_肖泓芮.pdf,data\markdown\fiber_process\054_纳米α-Al_2O_3籽晶的合成及其在制备α-Al_2O_3纤维中的应用_肖泓芮.md,true,pdf_text_keyword,unknown,,unknown,,manual_required,true,high,ESI,strong,ESI,,supplementary keyword detected without url
fiber_process__055_纳米氧化铝纤维基多孔陶瓷的制备与性能研究,fiber_process,055_纳米氧化铝纤维基多孔陶瓷的制备与性能研究,,分类号：TH140.7 密级：公开,G:\paper\Sorted_Database\Fiber_Process\055_纳米氧化铝纤维基多孔陶瓷的制备与性能研究.pdf,data\markdown\fiber_process\055_纳米氧化铝纤维基多孔陶瓷的制备与性能研究.md,true,pdf_text_keyword,unknown,,unknown,,manual_required,true,high,ESI,strong,ESI,,supplementary keyword detected without url
fiber_process__056_莫来石_氧化铝复合连续纤维制备及研究,fiber_process,056_莫来石-氧化铝复合连续纤维制备及研究,,莫来石-氧化铝复合连续纤维制备及研究,G:\paper\Sorted_Database\Fiber_Process\056_莫来石-氧化铝复合连续纤维制备及研究.pdf,data\markdown\fiber_process\056_莫来石-氧化铝复合连续纤维制备及研究.md,true,pdf_text_keyword,unknown,,unknown,,manual_required,true,high,ESI,strong,ESI,,supplementary keyword detected without url
fiber_process__057_莫来石纤维复合网络二级结构的可控化研究,fiber_process,057_莫来石纤维复合网络二级结构的可控化研究,,莫来石纤维复合网络二级结构的可控化研究,G:\paper\Sorted_Database\Fiber_Process\057_莫来石纤维复合网络二级结构的可控化研究.pdf,data\markdown\fiber_process\057_莫来石纤维复合网络二级结构的可控化研究.md,false,none,unknown,,unknown,,unavailable,false,low,,none,,,
fiber_process__058_莫来石纳米纤维复合材料的制备及隔热研究,fiber_process,058_莫来石纳米纤维复合材料的制备及隔热研究,,莫来石纳米纤维复合材料的制备及隔热研究,G:\paper\Sorted_Database\Fiber_Process\058_莫来石纳米纤维复合材料的制备及隔热研究.pdf,data\markdown\fiber_process\058_莫来石纳米纤维复合材料的制备及隔热研究.md,true,pdf_text_keyword,unknown,,unknown,,manual_required,true,high,ESI,strong,ESI,,supplementary keyword detected without url
fiber_process__059_连续氧化铝纤维及其复合材料的研究进展,fiber_process,059_连续氧化铝纤维及其复合材料的研究进展,,"thermoelectricity, petrochemicals, semiconductors, automobiles, and high-temperature furnaces. Alumina fiber and its composite materials abroad have been commercialized and implemented in component ap",G:\paper\Sorted_Database\Fiber_Process\059_连续氧化铝纤维及其复合材料的研究进展.pdf,data\markdown\fiber_process\059_连续氧化铝纤维及其复合材料的研究进展.md,false,none,unknown,,unknown,,unavailable,false,low,,none,,,
fiber_process__060_连续氧化铝纤维增强氧化铝基复合材料的制备与性能研究,fiber_process,060_连续氧化铝纤维增强氧化铝基复合材料的制备与性能研究,,工学博士学位论文,G:\paper\Sorted_Database\Fiber_Process\060_连续氧化铝纤维增强氧化铝基复合材料的制备与性能研究.pdf,data\markdown\fiber_process\060_连续氧化铝纤维增强氧化铝基复合材料的制备与性能研究.md,true,pdf_text_keyword,unknown,,unknown,,manual_required,true,high,ESI,strong,ESI,,supplementary keyword detected without url
fiber_process__061_连续氧化铝纤维高温烧结的相变行为及致密化机理研究,fiber_process,061_连续氧化铝纤维高温烧结的相变行为及致密化机理研究,,连续氧化铝纤维高温烧结的相变行为及致密化机理研究,G:\paper\Sorted_Database\Fiber_Process\061_连续氧化铝纤维高温烧结的相变行为及致密化机理研究.pdf,data\markdown\fiber_process\061_连续氧化铝纤维高温烧结的相变行为及致密化机理研究.md,true,pdf_text_keyword,unknown,,unknown,,manual_required,true,high,ESI,strong,ESI,,supplementary keyword detected without url
fiber_process__062_连续铝硅酸盐纤维增强al_2o_3_zro_2陶瓷基复合材料的制备与表征_张锦昌,fiber_process,062_连续铝硅酸盐纤维增强Al_2O_3-ZrO_2陶瓷基复合材料的制备与表征_张锦昌,,华南理工大学硕士学位论文,G:\paper\Sorted_Database\Fiber_Process\062_连续铝硅酸盐纤维增强Al_2O_3-ZrO_2陶瓷基复合材料的制备与表征_张锦昌.pdf,data\markdown\fiber_process\062_连续铝硅酸盐纤维增强Al_2O_3-ZrO_2陶瓷基复合材料的制备与表征_张锦昌.md,true,pdf_text_keyword,unknown,,unknown,,manual_required,true,high,ESI,strong,ESI,,supplementary keyword detected without url
fiber_process__064_铁复合铝硅系溶胶制备及其性能基础研究,fiber_process,064_铁复合铝硅系溶胶制备及其性能基础研究,,工学硕士学位论文,G:\paper\Sorted_Database\Fiber_Process\064_铁复合铝硅系溶胶制备及其性能基础研究.pdf,data\markdown\fiber_process\064_铁复合铝硅系溶胶制备及其性能基础研究.md,true,pdf_text_keyword,unknown,,unknown,,manual_required,true,high,ESI,strong,ESI,,supplementary keyword detected without url
fiber_process__067_镁源种类非水解溶胶_凝胶法制备镁稳定钛酸铝纤维的影响,fiber_process,067_镁源种类非水解溶胶-凝胶法制备镁稳定钛酸铝纤维的影响,,镁源种类非水解溶胶－凝胶法制备镁稳定钛酸铝纤维的影响,G:\paper\Sorted_Database\Fiber_Process\067_镁源种类非水解溶胶-凝胶法制备镁稳定钛酸铝纤维的影响.pdf,data\markdown\fiber_process\067_镁源种类非水解溶胶-凝胶法制备镁稳定钛酸铝纤维的影响.md,false,none,unknown,,unknown,,unavailable,false,low,,none,,,
fiber_process__068_镁铝尖晶石纤维及纤维板的制备与性能研究,fiber_process,068_镁铝尖晶石纤维及纤维板的制备与性能研究,,硕士专业学位论文,G:\paper\Sorted_Database\Fiber_Process\068_镁铝尖晶石纤维及纤维板的制备与性能研究.pdf,data\markdown\fiber_process\068_镁铝尖晶石纤维及纤维板的制备与性能研究.md,true,pdf_text_keyword,unknown,,unknown,,manual_required,true,high,ESI,strong,ESI,,supplementary keyword detected without url
fiber_process__069_静电纺氧化铝_会议_纤维膜的制备与构效关系,fiber_process,069_静电纺氧化铝！！会议！！纤维膜的制备与构效关系,,静电纺氧化铝纤维膜的制备与构效关系,G:\paper\Sorted_Database\Fiber_Process\069_静电纺氧化铝！！会议！！纤维膜的制备与构效关系.pdf,data\markdown\fiber_process\069_静电纺氧化铝！！会议！！纤维膜的制备与构效关系.md,false,none,unknown,,unknown,,unavailable,false,low,,none,,,
fiber_process__072_abdullah_等_2010_effects_of_the_polyvinyl_alcohol_pva_on_the_synthesis_of_alumina_fibers_through_electrospinning_te,fiber_process,072_Abdullah 等 - 2010 - Effects of the polyvinyl alcohol (PVA) on the synthesis of alumina fibers through electrospinning te,10.4028/www.scientific.net/AMR.173,Effects of The Polyvinyl Alcohol (PVA) on The Synthesis of Alumina Fibers Through Electrospinning Technique,G:\paper\Sorted_Database\Fiber_Process\072_Abdullah 等 - 2010 - Effects of the polyvinyl alcohol (PVA) on the synthesis of alumina fibers through electrospinning te.pdf,data\markdown\fiber_process\072_Abdullah 等 - 2010 - Effects of the polyvinyl alcohol (PVA) on the synthesis of alumina fibers through electrospinning te.md,false,none,unknown,,unknown,,unavailable,false,low,,none,,,doi detected: 10.4028/www.scientific.net/AMR.173; general url present without supplementary keyword
fiber_process__081_al_sub_2__sub_o_sub_3__sub__zro_sub_2__sub_复合膜的制备与表征,fiber_process,081_Al_sub_2__sub_O_sub_3__sub_-ZrO_sub_2__sub_复合膜的制备与表征,,Al2O3-ZrO2 复合膜的制备与表征,G:\paper\Sorted_Database\Fiber_Process\081_Al_sub_2__sub_O_sub_3__sub_-ZrO_sub_2__sub_复合膜的制备与表征.pdf,data\markdown\fiber_process\081_Al_sub_2__sub_O_sub_3__sub_-ZrO_sub_2__sub_复合膜的制备与表征.md,false,none,unknown,,unknown,,unavailable,false,low,,none,,,general url present without supplementary keyword
fiber_process__095_buining_等_1991_preparation_of_colloidal_boehmite_needles_by_hydrothermal_treatment_of_aluminum_alkoxide_precursors,fiber_process,095_Buining 等 - 1991 - Preparation of colloidal boehmite needles by hydrothermal treatment of aluminum alkoxide precursors,10.1111/j.1151-2916.1991.tb04102.x,Preparation of Colloidal Boehmite Needles by Hydrothermal Treatment of Aluminum Alkoxide Precursors,G:\paper\Sorted_Database\Fiber_Process\095_Buining 等 - 1991 - Preparation of colloidal boehmite needles by hydrothermal treatment of aluminum alkoxide precursors.pdf,data\markdown\fiber_process\095_Buining 等 - 1991 - Preparation of colloidal boehmite needles by hydrothermal treatment of aluminum alkoxide precursors.md,false,none,unknown,,unknown,,unavailable,false,low,,none,,,doi detected: 10.1111/j.1151-2916.1991.tb04102.x; general url present without supplementary keyword
fiber_process__096_cai_等_2006_azeotropic_distillation_assisted_preparation_of_macro_mesostructured_γ_al2o3_nanofibres_of_crumpled,fiber_process,096_Cai 等 - 2006 - Azeotropic distillation-assisted preparation of macro-mesostructured γ-Al2O3 nanofibres of crumpled,10.1016/j.matchemphys.2005.06.053,Azeotropic distillation-assisted preparation of macro-mesostructured γ-Al2O3 nanofibres of crumpled sheet-like morphology,G:\paper\Sorted_Database\Fiber_Process\096_Cai 等 - 2006 - Azeotropic distillation-assisted preparation of macro-mesostructured γ-Al2O3 nanofibres of crumpled.pdf,data\markdown\fiber_process\096_Cai 等 - 2006 - Azeotropic distillation-assisted preparation of macro-mesostructured γ-Al2O3 nanofibres of crumpled.md,true,markdown_keyword; pdf_text_keyword,markdown_link,http://dx.doi.org/10.1016/j.matchemphys.2005.06.053)/S,unknown,,not_attempted,false,high,Supplementary Data,strong,Supplementary Data,,supplementary keyword detected with url; Appendix; online version
fiber_process__098_chandradass_等_2008_synthesis_and_characterization_of_sol_gel_alumina_fiber_by_seeding_α_alumina_through_extended_ball_m,fiber_process,098_Chandradass 等 - 2008 - Synthesis and characterization of sol–gel alumina fiber by seeding α-alumina through extended ball m,10.1080/10426910802382098,Synthesis and Characterization of Sol-Gel Alumina Fiber by Seeding α-Alumina Through Extended Ball Milling,G:\paper\Sorted_Database\Fiber_Process\098_Chandradass 等 - 2008 - Synthesis and characterization of sol–gel alumina fiber by seeding α-alumina through extended ball m.pdf,data\markdown\fiber_process\098_Chandradass 等 - 2008 - Synthesis and characterization of sol–gel alumina fiber by seeding α-alumina through extended ball m.md,false,none,unknown,,unknown,,unavailable,false,low,,none,,,doi detected: 10.1080/10426910802382098; general url present without supplementary keyword
fiber_process__099_chandradass和balasubramanian_2005_sol_gel_based_extrusion_of_alumina_zirconia_fibres,fiber_process,099_Chandradass和Balasubramanian - 2005 - Sol–gel based extrusion of alumina–zirconia fibres,10.1016/j.msea.2005.07.025,Sol–gel based extrusion of alumina–zirconia fibres,G:\paper\Sorted_Database\Fiber_Process\099_Chandradass和Balasubramanian - 2005 - Sol–gel based extrusion of alumina–zirconia fibres.pdf,data\markdown\fiber_process\099_Chandradass和Balasubramanian - 2005 - Sol–gel based extrusion of alumina–zirconia fibres.md,false,none,unknown,,unknown,,unavailable,false,low,,none,,,doi detected: 10.1016/j.msea.2005.07.025; general url present without supplementary keyword
fiber_process__100_chandradass和balasubramanian_2006_effect_of_magnesium_oxide_on_sol_gel_spun_alumina_and_alumina_zirconia_fibres,fiber_process,100_Chandradass和Balasubramanian - 2006 - Effect of magnesium oxide on sol–gel spun alumina and alumina–zirconia fibres,10.1016/j.jeurceramsoc.2005.06.045,Effect of magnesium oxide on sol–gel spun alumina and alumina–zirconia fibres,G:\paper\Sorted_Database\Fiber_Process\100_Chandradass和Balasubramanian - 2006 - Effect of magnesium oxide on sol–gel spun alumina and alumina–zirconia fibres.pdf,data\markdown\fiber_process\100_Chandradass和Balasubramanian - 2006 - Effect of magnesium oxide on sol–gel spun alumina and alumina–zirconia fibres.md,false,none,unknown,,unknown,,unavailable,false,low,,none,,,non-supplementary weak phrases present; doi detected: 10.1016/j.jeurceramsoc.2005.06.045; general url present without supplementary keyword; available online
fiber_process__101_chandradass和balasubramanian_2006_sol_gel_based_extrusion_of_alumina_fibers,fiber_process,101_Chandradass和Balasubramanian - 2006 - Sol-gel based extrusion of alumina fibers,10.1080/10426910500464818,Sol-Gel Based Extrusion of Alumina Fibers,G:\paper\Sorted_Database\Fiber_Process\101_Chandradass和Balasubramanian - 2006 - Sol-gel based extrusion of alumina fibers.pdf,data\markdown\fiber_process\101_Chandradass和Balasubramanian - 2006 - Sol-gel based extrusion of alumina fibers.md,true,pdf_text_keyword,markdown_link,https://doi.org/10.1080/10426910500464818,unknown,,not_attempted,false,high,ESI,strong,ESI,,supplementary keyword detected with url
fiber_process__102_chandradass和balasubramanian_2007_extrusion_of_alumina_fibers_using_zirconia_sol_as_binder,fiber_process,102_Chandradass和Balasubramanian - 2007 - Extrusion of alumina fibers using zirconia sol as binder,10.1016/j.ceramint.2006.06.007)/S,Short communication,G:\paper\Sorted_Database\Fiber_Process\102_Chandradass和Balasubramanian - 2007 - Extrusion of alumina fibers using zirconia sol as binder.pdf,data\markdown\fiber_process\102_Chandradass和Balasubramanian - 2007 - Extrusion of alumina fibers using zirconia sol as binder.md,false,none,unknown,,unknown,,unavailable,false,low,,none,,,non-supplementary weak phrases present; doi detected: 10.1016/j.ceramint.2006.06.007)/S; general url present without supplementary keyword; available online
fiber_process__103_chandradass和balasubramanian_2008_synthesis_and_characterization_of_cao_doped_alumina_zirconia_fibers_by_sol_gel_process,fiber_process,103_Chandradass和Balasubramanian - 2008 - Synthesis and characterization of CaO doped alumina–zirconia fibers by sol-gel process,10.1080/10426910701774635,Synthesis and Characterization of CaO Doped Alumina-Zirconia Fibers by Sol-Gel Process,G:\paper\Sorted_Database\Fiber_Process\103_Chandradass和Balasubramanian - 2008 - Synthesis and characterization of CaO doped alumina–zirconia fibers by sol-gel process.pdf,data\markdown\fiber_process\103_Chandradass和Balasubramanian - 2008 - Synthesis and characterization of CaO doped alumina–zirconia fibers by sol-gel process.md,true,pdf_text_keyword,markdown_link,https://doi.org/10.1080/10426910701774635,unknown,,not_attempted,false,high,ESI,strong,ESI,,supplementary keyword detected with url
fiber_process__104_chen_等_1996_preparation_of_mullite_fiber,fiber_process,104_Chen 等 - 1996 - Preparation of mullite fiber,10.1111/j.1151-2916.1996.tb08755.x,Preparation of Mullite Fiber,G:\paper\Sorted_Database\Fiber_Process\104_Chen 等 - 1996 - Preparation of mullite fiber.pdf,data\markdown\fiber_process\104_Chen 等 - 1996 - Preparation of mullite fiber.md,true,pdf_text_keyword,unknown,,unknown,,manual_required,true,high,ESI,strong,ESI,,supplementary keyword detected without url
fiber_process__107_chen和gu_2008_the_sol_gel_transition_of_mullite_spinning_solution_in_relation_to_the_formation_of_ceramic_fibers,fiber_process,107_Chen和Gu - 2008 - The sol–gel transition of mullite spinning solution in relation to the formation of ceramic fibers,,The sol–gel transition of mullite spinning solution in relation to the formation of ceramic fibers,G:\paper\Sorted_Database\Fiber_Process\107_Chen和Gu - 2008 - The sol–gel transition of mullite spinning solution in relation to the formation of ceramic fibers.pdf,data\markdown\fiber_process\107_Chen和Gu - 2008 - The sol–gel transition of mullite spinning solution in relation to the formation of ceramic fibers.md,false,none,unknown,,unknown,,unavailable,false,low,,none,,,general url present without supplementary keyword
fiber_process__108_chen和gu_2009_sol_gel_dry_spinning_of_mullite_fibers_from_anteosaip_system,fiber_process,108_Chen和Gu - 2009 - Sol–gel dry spinning of mullite fibers from ANTEOSAIP system,10.1016/j.materresbull.2008.09.011)/S,Sol-gel dry spinning of mullite fibers from AN/TEOS/AIP system,G:\paper\Sorted_Database\Fiber_Process\108_Chen和Gu - 2009 - Sol–gel dry spinning of mullite fibers from ANTEOSAIP system.pdf,data\markdown\fiber_process\108_Chen和Gu - 2009 - Sol–gel dry spinning of mullite fibers from ANTEOSAIP system.md,false,none,unknown,,unknown,,unavailable,false,low,,none,,,non-supplementary weak phrases present; doi detected: 10.1016/j.materresbull.2008.09.011)/S; general url present without supplementary keyword; available online
fiber_process__109_chen和gu_2009_structural_evolution_of_sol_gel_derived_mullite_fibers_with_different_solid_contents_during_sinterin,fiber_process,109_Chen和Gu - 2009 - Structural evolution of sol–gel derived mullite fibers with different solid contents during sinterin,10.1016/j.jmatprotec.2008.09.017)/S,Structural evolution of sol-gel derived mullite fibers with different solid contents during sintering,G:\paper\Sorted_Database\Fiber_Process\109_Chen和Gu - 2009 - Structural evolution of sol–gel derived mullite fibers with different solid contents during sinterin.pdf,data\markdown\fiber_process\109_Chen和Gu - 2009 - Structural evolution of sol–gel derived mullite fibers with different solid contents during sinterin.md,false,none,unknown,,unknown,,unavailable,false,low,,none,,,doi detected: 10.1016/j.jmatprotec.2008.09.017)/S; general url present without supplementary keyword
fiber_process__110_chiou_等_1994_the_preparation_of_alumina_fibre_by_sol_gel_processing,fiber_process,110_Chiou 等 - 1994 - The preparation of alumina fibre by sol-gel processing,,The preparation of alumina fibre by sol-gel processing,G:\paper\Sorted_Database\Fiber_Process\110_Chiou 等 - 1994 - The preparation of alumina fibre by sol-gel processing.pdf,data\markdown\fiber_process\110_Chiou 等 - 1994 - The preparation of alumina fibre by sol-gel processing.md,true,pdf_text_keyword,unknown,,unknown,,manual_required,true,high,ESI,strong,ESI,,supplementary keyword detected without url
fiber_process__111_choi_等_2013_preparation_of_alumina_rods_by_electrospinning_aluminum_sec_butoxidepolyvinylpyrrolidone_blended_so,fiber_process,111_Choi 等 - 2013 - Preparation of alumina rods by electrospinning aluminum sec-butoxidepolyvinylpyrrolidone blended so,,Preparation of Alumina Rods by Electrospinning Aluminum Sec-Butoxide/Polyvinylpyrrolidone Blended Solutions,G:\paper\Sorted_Database\Fiber_Process\111_Choi 等 - 2013 - Preparation of alumina rods by electrospinning aluminum sec-butoxidepolyvinylpyrrolidone blended so.pdf,data\markdown\fiber_process\111_Choi 等 - 2013 - Preparation of alumina rods by electrospinning aluminum sec-butoxidepolyvinylpyrrolidone blended so.md,false,none,unknown,,unknown,,unavailable,false,low,,none,,,general url present without supplementary keyword
fiber_process__112_clauss_1994_preparation_and_characterization_of_spinning_dopes_for_dry_spinning_of_continuous_alumina_green_fibe,fiber_process,112_Clauss - 1994 - Preparation and characterization of spinning dopes for dry spinning of continuous alumina green fibe,10.1002/apmc.1994.052170114,"Institut für Textilchemie der Deutschen Institute für Textil- und Faserforschung Stuttgart, Körschtalstr. 26, 73770 Denkendorf, Germany",G:\paper\Sorted_Database\Fiber_Process\112_Clauss - 1994 - Preparation and characterization of spinning dopes for dry spinning of continuous alumina green fibe.pdf,data\markdown\fiber_process\112_Clauss - 1994 - Preparation and characterization of spinning dopes for dry spinning of continuous alumina green fibe.md,false,none,unknown,,unknown,,unavailable,false,low,,none,,,doi detected: 10.1002/apmc.1994.052170114
fiber_process__115_davies_等_2000_preparation_of_barium_hexa_aluminate_ceramic_fibres_and_refractories,fiber_process,115_Davies 等 - 2000 - Preparation of barium hexa-aluminate ceramic fibres and refractories,10.1179/bct.2000.99.2.85,Preparation of barium hexa-aluminate ceramic fibres and refractories,G:\paper\Sorted_Database\Fiber_Process\115_Davies 等 - 2000 - Preparation of barium hexa-aluminate ceramic fibres and refractories.pdf,data\markdown\fiber_process\115_Davies 等 - 2000 - Preparation of barium hexa-aluminate ceramic fibres and refractories.md,false,none,unknown,,unknown,,unavailable,false,low,,none,,,doi detected: 10.1179/bct.2000.99.2.85; general url present without supplementary keyword
fiber_process__122_effect_of_production_parameters_on_the_structure_and_morphology_of_aluminum_titanate_nanofibers_produced_using_electrospinning_technique,fiber_process,122_Effect of production parameters on the structure and morphology of aluminum titanate nanofibers produced using electrospinning technique,,Full Length Research Paper,G:\paper\Sorted_Database\Fiber_Process\122_Effect of production parameters on the structure and morphology of aluminum titanate nanofibers produced using electrospinning technique.pdf,data\markdown\fiber_process\122_Effect of production parameters on the structure and morphology of aluminum titanate nanofibers produced using electrospinning technique.md,true,pdf_text_keyword,markdown_link,http://www.w3.org/1999/02/22-rdf-syntax-ns#,unknown,,not_attempted,false,high,ESI,strong,ESI,,supplementary keyword detected with url
fiber_process__128_feng_等_2019_low_temperature_preparation_of_novel_stabilized_aluminum_titanate_ceramic_fibers_via_nonhydrolytic_s,fiber_process,128_Feng 等 - 2019 - Low-temperature preparation of novel stabilized aluminum titanate ceramic fibers via nonhydrolytic s,10.1126/science.285.5428.699,Low-temperature preparation of novel stabilized aluminum titanate ceramic fibers via nonhydrolytic sol-gel method through linear self-assembly of precursors,G:\paper\Sorted_Database\Fiber_Process\128_Feng 等 - 2019 - Low-temperature preparation of novel stabilized aluminum titanate ceramic fibers via nonhydrolytic s.pdf,data\markdown\fiber_process\128_Feng 等 - 2019 - Low-temperature preparation of novel stabilized aluminum titanate ceramic fibers via nonhydrolytic s.md,false,none,unknown,,unknown,,unavailable,false,low,,none,,,doi detected: 10.1126/science.285.5428.699; general url present without supplementary keyword
fiber_process__135_gao_等_2019_preparation_characterization_and_mechanical_properties_of_continuous_mullite_fibers_derived_from_th,fiber_process,"135_Gao 等 - 2019 - Preparation, characterization and mechanical properties of continuous mullite fibers derived from th",10.1007/s10971-019-05078-0,ORIGINAL PAPER: FUNDAMENTALS OF SOL-GEL AND HYBRID MATERIALS PROCESSING,"G:\paper\Sorted_Database\Fiber_Process\135_Gao 等 - 2019 - Preparation, characterization and mechanical properties of continuous mullite fibers derived from th.pdf","data\markdown\fiber_process\135_Gao 等 - 2019 - Preparation, characterization and mechanical properties of continuous mullite fibers derived from th.md",false,none,unknown,,unknown,,unavailable,false,low,,none,,,non-supplementary weak phrases present; doi detected: 10.1007/s10971-019-05078-0; general url present without supplementary keyword; online version
fiber_process__136_gao_等_2019_thermal_decomposition_of_aluminum_carboxylates_based_precursor_for_alumina_fibers,fiber_process,136_Gao 等 - 2019 - Thermal decomposition of aluminum carboxylates based precursor for alumina fibers,10.1002/adma.19910031025,PAPER,G:\paper\Sorted_Database\Fiber_Process\136_Gao 等 - 2019 - Thermal decomposition of aluminum carboxylates based precursor for alumina fibers.pdf,data\markdown\fiber_process\136_Gao 等 - 2019 - Thermal decomposition of aluminum carboxylates based precursor for alumina fibers.md,true,pdf_text_keyword,markdown_link,https://orcid.org/0000-0002-5083-8202,unknown,,not_attempted,false,high,ESI,strong,ESI,,supplementary keyword detected with url
fiber_process__139_glaubitt_等_1994_a_new_way_to_spinnable_sols_derived_from_modified_aluminumalkoxides_code_ep6,fiber_process,139_Glaubitt 等 - 1994 - A new way to spinnable sols derived from modified aluminumalkoxides Code EP6,,A New Way to Spinnable Sols Derived from Modified Aluminumalkoxides,G:\paper\Sorted_Database\Fiber_Process\139_Glaubitt 等 - 1994 - A new way to spinnable sols derived from modified aluminumalkoxides Code EP6.pdf,data\markdown\fiber_process\139_Glaubitt 等 - 1994 - A new way to spinnable sols derived from modified aluminumalkoxides Code EP6.md,false,none,unknown,,unknown,,unavailable,false,low,,none,,,
fiber_process__142_gotoh_等_2004_preparation_of_transparent_alumina_film_and_fiber_from_a_composite_of_aluminum_polynuclear_complexm,fiber_process,142_Gotoh 等 - 2004 - Preparation of transparent alumina film and fiber from a composite of aluminum polynuclear complexm,10.1016/j.matchemphys.2003.08.026,Preparation of transparent alumina film and fiber from a composite of aluminum polynuclear complex/methyl cellulose,G:\paper\Sorted_Database\Fiber_Process\142_Gotoh 等 - 2004 - Preparation of transparent alumina film and fiber from a composite of aluminum polynuclear complexm.pdf,data\markdown\fiber_process\142_Gotoh 等 - 2004 - Preparation of transparent alumina film and fiber from a composite of aluminum polynuclear complexm.md,false,none,unknown,,unknown,,unavailable,false,low,,none,,,doi detected: 10.1016/j.matchemphys.2003.08.026
fiber_process__153_influence_of_processing_parameters_control_on_preparation_ofa80_polycrystalline_alumina_fiber中文,fiber_process,153_Influence of Processing Parameters Control on Preparation ofA80 Polycrystalline Alumina Fiber中文,,工艺参数控制对A80多晶氧化铝纤维制备的影响,G:\paper\Sorted_Database\Fiber_Process\153_Influence of Processing Parameters Control on Preparation ofA80 Polycrystalline Alumina Fiber中文.pdf,data\markdown\fiber_process\153_Influence of Processing Parameters Control on Preparation ofA80 Polycrystalline Alumina Fiber中文.md,true,pdf_text_keyword,unknown,,unknown,,manual_required,true,high,ESI,strong,ESI,,supplementary keyword detected without url
fiber_process__157_jia_等_2023_preparation_of_alumina_ceramic_continuous_fibers_with_inorganic_acidic_aluminum_sol_as_precursor,fiber_process,157_JIA 等 - 2023 - Preparation of alumina ceramic continuous fibers with inorganic acidic aluminum sol as precursor,10.15541/jim20230153,无机酸铝体系氧化铝连续纤维的制备技术研究,G:\paper\Sorted_Database\Fiber_Process\157_JIA 等 - 2023 - Preparation of alumina ceramic continuous fibers with inorganic acidic aluminum sol as precursor.pdf,data\markdown\fiber_process\157_JIA 等 - 2023 - Preparation of alumina ceramic continuous fibers with inorganic acidic aluminum sol as precursor.md,true,markdown_keyword; pdf_text_keyword,markdown_link,https://doi.org/10.15541/jim20230153,unknown,,not_attempted,false,high,ESI; 补充材料,strong,ESI; 补充材料,,supplementary keyword detected with url
fiber_process__158_jing_等_2007_synthesis_of_sub_micro_sized_solid_alpha_alumina_fibers_with_smooth_surfaces_by_sol_gel_method,fiber_process,158_Jing 等 - 2007 - Synthesis of sub-micro-sized solid alpha alumina fibers with smooth surfaces by sol–gel method,,Synthesis of sub-micro-sized solid alpha alumina fibers with smooth surfaces by sol–gel method,G:\paper\Sorted_Database\Fiber_Process\158_Jing 等 - 2007 - Synthesis of sub-micro-sized solid alpha alumina fibers with smooth surfaces by sol–gel method.pdf,data\markdown\fiber_process\158_Jing 等 - 2007 - Synthesis of sub-micro-sized solid alpha alumina fibers with smooth surfaces by sol–gel method.md,true,pdf_text_keyword,markdown_link,http://www.w3.org/1999/02/22-rdf-syntax-ns#',unknown,,not_attempted,false,high,ESI,strong,ESI,,supplementary keyword detected with url
fiber_process__163_kang和gu_2011_dispersion_of_multi_walled_carbon_nanotubes_in_alumina_sol_for_carbon_nanotubealumina_composite_fib,fiber_process,163_Kang和Gu - 2011 - Dispersion of multi-walled carbon nanotubes in alumina sol for carbon nanotubealumina composite fib,10.1080/01932691.2010.497710,Dispersion of Multi-Walled Carbon Nanotubes in Alumina Sol for Carbon Nanotube/Alumina Composite Fiber Preparation,G:\paper\Sorted_Database\Fiber_Process\163_Kang和Gu - 2011 - Dispersion of multi-walled carbon nanotubes in alumina sol for carbon nanotubealumina composite fib.pdf,data\markdown\fiber_process\163_Kang和Gu - 2011 - Dispersion of multi-walled carbon nanotubes in alumina sol for carbon nanotubealumina composite fib.md,false,none,unknown,,unknown,,unavailable,false,low,,none,,,doi detected: 10.1080/01932691.2010.497710; general url present without supplementary keyword
fiber_process__164_kang和gu_2011_sol_gel_synthesis_of_multi_walled_carbon_nanotubes_reinforced_alumina_silica_fibers,fiber_process,164_Kang和Gu - 2011 - Sol-gel synthesis of multi-walled carbon nanotubes reinforced alumina-silica fibers,10.1080/00222348.2010.516708,Sol-Gel Synthesis of Multi-Walled Carbon Nanotubes Reinforced Alumina-Silica Fibers,G:\paper\Sorted_Database\Fiber_Process\164_Kang和Gu - 2011 - Sol-gel synthesis of multi-walled carbon nanotubes reinforced alumina-silica fibers.pdf,data\markdown\fiber_process\164_Kang和Gu - 2011 - Sol-gel synthesis of multi-walled carbon nanotubes reinforced alumina-silica fibers.md,true,pdf_text_keyword,markdown_link,https://doi.org/10.1080/00222348.2010.516708,unknown,,not_attempted,false,high,ESI,strong,ESI,,supplementary keyword detected with url
fiber_process__165_kebbede和carim_1998_influence_of_process_variations_on_microstructure_in_doped_sol_gel_derived_α_alumina,fiber_process,165_Kebbede和Carim - 1998 - Influence of process variations on microstructure in doped sol–gel derived α-alumina,,Influence of process variations on microstructure in doped sol–gel derived α -alumina,G:\paper\Sorted_Database\Fiber_Process\165_Kebbede和Carim - 1998 - Influence of process variations on microstructure in doped sol–gel derived α-alumina.pdf,data\markdown\fiber_process\165_Kebbede和Carim - 1998 - Influence of process variations on microstructure in doped sol–gel derived α-alumina.md,false,none,unknown,,unknown,,unavailable,false,low,,none,,,
fiber_process__174_kuiry_等_2005_solution_based_chemical_synthesis_of_boehmite_nanofibers_and_alumina_nanorods,fiber_process,174_Kuiry 等 - 2005 - Solution-based chemical synthesis of boehmite nanofibers and alumina nanorods,,Solution-Based Chemical Synthesis of Boehmite Nanofibers and Alumina Nanorods,G:\paper\Sorted_Database\Fiber_Process\174_Kuiry 等 - 2005 - Solution-based chemical synthesis of boehmite nanofibers and alumina nanorods.pdf,data\markdown\fiber_process\174_Kuiry 等 - 2005 - Solution-based chemical synthesis of boehmite nanofibers and alumina nanorods.md,false,none,unknown,,unknown,,unavailable,false,low,,none,,,
fiber_process__184_li_等_2009_preparation_microstructure_and_properties_of_yttrium_aluminum_garnet_fibers_prepared_by_sol_gel_met,fiber_process,"184_Li 等 - 2009 - Preparation, microstructure and properties of yttrium aluminum garnet fibers prepared by sol–gel met",10.1016/j.matchemphys.2008.07.025)/S,Materials science communication,"G:\paper\Sorted_Database\Fiber_Process\184_Li 等 - 2009 - Preparation, microstructure and properties of yttrium aluminum garnet fibers prepared by sol–gel met.pdf","data\markdown\fiber_process\184_Li 等 - 2009 - Preparation, microstructure and properties of yttrium aluminum garnet fibers prepared by sol–gel met.md",false,none,unknown,,unknown,,unavailable,false,low,,none,,,doi detected: 10.1016/j.matchemphys.2008.07.025)/S; general url present without supplementary keyword
fiber_process__189_li_等_2021_research_progress_of_ultrafine_alumina_fiber_prepared_by_sol_gel_method_a_review,fiber_process,189_Li 等 - 2021 - Research progress of ultrafine alumina fiber prepared by sol-gel method A review,10.1016/j.cej.2020.127744,Journal Pre-proofs,G:\paper\Sorted_Database\Fiber_Process\189_Li 等 - 2021 - Research progress of ultrafine alumina fiber prepared by sol-gel method A review.pdf,data\markdown\fiber_process\189_Li 等 - 2021 - Research progress of ultrafine alumina fiber prepared by sol-gel method A review.md,true,pdf_text_keyword,markdown_link,https://doi.org/10.1016/j.cej.2020.127744,unknown,,not_attempted,false,high,ESI,strong,ESI,,supplementary keyword detected with url
fiber_process__193_liu_等_2019_preparation_of_alumina_precursor_sols_with_a_high_solid_content_for_alumina_fibers,fiber_process,193_Liu 等 - 2019 - Preparation of alumina precursor sols with a high solid content for alumina fibers,10.1002/9783527627219.ch7,PAPER,G:\paper\Sorted_Database\Fiber_Process\193_Liu 等 - 2019 - Preparation of alumina precursor sols with a high solid content for alumina fibers.pdf,data\markdown\fiber_process\193_Liu 等 - 2019 - Preparation of alumina precursor sols with a high solid content for alumina fibers.md,true,pdf_text_keyword,markdown_link,https://orcid.org/0000-0002-9817-509X,unknown,,not_attempted,false,high,ESI,strong,ESI,,supplementary keyword detected with url
fiber_process__194_liu_等_2020_preparation_of_continuous_alumina_fiber_with_nano_grains_by_the_addition_of_iron_sol,fiber_process,194_Liu 等 - 2020 - Preparation of continuous alumina fiber with nano grains by the addition of iron sol,10.3390/ma13235442,Article,G:\paper\Sorted_Database\Fiber_Process\194_Liu 等 - 2020 - Preparation of continuous alumina fiber with nano grains by the addition of iron sol.pdf,data\markdown\fiber_process\194_Liu 等 - 2020 - Preparation of continuous alumina fiber with nano grains by the addition of iron sol.md,false,none,unknown,,unknown,,unavailable,false,low,,none,,,doi detected: 10.3390/ma13235442; general url present without supplementary keyword
fiber_process__195_liu_等_2023_effect_of_the_alumina_and_silica_source_mixing_procedure_on_the_microstructural_evolution_of_alumina,fiber_process,195_Liu 等 - 2023 - Effect of the alumina and silica source mixing procedure on the microstructural evolution of alumina,10.1007/s10971-023-06227-2,"ORIGINAL PAPER: NANO-STRUCTURED MATERIALS (PARTICLES, FIBERS, COLLOIDS, COMPOSITES, ETC.)",G:\paper\Sorted_Database\Fiber_Process\195_Liu 等 - 2023 - Effect of the alumina and silica source mixing procedure on the microstructural evolution of alumina.pdf,data\markdown\fiber_process\195_Liu 等 - 2023 - Effect of the alumina and silica source mixing procedure on the microstructural evolution of alumina.md,true,pdf_text_keyword,markdown_link,http://crossmark.crossref.org/dialog/?doi=10.1007/s10971-023-06227-2&domain=pdf,unknown,,not_attempted,false,high,ESI,strong,ESI,,supplementary keyword detected with url
fiber_process__196_liu_等_2023_removal_of_hydroxyl_groups_and_its_influence_on_the_microstructures_evolution_of_alumina_mullite_fib,fiber_process,196_Liu 等 - 2023 - Removal of hydroxyl groups and its influence on the microstructures evolution of alumina-mullite fib,10.1016/j.ceramint.2023.02.212,Removal of hydroxyl groups and its influence on the microstructures evolution of alumina-mullite fibers fabricated by sol-gel process,G:\paper\Sorted_Database\Fiber_Process\196_Liu 等 - 2023 - Removal of hydroxyl groups and its influence on the microstructures evolution of alumina-mullite fib.pdf,data\markdown\fiber_process\196_Liu 等 - 2023 - Removal of hydroxyl groups and its influence on the microstructures evolution of alumina-mullite fib.md,true,pdf_text_keyword,markdown_link,https://www.elsevier.com/locate/ceramint,unknown,,not_attempted,false,high,ESI,strong,ESI,,supplementary keyword detected with url
fiber_process__199_ma_2018_preparation_and_grain_growth_of_magnesia_alumina_spinelyttrium_aluminum_garnet_composite_fibers,fiber_process,199_Ma - 2018 - Preparation and grain-growth of magnesia-alumina spinelyttrium aluminum garnet composite fibers,10.1016/j.matchemphys.2008.07.025,PREPARATION AND GRAIN-GROWTH OF MAGNESIA-ALUMINA SPINEL/YTTRIUM ALUMINUM GARNET COMPOSITE FIBERS,G:\paper\Sorted_Database\Fiber_Process\199_Ma - 2018 - Preparation and grain-growth of magnesia-alumina spinelyttrium aluminum garnet composite fibers.pdf,data\markdown\fiber_process\199_Ma - 2018 - Preparation and grain-growth of magnesia-alumina spinelyttrium aluminum garnet composite fibers.md,false,none,unknown,,unknown,,unavailable,false,low,,none,,,doi detected: 10.1016/j.matchemphys.2008.07.025; general url present without supplementary keyword
fiber_process__200_ma_等_2016_preparation_and_crystal_activation_energy_of_long_yttrium_aluminum_garnet_gel_fibers,fiber_process,200_Ma 等 - 2016 - Preparation and crystal activation energy of long yttrium aluminum garnet gel fibers,10.1007/s10971-016-4063-7,"ORIGINAL PAPER: SOL-GEL, HYBRIDS AND SOLUTION CHEMISTRIES",G:\paper\Sorted_Database\Fiber_Process\200_Ma 等 - 2016 - Preparation and crystal activation energy of long yttrium aluminum garnet gel fibers.pdf,data\markdown\fiber_process\200_Ma 等 - 2016 - Preparation and crystal activation energy of long yttrium aluminum garnet gel fibers.md,true,pdf_text_keyword,markdown_link,http://crossmark.crossref.org/dialog/?doi=10.1007/s10971-016-4063-7&amp;domain=pdf,unknown,,not_attempted,false,high,ESI,strong,ESI,,supplementary keyword detected with url; online version
fiber_process__201_ma_等_2017_preparation_and_grain_growth_of_chromia_yttrium_aluminum_garnet_composites_fibers_by_sol_gel_method,fiber_process,201_Ma 等 - 2017 - Preparation and grain-growth of chromia-yttrium aluminum garnet composites fibers by sol–gel method,10.1007/s10971-017-4410-3,Preparation and grain-growth of chromia-yttrium aluminum garnet composites fibers by sol–gel method,G:\paper\Sorted_Database\Fiber_Process\201_Ma 等 - 2017 - Preparation and grain-growth of chromia-yttrium aluminum garnet composites fibers by sol–gel method.pdf,data\markdown\fiber_process\201_Ma 等 - 2017 - Preparation and grain-growth of chromia-yttrium aluminum garnet composites fibers by sol–gel method.md,false,none,unknown,,unknown,,unavailable,false,low,,none,,,non-supplementary weak phrases present; doi detected: 10.1007/s10971-017-4410-3; general url present without supplementary keyword; online version
fiber_process__204_mahapatra_等_2011_synthesis_of_ultra_fine_α_al2o3_fibers_via_electrospinning_method,fiber_process,204_Mahapatra 等 - 2011 - Synthesis of ultra-fine α-Al2O3 fibers via electrospinning method,10.1016/j.ceramint.2011.03.028)/S,Synthesis of ultra-fine α-Al2O3 fibers via electrospinning method,G:\paper\Sorted_Database\Fiber_Process\204_Mahapatra 等 - 2011 - Synthesis of ultra-fine α-Al2O3 fibers via electrospinning method.pdf,data\markdown\fiber_process\204_Mahapatra 等 - 2011 - Synthesis of ultra-fine α-Al2O3 fibers via electrospinning method.md,false,none,unknown,,unknown,,unavailable,false,low,,none,,,non-supplementary weak phrases present; doi detected: 10.1016/j.ceramint.2011.03.028)/S; general url present without supplementary keyword; available online
fiber_process__205_mahmoodi和alinejad_2010_fast_and_facile_synthesis_of_boehmite_nanofibers,fiber_process,205_Mahmoodi和Alinejad - 2010 - Fast and facile synthesis of boehmite nanofibers,10.1016/j.powtec.2010.01.019)/S/URI,Fast and facile synthesis of boehmite nanofibers,G:\paper\Sorted_Database\Fiber_Process\205_Mahmoodi和Alinejad - 2010 - Fast and facile synthesis of boehmite nanofibers.pdf,data\markdown\fiber_process\205_Mahmoodi和Alinejad - 2010 - Fast and facile synthesis of boehmite nanofibers.md,false,none,unknown,,unknown,,unavailable,false,low,,none,,,non-supplementary weak phrases present; doi detected: 10.1016/j.powtec.2010.01.019)/S/URI; general url present without supplementary keyword; available online
fiber_process__212_milanović_等_2013_preparation_of_low_cost_alumina_nanofibers_via_electrospinning_of_aluminium_chloride_hydroxidepoly,fiber_process,212_Milanović 等 - 2013 - Preparation of low cost alumina nanofibers via electrospinning of aluminium chloride hydroxidepoly,10.1016/j.ceramint.2012.07.062)/S/URI,Short communication,G:\paper\Sorted_Database\Fiber_Process\212_Milanović 等 - 2013 - Preparation of low cost alumina nanofibers via electrospinning of aluminium chloride hydroxidepoly.pdf,data\markdown\fiber_process\212_Milanović 等 - 2013 - Preparation of low cost alumina nanofibers via electrospinning of aluminium chloride hydroxidepoly.md,false,none,unknown,,unknown,,unavailable,false,low,,none,,,non-supplementary weak phrases present; doi detected: 10.1016/j.ceramint.2012.07.062)/S/URI; general url present without supplementary keyword; available online
fiber_process__213_mirjalili_等_2020_the_effect_of_adding_different_amount_of_spinning_additives_on_preparation_of_nano_alumina_fiber,fiber_process,213_Mirjalili 等 - 2020 - The effect of adding different amount of   spinning additives   on preparation of nano alumina fiber,10.22034/jna.005,RESEARCH ARTICLE,G:\paper\Sorted_Database\Fiber_Process\213_Mirjalili 等 - 2020 - The effect of adding different amount of   spinning additives   on preparation of nano alumina fiber.pdf,data\markdown\fiber_process\213_Mirjalili 等 - 2020 - The effect of adding different amount of   spinning additives   on preparation of nano alumina fiber.md,true,pdf_text_keyword,markdown_link,http://www.w3.org/1999/02/22-rdf-syntax-ns#,unknown,,not_attempted,false,high,ESI,strong,ESI,,supplementary keyword detected with url
fiber_process__219_natarajan和bhargava_2018_influence_of_spinning_parameters_on_synthesis_of_alumina_fibres_by_centrifugal_spinning,fiber_process,219_Natarajan和Bhargava - 2018 - Influence of spinning parameters on synthesis of alumina fibres by centrifugal spinning,10.1016/j.ceramint.2018.03.239,Influence of spinning parameters on synthesis of alumina fibres by centrifugal spinning,G:\paper\Sorted_Database\Fiber_Process\219_Natarajan和Bhargava - 2018 - Influence of spinning parameters on synthesis of alumina fibres by centrifugal spinning.pdf,data\markdown\fiber_process\219_Natarajan和Bhargava - 2018 - Influence of spinning parameters on synthesis of alumina fibres by centrifugal spinning.md,true,pdf_text_keyword,markdown_link,http://en.ceramicfoam.com.cn/Public/Uploads/519acdfd26302.pdf,pdf,,not_attempted,false,high,ESI,strong,ESI,,supplementary keyword detected with url
fiber_process__224_okada_等_2000_sol_gel_synthesis_of_yagal2o3_long_fibres_from_water_solvent_systems,fiber_process,224_Okada 等 - 2000 - Sol–gel synthesis of YAGAl2O3 long fibres from water solvent systems,,Sol–gel synthesis of YAG/Al2O3 long fibres from water solvent systems,G:\paper\Sorted_Database\Fiber_Process\224_Okada 等 - 2000 - Sol–gel synthesis of YAGAl2O3 long fibres from water solvent systems.pdf,data\markdown\fiber_process\224_Okada 等 - 2000 - Sol–gel synthesis of YAGAl2O3 long fibres from water solvent systems.md,false,none,unknown,,unknown,,unavailable,false,low,,none,,,
fiber_process__234_pfeifer_等_2016_synthesis_of_zirconia_toughened_alumina_zta_fibers_for_high_performance_materials,fiber_process,234_Pfeifer 等 - 2016 - Synthesis of zirconia toughened alumina (ZTA) fibers for high performance materials,10.1016/j.jeurceramsoc.2015.10.028,Synthesis of zirconia toughened alumina (ZTA) fibers for high performance materials,G:\paper\Sorted_Database\Fiber_Process\234_Pfeifer 等 - 2016 - Synthesis of zirconia toughened alumina (ZTA) fibers for high performance materials.pdf,data\markdown\fiber_process\234_Pfeifer 等 - 2016 - Synthesis of zirconia toughened alumina (ZTA) fibers for high performance materials.md,true,pdf_text_keyword,markdown_link,http://www.bce-special-ceramics.de/hochleistungskeramik/vergleich/,unknown,,not_attempted,false,high,ESI,strong,ESI,,supplementary keyword detected with url; available online
fiber_process__241_preparation_of_new_polycrystalline_yttrium_aluminium_garnet_fibersby_the_sol_gel_method,fiber_process,241_Preparation of New Polycrystalline Yttrium Aluminium Garnet Fibersby the Sol-Gel Method,,文章编号: 1000-324X(2002)03-0566-05,G:\paper\Sorted_Database\Fiber_Process\241_Preparation of New Polycrystalline Yttrium Aluminium Garnet Fibersby the Sol-Gel Method.pdf,data\markdown\fiber_process\241_Preparation of New Polycrystalline Yttrium Aluminium Garnet Fibersby the Sol-Gel Method.md,false,none,unknown,,unknown,,unavailable,false,low,,none,,,
fiber_process__243_preparation_of_yttrium_aluminum_garnet_fibers_by_t,fiber_process,243_Preparation_of_yttrium_aluminum_garnet_fibers_by_t,,PREPARATION OF YTTRIUM ALUMINUM GARNET FIBERS BY THE SOL-GEL METHOD,G:\paper\Sorted_Database\Fiber_Process\243_Preparation_of_yttrium_aluminum_garnet_fibers_by_t.pdf,data\markdown\fiber_process\243_Preparation_of_yttrium_aluminum_garnet_fibers_by_t.md,false,none,unknown,,unknown,,unavailable,false,low,,none,,,general url present without supplementary keyword
fiber_process__246_qiu_等_2016_preparation_of_polycrystalline_high_temperature_refractory_mullite_fibers_via_precursor_method,fiber_process,246_QIU 等 - 2016 - Preparation of polycrystalline high temperature refractory mullite fibers via precursor method,,Preparation of polycrystalline high temperature refractory mullite fibers via precursor method,G:\paper\Sorted_Database\Fiber_Process\246_QIU 等 - 2016 - Preparation of polycrystalline high temperature refractory mullite fibers via precursor method.pdf,data\markdown\fiber_process\246_QIU 等 - 2016 - Preparation of polycrystalline high temperature refractory mullite fibers via precursor method.md,false,none,unknown,,unknown,,unavailable,false,low,,none,,,
fiber_process__249_refractory_oxides_containing_barium_and_aluminium,fiber_process,249_Refractory oxides containing barium and aluminium,,Refractory oxides containing barium,G:\paper\Sorted_Database\Fiber_Process\249_Refractory oxides containing barium and aluminium.pdf,data\markdown\fiber_process\249_Refractory oxides containing barium and aluminium.md,true,pdf_text_keyword,unknown,,unknown,,manual_required,true,high,ESI,strong,ESI,,supplementary keyword detected without url
fiber_process__270_sohrabi_kashani_等_2025_cost_effective_fabrication_of_mesoporous_alumina_nanofibers_via_electrospinning_enhanced_ceramic_to,fiber_process,270_Sohrabi-Kashani 等 - 2025 - Cost-effective fabrication of mesoporous alumina nanofibers via electrospinning Enhanced ceramic-to,10.1016/j.ceramint.2025.01.550,Cost-effective fabrication of mesoporous alumina nanofibers via electrospinning: Enhanced ceramic-to-polymer ratio,G:\paper\Sorted_Database\Fiber_Process\270_Sohrabi-Kashani 等 - 2025 - Cost-effective fabrication of mesoporous alumina nanofibers via electrospinning Enhanced ceramic-to.pdf,data\markdown\fiber_process\270_Sohrabi-Kashani 等 - 2025 - Cost-effective fabrication of mesoporous alumina nanofibers via electrospinning Enhanced ceramic-to.md,true,markdown_keyword; pdf_text_keyword,markdown_link,https://doi.org/10.1016/j.ceramint.2025.01.550,unknown,,not_attempted,false,high,ESI; Supplementary Data,strong,ESI; Supplementary Data,,supplementary keyword detected with url; Appendix
fiber_process__271_sol_gel_processing_of_alumina_zirconia_fibers,fiber_process,271_Sol-gel processing of alumina-zirconia fibers,10.1016/j.jmatprotec.2005.11.030,Sol–gel processing of alumina fibres,G:\paper\Sorted_Database\Fiber_Process\271_Sol-gel processing of alumina-zirconia fibers.pdf,data\markdown\fiber_process\271_Sol-gel processing of alumina-zirconia fibers.md,false,none,unknown,,unknown,,unavailable,false,low,,none,,,doi detected: 10.1016/j.jmatprotec.2005.11.030; general url present without supplementary keyword
fiber_process__272_song_1998_preparation_of_mullite_fibers_by_the_sol_gel_method,fiber_process,272_Song - 1998 - Preparation of mullite fibers by the sol-gel method,,Preparation of Mullite Fibers by the Sol-Gel Method,G:\paper\Sorted_Database\Fiber_Process\272_Song - 1998 - Preparation of mullite fibers by the sol-gel method.pdf,data\markdown\fiber_process\272_Song - 1998 - Preparation of mullite fibers by the sol-gel method.md,false,none,unknown,,unknown,,unavailable,false,low,,none,,,
fiber_process__273_song_1998_preparation_of_mullite_fibers_from_aluminum_isopropoxide_aluminum_nitrate_tetraethylorthosilicate_so,fiber_process,273_Song - 1998 - Preparation of mullite fibers from aluminum isopropoxide–aluminum nitrate–tetraethylorthosilicate so,,Preparation of mullite fibers from aluminum isopropoxide–aluminum nitrate–tetraethylorthosilicate solutions by sol–gel method,G:\paper\Sorted_Database\Fiber_Process\273_Song - 1998 - Preparation of mullite fibers from aluminum isopropoxide–aluminum nitrate–tetraethylorthosilicate so.pdf,data\markdown\fiber_process\273_Song - 1998 - Preparation of mullite fibers from aluminum isopropoxide–aluminum nitrate–tetraethylorthosilicate so.md,false,none,unknown,,unknown,,unavailable,false,low,,none,,,
fiber_process__274_song_等_1999_preparation_of_alumina_fibers_from_aluminum_salts_by_the_sol_gel_method,fiber_process,274_Song 等 - 1999 - Preparation of alumina fibers from aluminum salts by the sol-gel method,,PREPARATION OF ALUMINA FIBERS FROM ALUMINUM SALTS BY THE SOL-GEL METHOD,G:\paper\Sorted_Database\Fiber_Process\274_Song 等 - 1999 - Preparation of alumina fibers from aluminum salts by the sol-gel method.pdf,data\markdown\fiber_process\274_Song 等 - 1999 - Preparation of alumina fibers from aluminum salts by the sol-gel method.md,true,pdf_text_keyword,unknown,,unknown,,manual_required,true,high,ESI,strong,ESI,,supplementary keyword detected without url
fiber_process__275_starbov_等_2012_an_experimental_approach_for_synthesis_of_fe_al_o_multiferroic_fibrous_material,fiber_process,275_Starbov 等 - 2012 - An experimental approach for synthesis of fe-al-O multiferroic fibrous material,10.1088/1742-6596/398/1/012050,OPEN ACCESS,G:\paper\Sorted_Database\Fiber_Process\275_Starbov 等 - 2012 - An experimental approach for synthesis of fe-al-O multiferroic fibrous material.pdf,data\markdown\fiber_process\275_Starbov 等 - 2012 - An experimental approach for synthesis of fe-al-O multiferroic fibrous material.md,true,pdf_text_keyword,markdown_link,https://doi.org/10.1088/1742-6596/398/1/012050,unknown,,not_attempted,false,high,ESI,strong,ESI,,supplementary keyword detected with url
fiber_process__279_tan_2011_mullite_fibre_preparation_by_extrusion_method_using_alumina_sol_as_binder,fiber_process,279_Tan - 2011 - Mullite fibre preparation by extrusion method using alumina sol as binder,10.1179/175355510X12856832934188,Mullite fibre preparation by extrusion method using alumina sol as binder,G:\paper\Sorted_Database\Fiber_Process\279_Tan - 2011 - Mullite fibre preparation by extrusion method using alumina sol as binder.pdf,data\markdown\fiber_process\279_Tan - 2011 - Mullite fibre preparation by extrusion method using alumina sol as binder.md,false,none,unknown,,unknown,,unavailable,false,low,,none,,,doi detected: 10.1179/175355510X12856832934188; general url present without supplementary keyword
fiber_process__280_tan_2011_preparation_of_long_alumina_fibers_by_sol_gel_method_using_tartaric_acid,fiber_process,280_Tan - 2011 - Preparation of long alumina fibers by sol-gel method using tartaric acid,,Preparation of long alumina fibers by sol-gel method using tartaric acid,G:\paper\Sorted_Database\Fiber_Process\280_Tan - 2011 - Preparation of long alumina fibers by sol-gel method using tartaric acid.pdf,data\markdown\fiber_process\280_Tan - 2011 - Preparation of long alumina fibers by sol-gel method using tartaric acid.md,false,none,unknown,,unknown,,unavailable,false,low,,none,,,general url present without supplementary keyword
fiber_process__281_tan_等_2010_mullite_fibres_preparation_by_aqueous_sol_gel_process_and_activation_energy_of_mullitization,fiber_process,281_Tan 等 - 2010 - Mullite fibres preparation by aqueous sol–gel process and activation energy of mullitization,10.1016/j.jallcom.2009.11.118)/S,Mullite fibres preparation by aqueous sol–gel process and activation energy of mullitization,G:\paper\Sorted_Database\Fiber_Process\281_Tan 等 - 2010 - Mullite fibres preparation by aqueous sol–gel process and activation energy of mullitization.pdf,data\markdown\fiber_process\281_Tan 等 - 2010 - Mullite fibres preparation by aqueous sol–gel process and activation energy of mullitization.md,true,pdf_text_keyword,markdown_link,http://www.sciencedirect.com/science/journal/09258388)/S,unknown,,not_attempted,false,high,ESI,strong,ESI,,supplementary keyword detected with url; available online
fiber_process__282_tan_等_2011_preparation_of_mullite_fibers_by_sol_gel_process_and_study_of_their_morphology,fiber_process,282_Tan 等 - 2011 - Preparation of mullite fibers by sol-gel process and study of their morphology,10.1080/10426914.2011.568570,Preparation of Mullite Fibers by Sol-Gel Process and Study of Their Morphology,G:\paper\Sorted_Database\Fiber_Process\282_Tan 等 - 2011 - Preparation of mullite fibers by sol-gel process and study of their morphology.pdf,data\markdown\fiber_process\282_Tan 等 - 2011 - Preparation of mullite fibers by sol-gel process and study of their morphology.md,false,none,unknown,,unknown,,unavailable,false,low,,none,,,doi detected: 10.1080/10426914.2011.568570; general url present without supplementary keyword
fiber_process__283_tan_等_2011_preparation_of_mullite_fibres_by_sol_gel_processes_using_aluminium_carboxylates_and_tetraethylorthos,fiber_process,283_Tan 等 - 2011 - Preparation of mullite fibres by sol–gel processes using aluminium carboxylates and tetraethylorthos,10.1179/026708309X12526555493396,Preparation of mullite fibres by sol–gel processes using aluminium carboxylates and tetraethylorthosilicate,G:\paper\Sorted_Database\Fiber_Process\283_Tan 等 - 2011 - Preparation of mullite fibres by sol–gel processes using aluminium carboxylates and tetraethylorthos.pdf,data\markdown\fiber_process\283_Tan 等 - 2011 - Preparation of mullite fibres by sol–gel processes using aluminium carboxylates and tetraethylorthos.md,false,none,unknown,,unknown,,unavailable,false,low,,none,,,doi detected: 10.1179/026708309X12526555493396; general url present without supplementary keyword
fiber_process__284_tan_等_2012_activation_energy_for_mullitization_of_gel_fibres_obtained_from_aluminum_isopropoxide,fiber_process,284_TAN 等 - 2012 - Activation energy for mullitization of gel fibres obtained from aluminum isopropoxide,,Activation energy for mullitization of gel fibres obtained from aluminum isopropoxide,G:\paper\Sorted_Database\Fiber_Process\284_TAN 等 - 2012 - Activation energy for mullitization of gel fibres obtained from aluminum isopropoxide.pdf,data\markdown\fiber_process\284_TAN 等 - 2012 - Activation energy for mullitization of gel fibres obtained from aluminum isopropoxide.md,false,none,unknown,,unknown,,unavailable,false,low,,none,,,general url present without supplementary keyword
fiber_process__285_tan_等_2013_preparation_of_continuous_alumina_gel_fibres_by_aqueous_sol_gel_process,fiber_process,285_TAN 等 - 2013 - Preparation of continuous alumina gel fibres by aqueous sol–gel process,,Preparation of continuous alumina gel fibres by aqueous sol–gel process,G:\paper\Sorted_Database\Fiber_Process\285_TAN 等 - 2013 - Preparation of continuous alumina gel fibres by aqueous sol–gel process.pdf,data\markdown\fiber_process\285_TAN 等 - 2013 - Preparation of continuous alumina gel fibres by aqueous sol–gel process.md,false,none,unknown,,unknown,,unavailable,false,low,,none,,,general url present without supplementary keyword
fiber_process__287_tang和yu_2015_electrospinning_preparation_and_characterization_of_alumina_nanofibers_with_high_aspect_ratio,fiber_process,287_Tang和Yu - 2015 - Electrospinning preparation and characterization of alumina nanofibers with high aspect ratio,10.1016/j.ceramint.2015.04.157,Author's Accepted Manuscript,G:\paper\Sorted_Database\Fiber_Process\287_Tang和Yu - 2015 - Electrospinning preparation and characterization of alumina nanofibers with high aspect ratio.pdf,data\markdown\fiber_process\287_Tang和Yu - 2015 - Electrospinning preparation and characterization of alumina nanofibers with high aspect ratio.md,false,none,unknown,,unknown,,unavailable,false,low,,none,,,doi detected: 10.1016/j.ceramint.2015.04.157; general url present without supplementary keyword
fiber_process__288_tan和guo_2011_preparation_of_long_alumina_fibers_by_sol_gel_method_using_malic_acid,fiber_process,288_TAN和GUO - 2011 - Preparation of long alumina fibers by sol-gel method using malic acid,10.1016/S1003-6326(11)60897-2,Preparation of long alumina fibers by sol-gel method using malic acid,G:\paper\Sorted_Database\Fiber_Process\288_TAN和GUO - 2011 - Preparation of long alumina fibers by sol-gel method using malic acid.pdf,data\markdown\fiber_process\288_TAN和GUO - 2011 - Preparation of long alumina fibers by sol-gel method using malic acid.md,false,none,unknown,,unknown,,unavailable,false,low,,none,,,doi detected: 10.1016/S1003-6326(11)60897-2; general url present without supplementary keyword
fiber_process__289_teoh_等_2007_synthesis_and_characterization_of_sol_gel_alumina_nanofibers,fiber_process,289_Teoh 等 - 2007 - Synthesis and characterization of sol–gel alumina nanofibers,,Synthesis and characterization of sol-gel alumina nanofibers,G:\paper\Sorted_Database\Fiber_Process\289_Teoh 等 - 2007 - Synthesis and characterization of sol–gel alumina nanofibers.pdf,data\markdown\fiber_process\289_Teoh 等 - 2007 - Synthesis and characterization of sol–gel alumina nanofibers.md,true,pdf_text_keyword,markdown_link,http://www.argonide.com,unknown,,not_attempted,false,high,ESI,strong,ESI,,supplementary keyword detected with url
fiber_process__290_the_effect_of_adding_different_amount_of_spinning_additives_on,fiber_process,290_The effect of adding different amount of spinning additives on,10.22034/jna.005,RESEARCH ARTICLE,G:\paper\Sorted_Database\Fiber_Process\290_The effect of adding different amount of spinning additives on.pdf,data\markdown\fiber_process\290_The effect of adding different amount of spinning additives on.md,true,pdf_text_keyword,markdown_link,http://www.w3.org/1999/02/22-rdf-syntax-ns#,unknown,,not_attempted,false,high,ESI,strong,ESI,,supplementary keyword detected with url
fiber_process__293_towata_等_2001_preparation_of_polycrystalline_yagalumina_composite_fibers_and_yag_fiber_by_sol_gel_method,fiber_process,293_Towata 等 - 2001 - Preparation of polycrystalline YAGalumina composite fibers and YAG fiber by sol–gel method,,Preparation of polycrystalline YAG/alumina composite fibers and YAG fiber by sol–gel method,G:\paper\Sorted_Database\Fiber_Process\293_Towata 等 - 2001 - Preparation of polycrystalline YAGalumina composite fibers and YAG fiber by sol–gel method.pdf,data\markdown\fiber_process\293_Towata 等 - 2001 - Preparation of polycrystalline YAGalumina composite fibers and YAG fiber by sol–gel method.md,false,none,unknown,,unknown,,unavailable,false,low,,none,,,
fiber_process__298_urvanov_等_2021_preparation_of_composite_threads_and_hollow_ceramic_fibers_based_on_carbon_fibre_and_aluminum_oxide,fiber_process,298_Urvanov 等 - 2021 - Preparation of composite threads and hollow ceramic fibers based on carbon fibre and aluminum oxide,10.1016/j.jaap.2011.10.001,ПОЛУЧЕНИЕ КОМПОЗИЦИОННЫХ НИТЕЙ И ПОЛЫХ КЕРАМИЧЕСКИХ ВОЛОКОН НА ОСНОВЕ УГЛЕРОДНОГО ВОЛОКНА И ОКСИДА АЛЮМИНИЯ,G:\paper\Sorted_Database\Fiber_Process\298_Urvanov 等 - 2021 - Preparation of composite threads and hollow ceramic fibers based on carbon fibre and aluminum oxide.pdf,data\markdown\fiber_process\298_Urvanov 等 - 2021 - Preparation of composite threads and hollow ceramic fibers based on carbon fibre and aluminum oxide.md,false,none,unknown,,unknown,,unavailable,false,low,,none,,,doi detected: 10.1016/j.jaap.2011.10.001
fiber_process__299_venkatesh_等_1999_preparation_of_alumina_fibre_mats_by_a_sol_gel_spinning_technique,fiber_process,299_Venkatesh 等 - 1999 - Preparation of alumina fibre mats by a sol–gel spinning technique,,Preparation of alumina fibre mats by a sol–gel spinning technique,G:\paper\Sorted_Database\Fiber_Process\299_Venkatesh 等 - 1999 - Preparation of alumina fibre mats by a sol–gel spinning technique.pdf,data\markdown\fiber_process\299_Venkatesh 等 - 1999 - Preparation of alumina fibre mats by a sol–gel spinning technique.md,false,none,unknown,,unknown,,unavailable,false,low,,none,,,
fiber_process__300_venkatesh和ramanan_2002_influence_of_processing_variables_on_the_microstructure_of_sol_gel_spun_alumina_fibres,fiber_process,300_Venkatesh和Ramanan - 2002 - Influence of processing variables on the microstructure of sol–gel spun alumina fibres,,Influence of processing variables on the microstructure of sol–gel spun alumina fibres,G:\paper\Sorted_Database\Fiber_Process\300_Venkatesh和Ramanan - 2002 - Influence of processing variables on the microstructure of sol–gel spun alumina fibres.pdf,data\markdown\fiber_process\300_Venkatesh和Ramanan - 2002 - Influence of processing variables on the microstructure of sol–gel spun alumina fibres.md,false,none,unknown,,unknown,,unavailable,false,low,,none,,,
fiber_process__304_wang_等_2007_a_novel_sol_gel_synthetic_route_to_alumina_nanofibers_via_aluminum_nitrate_and_hexamethylenetetramin,fiber_process,304_Wang 等 - 2007 - A novel sol–gel synthetic route to alumina nanofibers via aluminum nitrate and hexamethylenetetramin,10.1016/j.matlet.2004.07.068)/S,A novel sol–gel synthetic route to alumina nanofibers via aluminum nitrate and hexamethylenetetramine,G:\paper\Sorted_Database\Fiber_Process\304_Wang 等 - 2007 - A novel sol–gel synthetic route to alumina nanofibers via aluminum nitrate and hexamethylenetetramin.pdf,data\markdown\fiber_process\304_Wang 等 - 2007 - A novel sol–gel synthetic route to alumina nanofibers via aluminum nitrate and hexamethylenetetramin.md,true,pdf_text_keyword,markdown_link,http://dx.doi.org/10.1016/j.matlet.2004.07.068)/S,unknown,,not_attempted,false,high,ESI,strong,ESI,,supplementary keyword detected with url; available online
fiber_process__309_xie_等_2019_preparation_mechanical_properties_and_diffuse_reflectance_of_yag_continuous_fibers_and_nanofibers,fiber_process,"309_Xie 等 - 2019 - Preparation, mechanical properties, and diffuse reflectance of YAG continuous fibers and nanofibers",10.1016/j.ceramint.2019.07.102,"Preparation, mechanical properties, and diffuse reflectance of YAG continuous fibers and nanofibers","G:\paper\Sorted_Database\Fiber_Process\309_Xie 等 - 2019 - Preparation, mechanical properties, and diffuse reflectance of YAG continuous fibers and nanofibers.pdf","data\markdown\fiber_process\309_Xie 等 - 2019 - Preparation, mechanical properties, and diffuse reflectance of YAG continuous fibers and nanofibers.md",true,pdf_text_keyword,markdown_link,http://www.sciencedirect.com/science/journal/02728842,unknown,,not_attempted,false,high,ESI,strong,ESI,,supplementary keyword detected with url
fiber_process__310_xin_等_2024_alumina_fiber_membrane_prepared_by_electrospinning_technology_for_passive_daytime_radiative_cooling,fiber_process,310_Xin 等 - 2024 - Alumina fiber membrane prepared by electrospinning technology for passive daytime radiative cooling,10.1002/adfm.202413813,Alumina Fiber Membrane Prepared by Electrospinning Technology for Passive Daytime Radiative Cooling,G:\paper\Sorted_Database\Fiber_Process\310_Xin 等 - 2024 - Alumina fiber membrane prepared by electrospinning technology for passive daytime radiative cooling.pdf,data\markdown\fiber_process\310_Xin 等 - 2024 - Alumina fiber membrane prepared by electrospinning technology for passive daytime radiative cooling.md,true,markdown_keyword; pdf_text_keyword,markdown_link,https://doi.org/10.1002/adfm.202413813,unknown,,not_attempted,false,high,Supporting Information; Supplementary Material; ESI,strong,Supporting Information; Supplementary Material; ESI,,supplementary keyword detected with url
fiber_process__320_zhang_等_2008_synthesis_and_characterization_of_polyvinyl_butyral_al_no3_3_composite_sol_used_for_alumina_based_fi,fiber_process,320_Zhang 等 - 2008 - Synthesis and characterization of polyvinyl butyral–al(NO3)3 composite sol used for alumina based fi,10.1016/S0955-2219(99)00124-7,Synthesis and characterization of polyvinyl butyral- Al(NO3)3 composite sol used for alumina based fibers,G:\paper\Sorted_Database\Fiber_Process\320_Zhang 等 - 2008 - Synthesis and characterization of polyvinyl butyral–al(NO3)3 composite sol used for alumina based fi.pdf,data\markdown\fiber_process\320_Zhang 等 - 2008 - Synthesis and characterization of polyvinyl butyral–al(NO3)3 composite sol used for alumina based fi.md,false,none,unknown,,unknown,,unavailable,false,low,,none,,,doi detected: 10.1016/S0955-2219(99)00124-7; general url present without supplementary keyword
fiber_process__321_zhang_等_2011_mullite_fibers_prepared_by_sol_gel_method_using_aluminum_chloride_aluminum_isopropoxide_and_tetraeth,fiber_process,321_Zhang 等 - 2011 - Mullite fibers prepared by sol-gel method using aluminum chloride aluminum isopropoxide and tetraeth,10.1080/10426910903124787,Mullite Fibers Prepared by Sol-Gel Method Using Aluminum Chloride Aluminum Isopropoxide and Tetraethylorthosilicate,G:\paper\Sorted_Database\Fiber_Process\321_Zhang 等 - 2011 - Mullite fibers prepared by sol-gel method using aluminum chloride aluminum isopropoxide and tetraeth.pdf,data\markdown\fiber_process\321_Zhang 等 - 2011 - Mullite fibers prepared by sol-gel method using aluminum chloride aluminum isopropoxide and tetraeth.md,false,none,unknown,,unknown,,unavailable,false,low,,none,,,doi detected: 10.1080/10426910903124787; general url present without supplementary keyword
fiber_process__322_zhang_等_2011_synthesis_and_characterisation_of_alumina_fibres_using_organicinorganic_composite_sol,fiber_process,322_Zhang 等 - 2011 - Synthesis and characterisation of alumina fibres using organicinorganic composite sol,10.1179/174328409X439150,Synthesis and characterisation of alumina fibres using organic/inorganic composite sol,G:\paper\Sorted_Database\Fiber_Process\322_Zhang 等 - 2011 - Synthesis and characterisation of alumina fibres using organicinorganic composite sol.pdf,data\markdown\fiber_process\322_Zhang 等 - 2011 - Synthesis and characterisation of alumina fibres using organicinorganic composite sol.md,false,none,unknown,,unknown,,unavailable,false,low,,none,,,doi detected: 10.1179/174328409X439150; general url present without supplementary keyword
fiber_process__323_zhang_等_2013_fabrication_of_electrospun_al2o3_fibers_with_cao_sio2_additive,fiber_process,323_Zhang 等 - 2013 - Fabrication of electrospun Al2O3 fibers with CaO–SiO2 additive,10.1016/j.matlet.2012.09.077)/S/URI,Fabrication of electrospun Al2O3 fibers with CaO–SiO 2 additive,G:\paper\Sorted_Database\Fiber_Process\323_Zhang 等 - 2013 - Fabrication of electrospun Al2O3 fibers with CaO–SiO2 additive.pdf,data\markdown\fiber_process\323_Zhang 等 - 2013 - Fabrication of electrospun Al2O3 fibers with CaO–SiO2 additive.md,false,none,unknown,,unknown,,unavailable,false,low,,none,,,non-supplementary weak phrases present; doi detected: 10.1016/j.matlet.2012.09.077)/S/URI; general url present without supplementary keyword; available online
fiber_process__325_zhang_等_2014_synthesis_and_characterization_of_sol_gel_derived_continuous_spinning_alumina_based_fibers_with_sili,fiber_process,325_Zhang 等 - 2014 - Synthesis and characterization of sol–gel derived continuous spinning alumina based fibers with sili,10.1016/j.jeurceramsoc.2013.08.015,Synthesis and characterization of sol–gel derived continuous spinning alumina based fibers with silica nano-powders,G:\paper\Sorted_Database\Fiber_Process\325_Zhang 等 - 2014 - Synthesis and characterization of sol–gel derived continuous spinning alumina based fibers with sili.pdf,data\markdown\fiber_process\325_Zhang 等 - 2014 - Synthesis and characterization of sol–gel derived continuous spinning alumina based fibers with sili.md,true,pdf_text_keyword,markdown_link,http://crossmark.crossref.org/dialog/?doi=10.1016/j.jeurceramsoc.2013.08.015&domain=pdf,unknown,,not_attempted,false,high,ESI,strong,ESI,,supplementary keyword detected with url; available online
fiber_process__326_zhang_等_2015_preparation_and_characterization_of_continuous_alumina_based_fiber_reinforced_with_orientated_mullit,fiber_process,326_Zhang 等 - 2015 - Preparation and characterization of continuous alumina based fiber reinforced with orientated mullit,10.1016/j.cej.2014.12.101,Accepted Manuscript,G:\paper\Sorted_Database\Fiber_Process\326_Zhang 等 - 2015 - Preparation and characterization of continuous alumina based fiber reinforced with orientated mullit.pdf,data\markdown\fiber_process\326_Zhang 等 - 2015 - Preparation and characterization of continuous alumina based fiber reinforced with orientated mullit.md,true,pdf_text_keyword,markdown_link,http://dx.doi.org/10.1016/j.cej.2014.12.101,unknown,,not_attempted,false,high,ESI,strong,ESI,,supplementary keyword detected with url
fiber_process__327_zhang_等_2016_fabrication_of_flexible_and_amphiphobic_alumina_mats_by_electrospinning,fiber_process,327_Zhang 等 - 2016 - Fabrication of flexible and amphiphobic alumina mats by electrospinning,10.1007/s10971-016-4160-7,"ORIGINAL PAPER: NANO-STRUCTURED MATERIALS (PARTICLES, FIBERS, COLLOIDS, COMPOSITES, ETC.)",G:\paper\Sorted_Database\Fiber_Process\327_Zhang 等 - 2016 - Fabrication of flexible and amphiphobic alumina mats by electrospinning.pdf,data\markdown\fiber_process\327_Zhang 等 - 2016 - Fabrication of flexible and amphiphobic alumina mats by electrospinning.md,false,none,unknown,,unknown,,unavailable,false,low,,none,,,non-supplementary weak phrases present; doi detected: 10.1007/s10971-016-4160-7; general url present without supplementary keyword; online version
fiber_process__336_ádám_等_2023_sol_gel_derived_porous_aluminum_oxide_cryogel_fiber_composite_systems,fiber_process,336_Ádám 等 - 2023 - Sol-gel derived porous aluminum oxide cryogel – fiber composite systems,10.17265/2161-6213/2017.1-2.005,Sol-gel derived porous aluminum oxide cryogel-Fiber composite systems,G:\paper\Sorted_Database\Fiber_Process\336_Ádám 等 - 2023 - Sol-gel derived porous aluminum oxide cryogel – fiber composite systems.pdf,data\markdown\fiber_process\336_Ádám 等 - 2023 - Sol-gel derived porous aluminum oxide cryogel – fiber composite systems.md,true,pdf_text_keyword,markdown_link,https://doi.org/10.17265/2161-6213/2017.1-2.005,unknown,,not_attempted,false,high,ESI,strong,ESI,,supplementary keyword detected with url; available online
fiber_process__337_al_2o_3_sio_2_b_2o_3连续纤维的制备及力学性能_贾玉娜_1,fiber_process,337_Al_2O_3-SiO_2-B_2O_3连续纤维的制备及力学性能_贾玉娜 (1),,Al2O3-SiO2-B2O3 连续纤维的制备及力学性能,G:\paper\Sorted_Database\Fiber_Process\337_Al_2O_3-SiO_2-B_2O_3连续纤维的制备及力学性能_贾玉娜 (1).pdf,data\markdown\fiber_process\337_Al_2O_3-SiO_2-B_2O_3连续纤维的制备及力学性能_贾玉娜 (1).md,false,none,unknown,,unknown,,unavailable,false,low,,none,,,
fiber_process__338_以离子液体为铝源和模板合成氧化铝纳米纤维,fiber_process,338_以离子液体为铝源和模板合成氧化铝纳米纤维,,以离子液体为铝源和模板合成氧化铝纳米纤维,G:\paper\Sorted_Database\Fiber_Process\338_以离子液体为铝源和模板合成氧化铝纳米纤维.pdf,data\markdown\fiber_process\338_以离子液体为铝源和模板合成氧化铝纳米纤维.md,true,pdf_text_keyword,unknown,,unknown,,manual_required,true,high,ESI,strong,ESI,,supplementary keyword detected without url
fiber_process__340_high_temperature_ceramic_matrix_composites_8_2014_zhang_suppression_of_al2o3_formation_from_alumina_gel_fibers_by,fiber_process,340_High Temperature Ceramic Matrix Composites 8 - 2014 - Zhang - Suppression of  ‐Al2O3 Formation from Alumina GEL Fibers by,10.1002/9781118932995)/Title,"Advanced Ceramic Fibers, Interfaces, and Interphases",G:\paper\Sorted_Database\Fiber_Process\340_High Temperature Ceramic Matrix Composites 8 - 2014 - Zhang - Suppression of  ‐Al2O3 Formation from Alumina GEL Fibers by.pdf,data\markdown\fiber_process\340_High Temperature Ceramic Matrix Composites 8 - 2014 - Zhang - Suppression of  ‐Al2O3 Formation from Alumina GEL Fibers by.md,false,none,unknown,,unknown,,unavailable,false,low,,none,,,doi detected: 10.1002/9781118932995)/Title; general url present without supplementary keyword
mechanism__001_al_2o_3_sio_2系透明溶胶的制备及溶胶特性_徐明霞,mechanism,001_Al_2O_3－SiO_2系透明溶胶的制备及溶胶特性_徐明霞,,实验研究,G:\paper\Sorted_Database\Mechanism\001_Al_2O_3－SiO_2系透明溶胶的制备及溶胶特性_徐明霞.pdf,data\markdown\mechanism\001_Al_2O_3－SiO_2系透明溶胶的制备及溶胶特性_徐明霞.md,true,pdf_text_keyword,unknown,,unknown,,manual_required,true,high,ESI,strong,ESI,,supplementary keyword detected without url
mechanism__008_前驱体铝溶胶中的水解和聚合反应的机理研究,mechanism,008_前驱体铝溶胶中的水解和聚合反应的机理研究,,![](G:/paper/Al-gel-sol/alumina_sol_extractor/data/outputs/008_前驱体铝溶胶中的水解和聚合反应的机理研究/figures_all/d7ef19cce29b9fdc86cddae84f5844fa41390b7d1c4dd863956c5f1addc7c50d.jpg),G:\paper\Sorted_Database\Mechanism\008_前驱体铝溶胶中的水解和聚合反应的机理研究.pdf,data\markdown\mechanism\008_前驱体铝溶胶中的水解和聚合反应的机理研究.md,true,pdf_text_keyword,unknown,,unknown,,manual_required,true,high,ESI,strong,ESI,,supplementary keyword detected without url
mechanism__017_小角x射线散射技术对铝_硅及聚合物溶胶_凝胶分形结构的探索,mechanism,017_小角X射线散射技术对铝、硅及聚合物溶胶-凝胶分形结构的探索,,北京工业大学工学硕士学位论文,G:\paper\Sorted_Database\Mechanism\017_小角X射线散射技术对铝、硅及聚合物溶胶-凝胶分形结构的探索.pdf,data\markdown\mechanism\017_小角X射线散射技术对铝、硅及聚合物溶胶-凝胶分形结构的探索.md,true,pdf_text_keyword,markdown_link,http://www.esrf.eu/computing/scientific/FIT2D,unknown,,not_attempted,false,high,ESI,strong,ESI,,supplementary keyword detected with url
mechanism__020_拟薄水铝石中水的存在形式及对其溶胶性能的影响,mechanism,020_拟薄水铝石中水的存在形式及对其溶胶性能的影响,,拟薄水铝石中水的存在形式及对其溶胶性能的影响,G:\paper\Sorted_Database\Mechanism\020_拟薄水铝石中水的存在形式及对其溶胶性能的影响.pdf,data\markdown\mechanism\020_拟薄水铝石中水的存在形式及对其溶胶性能的影响.md,false,none,unknown,,unknown,,unavailable,false,low,,none,,,
mechanism__021_拟薄水铝石溶胶_凝胶过程的影响因素研究,mechanism,021_拟薄水铝石溶胶—凝胶过程的影响因素研究,,·氧化铝 氟化盐·,G:\paper\Sorted_Database\Mechanism\021_拟薄水铝石溶胶—凝胶过程的影响因素研究.pdf,data\markdown\mechanism\021_拟薄水铝石溶胶—凝胶过程的影响因素研究.md,false,none,unknown,,unknown,,unavailable,false,low,,none,,,
mechanism__023_拟薄水铝石胶溶机理的探究,mechanism,023_拟薄水铝石胶溶机理的探究,10.3969/j.issn.1008-1143.2017.12.011,催化剂制备与研究,G:\paper\Sorted_Database\Mechanism\023_拟薄水铝石胶溶机理的探究.pdf,data\markdown\mechanism\023_拟薄水铝石胶溶机理的探究.md,false,none,unknown,,unknown,,unavailable,false,low,,none,,,doi detected: 10.3969/j.issn.1008-1143.2017.12.011
mechanism__024_拟薄水铝石胶溶过程参数及胶团结构,mechanism,024_拟薄水铝石胶溶过程参数及胶团结构,,拟薄水铝石胶溶过程参数及胶团结构,G:\paper\Sorted_Database\Mechanism\024_拟薄水铝石胶溶过程参数及胶团结构.pdf,data\markdown\mechanism\024_拟薄水铝石胶溶过程参数及胶团结构.md,false,none,unknown,,unknown,,unavailable,false,low,,none,,,
mechanism__025_拟薄水铝石胶溶过程研究,mechanism,025_拟薄水铝石胶溶过程研究,10.16553/j.cnki.issn1000-985x.2018.11.029,拟薄水铝石胶溶过程研究,G:\paper\Sorted_Database\Mechanism\025_拟薄水铝石胶溶过程研究.pdf,data\markdown\mechanism\025_拟薄水铝石胶溶过程研究.md,false,none,unknown,,unknown,,unavailable,false,low,,none,,,doi detected: 10.16553/j.cnki.issn1000-985x.2018.11.029
mechanism__026_拟薄水铝石胶溶过程规律及微结构分析,mechanism,026_拟薄水铝石胶溶过程规律及微结构分析,,拟薄水铝石胶溶过程规律及微结构分析,G:\paper\Sorted_Database\Mechanism\026_拟薄水铝石胶溶过程规律及微结构分析.pdf,data\markdown\mechanism\026_拟薄水铝石胶溶过程规律及微结构分析.md,false,none,unknown,,unknown,,unavailable,false,low,,none,,,
mechanism__027_拟薄水铝石酸化胶溶过程中溶胶粒径的变化,mechanism,027_拟薄水铝石酸化胶溶过程中溶胶粒径的变化,10.3696/j.issn.1006-396X.2010.02.011,文章编号:1006-396X(2010)02-0040-03,G:\paper\Sorted_Database\Mechanism\027_拟薄水铝石酸化胶溶过程中溶胶粒径的变化.pdf,data\markdown\mechanism\027_拟薄水铝石酸化胶溶过程中溶胶粒径的变化.md,true,pdf_text_keyword,unknown,,unknown,,manual_required,true,high,ESI,strong,ESI,,supplementary keyword detected without url
mechanism__047_溶胶_凝胶法制备超滤al_2o_3膜的研究i勃姆石溶胶的制备_周健儿,mechanism,047_溶胶—凝胶法制备超滤Al_2O_3膜的研究I勃姆石溶胶的制备_周健儿,10.13957/j.cnki.tcxb.1999.02.005,溶胶—凝胶法制备超滤 Al2O3 膜的研究   I 勃姆石溶胶的制备,G:\paper\Sorted_Database\Mechanism\047_溶胶—凝胶法制备超滤Al_2O_3膜的研究I勃姆石溶胶的制备_周健儿.pdf,data\markdown\mechanism\047_溶胶—凝胶法制备超滤Al_2O_3膜的研究I勃姆石溶胶的制备_周健儿.md,false,none,unknown,,unknown,,unavailable,false,low,,none,,,doi detected: 10.13957/j.cnki.tcxb.1999.02.005
mechanism__053_纤维用铝溶胶前驱体的制备及表征,mechanism,053_纤维用铝溶胶前驱体的制备及表征,,![](G:/paper/Al-gel-sol/alumina_sol_extractor/data/outputs/053_纤维用铝溶胶前驱体的制备及表征/figures_all/8d4dddfc17e70c45b71ef3e8c0daf18092f4e9ff3b628afdc7e88bebcdba3120.jpg),G:\paper\Sorted_Database\Mechanism\053_纤维用铝溶胶前驱体的制备及表征.pdf,data\markdown\mechanism\053_纤维用铝溶胶前驱体的制备及表征.md,true,markdown_keyword; pdf_text_keyword,unknown,,unknown,,manual_required,true,high,ESI,strong,ESI,,supplementary keyword detected without url
mechanism__066_铝离子水解及铝低聚物形成的密度泛函理论研究,mechanism,066_铝离子水解及铝低聚物形成的密度泛函理论研究,,摘要,G:\paper\Sorted_Database\Mechanism\066_铝离子水解及铝低聚物形成的密度泛函理论研究.pdf,data\markdown\mechanism\066_铝离子水解及铝低聚物形成的密度泛函理论研究.md,true,pdf_text_keyword,unknown,,unknown,,manual_required,true,high,ESI,strong,ESI,,supplementary keyword detected without url
mechanism__070_2002_equilibrium_and_structural_studies_of_silicon_iv_and_aluminum_iii_in_aqueous_solution_21_a_potentiometric_and,mechanism,070_2002-equilibrium-and-structural-studies-of-silicon(iv)-and-aluminum(iii)-in-aqueous-solution-21-a-potentiometric-and,10.1021/ic00318a004,Equilibrium and Structural Studies of Silicon(IV) and Aluminum(III) in Aqueous Solution. 21. A Potentiometric and ^27Al NMR Study of the System H^+-Al^3+-MoO4^2-,G:\paper\Sorted_Database\Mechanism\070_2002-equilibrium-and-structural-studies-of-silicon(iv)-and-aluminum(iii)-in-aqueous-solution-21-a-potentiometric-and.pdf,data\markdown\mechanism\070_2002-equilibrium-and-structural-studies-of-silicon(iv)-and-aluminum(iii)-in-aqueous-solution-21-a-potentiometric-and.md,true,pdf_text_keyword,markdown_link,http://www.w3.org/1999/02/22-rdf-syntax-ns#,unknown,,not_attempted,false,high,ESI,strong,ESI,,supplementary keyword detected with url
mechanism__071_ab_initio_molecular_dynamics_simulations_of_aluminum_ion_solvation_in_water_clusters,mechanism,071_Ab initio molecular dynamics simulations of aluminum ion solvation in water clusters,,Ab initio molecular dynamics simulations of aluminum ion solvation in water clusters,G:\paper\Sorted_Database\Mechanism\071_Ab initio molecular dynamics simulations of aluminum ion solvation in water clusters.pdf,data\markdown\mechanism\071_Ab initio molecular dynamics simulations of aluminum ion solvation in water clusters.md,false,none,unknown,,unknown,,unavailable,false,low,,none,,,
mechanism__073_abeysinghe_等_2012_crystallization_of_keggin_type_polyaluminum_species_by_supramolecular_interactions_with_disulfonate,mechanism,073_Abeysinghe 等 - 2012 - Crystallization of keggin-type polyaluminum species by supramolecular interactions with disulfonate,,Crystallization of Keggin-Type Polyaluminum Species by Supramolecular Interactions with Disulfonate Anions,G:\paper\Sorted_Database\Mechanism\073_Abeysinghe 等 - 2012 - Crystallization of keggin-type polyaluminum species by supramolecular interactions with disulfonate.pdf,data\markdown\mechanism\073_Abeysinghe 等 - 2012 - Crystallization of keggin-type polyaluminum species by supramolecular interactions with disulfonate.md,true,markdown_keyword; pdf_text_keyword,markdown_link,http://pubs.acs.org,unknown,,not_attempted,false,high,Supporting Information; ESI; Available in the Supporting Information,strong,Supporting Information; ESI; Available in the Supporting Information,,supplementary keyword detected with url
mechanism__074_abeysinghe_等_2013_surface_modification_of_al30_keggin_type_polyaluminum_molecular_clusters,mechanism,074_Abeysinghe 等 - 2013 - Surface modification of Al30 keggin-type polyaluminum molecular clusters,,Surface Modification of Al30 Keggin-Type Polyaluminum Molecular Clusters,G:\paper\Sorted_Database\Mechanism\074_Abeysinghe 等 - 2013 - Surface modification of Al30 keggin-type polyaluminum molecular clusters.pdf,data\markdown\mechanism\074_Abeysinghe 等 - 2013 - Surface modification of Al30 keggin-type polyaluminum molecular clusters.md,true,markdown_keyword; pdf_text_keyword,markdown_link,http://pubs.acs.org,unknown,,not_attempted,false,high,Supporting Information; ESI; See Supporting Information,strong,Supporting Information; ESI; See Supporting Information,,supplementary keyword detected with url
mechanism__075_achilli_等_1991_aluminium_speciation_in_aqueous_solutions,mechanism,075_Achilli 等 - 1991 - Aluminium speciation in aqueous solutions,,"M. ACHILLI, G. CICERI, R. FERRAROLI, CISE SpA",G:\paper\Sorted_Database\Mechanism\075_Achilli 等 - 1991 - Aluminium speciation in aqueous solutions.pdf,data\markdown\mechanism\075_Achilli 等 - 1991 - Aluminium speciation in aqueous solutions.md,false,none,unknown,,unknown,,unavailable,false,low,,none,,,
mechanism__076_acosta_等_1994_preparation_of_alumina_gels_by_a_non_hydrolytic_sol_gel_processing_method,mechanism,076_Acosta 等 - 1994 - Preparation of alumina gels by a non-hydrolytic sol-gel processing method,,Preparation of alumina gels by a non-hydrolytic sol–gel processing method,G:\paper\Sorted_Database\Mechanism\076_Acosta 等 - 1994 - Preparation of alumina gels by a non-hydrolytic sol-gel processing method.pdf,data\markdown\mechanism\076_Acosta 等 - 1994 - Preparation of alumina gels by a non-hydrolytic sol-gel processing method.md,false,none,unknown,,unknown,,unavailable,false,low,,none,,,
mechanism__078_akitt_等_1989_multinuclear_magnetic_resonance_studies_of_the_hydrolysis_of_aluminium_iii_part_10_proton_carbon,mechanism,"078_Akitt 等 - 1989 - Multinuclear magnetic resonance studies of the hydrolysis of aluminium(III). Part 10. Proton, carbon",10.1039/dt9890001897,"Multinuclear Magnetic Resonance Studies of the Hydrolysis of Aluminium(III). Part 10. ^1 Proton, Carbon-13, and Aluminium-27 Spectra of Aluminium Acetate at Very High Magnetic Field","G:\paper\Sorted_Database\Mechanism\078_Akitt 等 - 1989 - Multinuclear magnetic resonance studies of the hydrolysis of aluminium(III). Part 10. Proton, carbon.pdf","data\markdown\mechanism\078_Akitt 等 - 1989 - Multinuclear magnetic resonance studies of the hydrolysis of aluminium(III). Part 10. Proton, carbon.md",false,none,unknown,,unknown,,unavailable,false,low,,none,,,doi detected: 10.1039/dt9890001897; general url present without supplementary keyword
mechanism__079_aluminum_monomer_line_broadening_as_evidence_for_the_existence_of_aloh_2_and_al_oh_2_during_forced_hydrolysis_a_al_27_nuclear_magnetic_resonance_studytheokloprogge1993,mechanism,079_ALUMINUM MONOMER LINE-BROADENING AS EVIDENCE FOR THE EXISTENCE OF [ALOH]2+ AND [AL(OH)2]+ DURING FORCED HYDROLYSIS - A AL-27 NUCLEAR-MAGNETIC-RESONANCE STUDYtheokloprogge1993,,Aluminum monomer line-broadening as evidence for the existence of [AlOH]^2+ and [Al(OH)2]^+ during forced hydrolysis: a ^27 Al nuclear magnetic resonance study *,G:\paper\Sorted_Database\Mechanism\079_ALUMINUM MONOMER LINE-BROADENING AS EVIDENCE FOR THE EXISTENCE OF [ALOH]2+ AND [AL(OH)2]+ DURING FORCED HYDROLYSIS - A AL-27 NUCLEAR-MAGNETIC-RESONANCE STUDYtheokloprogge1993.pdf,data\markdown\mechanism\079_ALUMINUM MONOMER LINE-BROADENING AS EVIDENCE FOR THE EXISTENCE OF [ALOH]2+ AND [AL(OH)2]+ DURING FORCED HYDROLYSIS - A AL-27 NUCLEAR-MAGNETIC-RESONANCE STUDYtheokloprogge1993.md,false,none,unknown,,unknown,,unavailable,false,low,,none,,,
mechanism__080_alves_等_2005_the_effects_of_ph_on_the_preparation_of_alumina_by_sol_gel_process,mechanism,080_Alves 等 - 2005 - The effects of pH on the preparation of alumina by sol-gel process,10.1080/02726350500212913,The Effects of pH on the Preparation of Alumina by Sol-Gel Process,G:\paper\Sorted_Database\Mechanism\080_Alves 等 - 2005 - The effects of pH on the preparation of alumina by sol-gel process.pdf,data\markdown\mechanism\080_Alves 等 - 2005 - The effects of pH on the preparation of alumina by sol-gel process.md,false,none,unknown,,unknown,,unavailable,false,low,,none,,,doi detected: 10.1080/02726350500212913; general url present without supplementary keyword
mechanism__082_amini_等_2003_sol_gel_processing_of_β_eucryptite_an_nuclear_magnetic_resonance_investigation_in_sol_stage,mechanism,082_Amini 等 - 2003 - Sol–gel processing of β-eucryptite An nuclear magnetic resonance investigation in sol stage,,Sol–gel processing of β -eucryptite: an ^27 Al nuclear magnetic resonance investigation in sol stage,G:\paper\Sorted_Database\Mechanism\082_Amini 等 - 2003 - Sol–gel processing of β-eucryptite An nuclear magnetic resonance investigation in sol stage.pdf,data\markdown\mechanism\082_Amini 等 - 2003 - Sol–gel processing of β-eucryptite An nuclear magnetic resonance investigation in sol stage.md,false,none,unknown,,unknown,,unavailable,false,low,,none,,,
mechanism__083_amini和mirzaee_2005_effect_of_solution_chemistry_on_preparation_of_boehmite_by_hydrothermal_assisted_sol_gel_processing,mechanism,083_Amini和Mirzaee - 2005 - Effect of solution chemistry on preparation of boehmite by hydrothermal assisted sol-gel processing,,Effect of Solution Chemistry on Preparation of Boehmite by Hydrothermal Assisted Sol-Gel Processing of Aluminum Alkoxides,G:\paper\Sorted_Database\Mechanism\083_Amini和Mirzaee - 2005 - Effect of solution chemistry on preparation of boehmite by hydrothermal assisted sol-gel processing.pdf,data\markdown\mechanism\083_Amini和Mirzaee - 2005 - Effect of solution chemistry on preparation of boehmite by hydrothermal assisted sol-gel processing.md,false,none,unknown,,unknown,,unavailable,false,low,,none,,,general url present without supplementary keyword
mechanism__087_berger_等_2018_27al_nmr_study_of_the_ph_dependent_hydrolysis_products_of_al2_so4_3_in_different_physiological_media,mechanism,087_Berger 等 - 2018 - 27Al NMR study of the pH dependent hydrolysis products of Al2(SO4)3 in different physiological media,10.1016/0165-1161,Article,G:\paper\Sorted_Database\Mechanism\087_Berger 等 - 2018 - 27Al NMR study of the pH dependent hydrolysis products of Al2(SO4)3 in different physiological media.pdf,data\markdown\mechanism\087_Berger 等 - 2018 - 27Al NMR study of the pH dependent hydrolysis products of Al2(SO4)3 in different physiological media.md,true,markdown_keyword; pdf_text_keyword,markdown_link,https://eur-lex.europa.eu/legal-content/EN/TXT/?uri=CELEX%3A02006R1907-20140410,unknown,,not_attempted,false,high,Supplementary Information; Supplementary Materials; ESI,strong,Supplementary Information; Supplementary Materials; ESI,,supplementary keyword detected with url; available online
mechanism__088_bi_2004_studies_on_the_mechanism_of_hydrolysis_and_polymerization_of_aluminum_salts_in_aqueous_solution_cor,mechanism,088_Bi - 2004 - Studies on the mechanism of hydrolysis and polymerization of aluminum salts in aqueous solution Cor,10.1016/j.ccr.2003.11.001,Review,G:\paper\Sorted_Database\Mechanism\088_Bi - 2004 - Studies on the mechanism of hydrolysis and polymerization of aluminum salts in aqueous solution Cor.pdf,data\markdown\mechanism\088_Bi - 2004 - Studies on the mechanism of hydrolysis and polymerization of aluminum salts in aqueous solution Cor.md,false,none,unknown,,unknown,,unavailable,false,low,,none,,,doi detected: 10.1016/j.ccr.2003.11.001
mechanism__089_bokhimi_等_2005_synthesis_and_characterization_of_nanocapsules_with_shells_made_up_of_al13_tridecamers,mechanism,089_Bokhimi 等 - 2005 - Synthesis and characterization of nanocapsules with shells made up of Al13 tridecamers,,Synthesis and Characterization of Nanocapsules with Shells Made up of Al13 Tridecamers,G:\paper\Sorted_Database\Mechanism\089_Bokhimi 等 - 2005 - Synthesis and characterization of nanocapsules with shells made up of Al13 tridecamers.pdf,data\markdown\mechanism\089_Bokhimi 等 - 2005 - Synthesis and characterization of nanocapsules with shells made up of Al13 tridecamers.md,false,none,unknown,,unknown,,unavailable,false,low,,none,,,general url present without supplementary keyword
mechanism__090_bokhimi_等_2006_sulfate_ions_and_boehmite_crystallization_in_a_sol_made_with_aluminum_tri_sec_butoxide_and_2_propano,mechanism,090_Bokhimi 等 - 2006 - Sulfate ions and boehmite crystallization in a sol made with aluminum tri-sec-butoxide and 2-propano,,Sulfate Ions and Boehmite Crystallization in a Sol Made with Aluminum Tri-sec-butoxide and 2-Propanol,G:\paper\Sorted_Database\Mechanism\090_Bokhimi 等 - 2006 - Sulfate ions and boehmite crystallization in a sol made with aluminum tri-sec-butoxide and 2-propano.pdf,data\markdown\mechanism\090_Bokhimi 等 - 2006 - Sulfate ions and boehmite crystallization in a sol made with aluminum tri-sec-butoxide and 2-propano.md,true,pdf_text_keyword,unknown,,unknown,,manual_required,true,high,ESI,strong,ESI,,supplementary keyword detected without url
mechanism__091_bonhomme_coury_等_1994_investigation_of_the_sol_gel_chemistry_of_ethylacetoacetate_modified_aluminum_sec_butoxide,mechanism,091_Bonhomme-Coury 等 - 1994 - Investigation of the sol-gel chemistry of ethylacetoacetate modified aluminum sec-butoxide,,Investigation of the Sol-Gel Chemistry of Ethylacetoacetate Modified Aluminum Sec-Butoxide,G:\paper\Sorted_Database\Mechanism\091_Bonhomme-Coury 等 - 1994 - Investigation of the sol-gel chemistry of ethylacetoacetate modified aluminum sec-butoxide.pdf,data\markdown\mechanism\091_Bonhomme-Coury 等 - 1994 - Investigation of the sol-gel chemistry of ethylacetoacetate modified aluminum sec-butoxide.md,false,none,unknown,,unknown,,unavailable,false,low,,none,,,
mechanism__093_bradley和hanna_1993_aluminium_27_mas_nmr_investigations_of_sodium_aluminates_formed_from_high_ph_solutions_evidence_of,mechanism,093_Bradley和Hanna - 1993 - Aluminium-27 MAS NMR investigations of sodium aluminates formed from high pH solutions Evidence of,10.1039/c39930001249,Aluminium-27 MAS NMR Investigations of Sodium Aluminates formed from High pH Solutions: Evidence of a Complex Polymer containing both Four- and Six-coordinate Aluminium,G:\paper\Sorted_Database\Mechanism\093_Bradley和Hanna - 1993 - Aluminium-27 MAS NMR investigations of sodium aluminates formed from high pH solutions Evidence of.pdf,data\markdown\mechanism\093_Bradley和Hanna - 1993 - Aluminium-27 MAS NMR investigations of sodium aluminates formed from high pH solutions Evidence of.md,false,none,unknown,,unknown,,unavailable,false,low,,none,,,doi detected: 10.1039/c39930001249; general url present without supplementary keyword
mechanism__094_bradley和hanna_1994_27al_and_23na_mas_nmr_and_powder_x_ray_diffraction_studies_of_sodium_aluminate_speciation_and_the_me,mechanism,094_Bradley和Hanna - 1994 - 27Al and 23Na MAS NMR and powder X-ray diffraction studies of sodium aluminate speciation and the me,10.1021/ja00096a038,^27 Al and ^23 Na MAS NMR and Powder X-ray Diffraction Studies of Sodium Aluminate Speciation and the Mechanistics of Aluminum Hydroxide Precipitation upon Acid Hydrolysis,G:\paper\Sorted_Database\Mechanism\094_Bradley和Hanna - 1994 - 27Al and 23Na MAS NMR and powder X-ray diffraction studies of sodium aluminate speciation and the me.pdf,data\markdown\mechanism\094_Bradley和Hanna - 1994 - 27Al and 23Na MAS NMR and powder X-ray diffraction studies of sodium aluminate speciation and the me.md,false,none,unknown,,unknown,,unavailable,false,low,,none,,,doi detected: 10.1021/ja00096a038; general url present without supplementary keyword
mechanism__097_casey_等_2000_rates_and_mechanisms_of_oxygen_exchanges_between_sites_in_the_alo4al12_oh_24_h2o_127_aq_complex_an,mechanism,097_Casey 等 - 2000 - Rates and mechanisms of oxygen exchanges between sites in the AlO4Al12(OH)24(H2O)127+(aq) complex an,,PII S0016-7037(00)00395-1,G:\paper\Sorted_Database\Mechanism\097_Casey 等 - 2000 - Rates and mechanisms of oxygen exchanges between sites in the AlO4Al12(OH)24(H2O)127+(aq) complex an.pdf,data\markdown\mechanism\097_Casey 等 - 2000 - Rates and mechanisms of oxygen exchanges between sites in the AlO4Al12(OH)24(H2O)127+(aq) complex an.md,false,none,unknown,,unknown,,unavailable,false,low,,none,,,non-supplementary weak phrases present; Appendix
mechanism__105_chen_等_2007_effect_of_thermal_treatment_on_the_formation_and_transformation_of_keggin_al13_and_al30_species_in_h,mechanism,105_Chen 等 - 2007 - Effect of thermal treatment on the formation and transformation of keggin Al13 and Al30 species in h,10.1016/j.colsurfa.2006.06.005)/S,Effect of thermal treatment on the formation and transformation of Keggin Al13 and Al30 species in hydrolytic polymeric aluminum solutions,G:\paper\Sorted_Database\Mechanism\105_Chen 等 - 2007 - Effect of thermal treatment on the formation and transformation of keggin Al13 and Al30 species in h.pdf,data\markdown\mechanism\105_Chen 等 - 2007 - Effect of thermal treatment on the formation and transformation of keggin Al13 and Al30 species in h.md,false,none,unknown,,unknown,,unavailable,false,low,,none,,,non-supplementary weak phrases present; doi detected: 10.1016/j.colsurfa.2006.06.005)/S; general url present without supplementary keyword; available online
mechanism__113_control_preparation_of_aluminium_chromium_mixed_oxides_by_sol_gel_process,mechanism,113_Control preparation of aluminium chromium mixed oxides by sol-gel process,10.1016/S0167-2991(98)80233-4,CONTROL PREPARATION OF ALUMINIUM CHROMIUM MIXED OXIDES BY SOL-GEL PROCESS,G:\paper\Sorted_Database\Mechanism\113_Control preparation of aluminium chromium mixed oxides by sol-gel process.pdf,data\markdown\mechanism\113_Control preparation of aluminium chromium mixed oxides by sol-gel process.md,false,none,unknown,,unknown,,unavailable,false,low,,none,,,doi detected: 10.1016/S0167-2991(98)80233-4; general url present without supplementary keyword
mechanism__114_coster和fripiat_1993_memory_effects_in_gel_solid_transformations_coordinately_unsaturated_aluminum_sites_in_nanosized_al,mechanism,114_Coster和Fripiat - 1993 - Memory effects in gel-solid transformations Coordinately unsaturated aluminum sites in nanosized al,10.1021/cm00033a004,Memory Effects in Gel-Solid Transformations: Coordinately Unsaturated Al Sites in Nanosized Aluminas,G:\paper\Sorted_Database\Mechanism\114_Coster和Fripiat - 1993 - Memory effects in gel-solid transformations Coordinately unsaturated aluminum sites in nanosized al.pdf,data\markdown\mechanism\114_Coster和Fripiat - 1993 - Memory effects in gel-solid transformations Coordinately unsaturated aluminum sites in nanosized al.md,false,none,unknown,,unknown,,unavailable,false,low,,none,,,doi detected: 10.1021/cm00033a004; general url present without supplementary keyword
mechanism__116_deschaume_等_2006_interactions_of_bovine_serum_albumin_with_aluminum_polyoxocations_and_aluminum_hydroxide,mechanism,116_Deschaume 等 - 2006 - Interactions of bovine serum albumin with aluminum polyoxocations and aluminum hydroxide,,Interactions of Bovine Serum Albumin with Aluminum Polyoxocations and Aluminum Hydroxide,G:\paper\Sorted_Database\Mechanism\116_Deschaume 等 - 2006 - Interactions of bovine serum albumin with aluminum polyoxocations and aluminum hydroxide.pdf,data\markdown\mechanism\116_Deschaume 等 - 2006 - Interactions of bovine serum albumin with aluminum polyoxocations and aluminum hydroxide.md,true,markdown_keyword,markdown_link,http://pubs.acs.org,unknown,,not_attempted,false,high,Supporting Information,strong,Supporting Information,,supplementary keyword detected with url
mechanism__117_deschaume_等_2017_impact_of_amino_acids_on_the_isomerization_of_the_aluminum_tridecamer_al13,mechanism,117_Deschaume 等 - 2017 - Impact of amino acids on the isomerization of the aluminum tridecamer Al13,10.1021/acs.inorg-chem.7b01699,Impact of Amino Acids on the Isomerization of the Aluminum Tridecamer Al13,G:\paper\Sorted_Database\Mechanism\117_Deschaume 等 - 2017 - Impact of amino acids on the isomerization of the aluminum tridecamer Al13.pdf,data\markdown\mechanism\117_Deschaume 等 - 2017 - Impact of amino acids on the isomerization of the aluminum tridecamer Al13.md,true,markdown_keyword,markdown_link,http://www.w3.org/1999/02/22-rdf-syntax-ns#,unknown,,not_attempted,false,high,Supporting Information,strong,Supporting Information,,supplementary keyword detected with url
mechanism__118_deshpande和eckert_2009_sol_gel_preparation_of_mesoporous_sodium_aluminosilicate_glasses_mechanistic_and_structural_investi,mechanism,118_Deshpande和Eckert - 2009 - Sol-gel preparation of mesoporous sodium aluminosilicate glasses Mechanistic and structural investi,10.1039/b900864k,Sol-gel preparation of mesoporous sodium aluminosilicate glasses: mechanistic and structural investigations by solid state nuclear magnetic resonance†,G:\paper\Sorted_Database\Mechanism\118_Deshpande和Eckert - 2009 - Sol-gel preparation of mesoporous sodium aluminosilicate glasses Mechanistic and structural investi.pdf,data\markdown\mechanism\118_Deshpande和Eckert - 2009 - Sol-gel preparation of mesoporous sodium aluminosilicate glasses Mechanistic and structural investi.md,true,markdown_keyword,markdown_link,https://doi.org/10.1039/b900864k,unknown,,not_attempted,false,high,ESI,strong,ESI,,supplementary keyword detected with url
mechanism__119_dressler_等_2007_aluminum_speciation_and_thermal_evolution_of_aluminas_resulting_from_modified_yoldas_sols,mechanism,119_Dressler 等 - 2007 - Aluminum speciation and thermal evolution of aluminas resulting from modified yoldas sols,10.1016/j.jssc.2007.06.018)/S/URI,Aluminum speciation and thermal evolution of aluminas resulting from modified Yoldas sols,G:\paper\Sorted_Database\Mechanism\119_Dressler 等 - 2007 - Aluminum speciation and thermal evolution of aluminas resulting from modified yoldas sols.pdf,data\markdown\mechanism\119_Dressler 等 - 2007 - Aluminum speciation and thermal evolution of aluminas resulting from modified yoldas sols.md,false,none,unknown,,unknown,,unavailable,false,low,,none,,,non-supplementary weak phrases present; doi detected: 10.1016/j.jssc.2007.06.018)/S/URI; general url present without supplementary keyword; available online
mechanism__121_drljaca_等_1999_selective_isolation_of_keggin_ions_using_self_assembled_superanion_capsules,mechanism,121_Drljaca 等 - 1999 - Selective isolation of keggin ions using self-assembled superanion capsules †,10.1039/a905436g,Selective isolation of Keggin ions using self-assembled superanion capsules dagger,G:\paper\Sorted_Database\Mechanism\121_Drljaca 等 - 1999 - Selective isolation of keggin ions using self-assembled superanion capsules †.pdf,data\markdown\mechanism\121_Drljaca 等 - 1999 - Selective isolation of keggin ions using self-assembled superanion capsules †.md,false,none,unknown,,unknown,,unavailable,false,low,,none,,,doi detected: 10.1039/a905436g; general url present without supplementary keyword
mechanism__123_eliseev_等_1999_the_effect_of_copolymerization_of_tetraethylorthosilicate_and_aluminum_hydroxonitrates,mechanism,123_Eliseev 等 - 1999 - The effect of copolymerization of tetraethylorthosilicate and aluminum hydroxonitrates,,The Effect of Copolymerization of Tetraethylorthosilicate and Aluminum Hydroxonitrates,G:\paper\Sorted_Database\Mechanism\123_Eliseev 等 - 1999 - The effect of copolymerization of tetraethylorthosilicate and aluminum hydroxonitrates.pdf,data\markdown\mechanism\123_Eliseev 等 - 1999 - The effect of copolymerization of tetraethylorthosilicate and aluminum hydroxonitrates.md,false,none,unknown,,unknown,,unavailable,false,low,,none,,,
mechanism__124_esi_ms_study_of_speciation_in_hydrolyzed_aluminum,mechanism,124_ESI-MS_Study_of_Speciation_in_Hydrolyzed_Aluminum_,,ESI-MS Study of Speciation in Hydrolyzed Aluminum Chloride Solutions,G:\paper\Sorted_Database\Mechanism\124_ESI-MS_Study_of_Speciation_in_Hydrolyzed_Aluminum_.pdf,data\markdown\mechanism\124_ESI-MS_Study_of_Speciation_in_Hydrolyzed_Aluminum_.md,true,markdown_keyword,markdown_link,http://www.w3.org/1999/02/22-rdf-syntax-ns#,unknown,,not_attempted,false,high,ESI,strong,ESI,,supplementary keyword detected with url
mechanism__126_feng_等_2007_speciation_of_hydroxyl_al_polymers_formed_through_simultaneous_hydrolysis_of_aluminum_salts_and_urea,mechanism,126_Feng 等 - 2007 - Speciation of hydroxyl-al polymers formed through simultaneous hydrolysis of aluminum salts and urea,10.1016/j.colsurfa.2007.04.005)/S,Speciation of hydroxyl-Al polymers formed through simultaneous hydrolysis of aluminum salts and urea,G:\paper\Sorted_Database\Mechanism\126_Feng 等 - 2007 - Speciation of hydroxyl-al polymers formed through simultaneous hydrolysis of aluminum salts and urea.pdf,data\markdown\mechanism\126_Feng 等 - 2007 - Speciation of hydroxyl-al polymers formed through simultaneous hydrolysis of aluminum salts and urea.md,false,none,unknown,,unknown,,unavailable,false,low,,none,,,non-supplementary weak phrases present; doi detected: 10.1016/j.colsurfa.2007.04.005)/S; general url present without supplementary keyword; available online
mechanism__127_feng_等_2011_effect_of_aging_condition_on_species_transformation_in_polymeric_al_salt_coagulants,mechanism,127_Feng 等 - 2011 - Effect of aging condition on species transformation in polymeric al salt coagulants,10.1016/j.colsurfa.2010.11.046)/S,Effect of aging condition on species transformation in polymeric Al salt coagulants,G:\paper\Sorted_Database\Mechanism\127_Feng 等 - 2011 - Effect of aging condition on species transformation in polymeric al salt coagulants.pdf,data\markdown\mechanism\127_Feng 等 - 2011 - Effect of aging condition on species transformation in polymeric al salt coagulants.md,true,markdown_keyword; pdf_text_keyword,markdown_link,http://www.sciencedirect.com/science/journal/09277757)/S,unknown,,not_attempted,false,high,ESI,strong,ESI,,supplementary keyword detected with url; available online
mechanism__129_fernandez_等_2008_theoretical_study_of_oligomeric_alumatranes_present_in_the_chemistry_of_materials_from_micro_to_meso,mechanism,129_Fernandez 等 - 2008 - Theoretical study of oligomeric alumatranes present in the chemistry of materials from micro to meso,10.1016/j.theochem.2007.10.025,Theoretical study of oligomeric alumatranes present in the chemistry of materials from micro to mesoporous molecular sieves and alumina composites,G:\paper\Sorted_Database\Mechanism\129_Fernandez 等 - 2008 - Theoretical study of oligomeric alumatranes present in the chemistry of materials from micro to meso.pdf,data\markdown\mechanism\129_Fernandez 等 - 2008 - Theoretical study of oligomeric alumatranes present in the chemistry of materials from micro to meso.md,false,none,unknown,,unknown,,unavailable,false,low,,none,,,non-supplementary weak phrases present; doi detected: 10.1016/j.theochem.2007.10.025; general url present without supplementary keyword; available online
mechanism__131_fournier_等_2008_potentiometric_determination_of_the_formal_hydrolysis_ratio_of_aluminium_species_in_aqueous_soluti,mechanism,131_Fournier 等 - 2008 - Potentiometric determination of the ‘formal’ hydrolysis ratio of aluminium species in aqueous soluti,10.1016/j.aca.2007.11.026)/S,Potentiometric determination of the ‘formal’ hydrolysis ratio of aluminium species in aqueous solutions,G:\paper\Sorted_Database\Mechanism\131_Fournier 等 - 2008 - Potentiometric determination of the ‘formal’ hydrolysis ratio of aluminium species in aqueous soluti.pdf,data\markdown\mechanism\131_Fournier 等 - 2008 - Potentiometric determination of the ‘formal’ hydrolysis ratio of aluminium species in aqueous soluti.md,false,none,unknown,,unknown,,unavailable,false,low,,none,,,doi detected: 10.1016/j.aca.2007.11.026)/S; general url present without supplementary keyword
mechanism__132_fournier_等_2009_a_multi_technique_study_of_the_effect_of_aqueous_aluminium_speciation_on_hydrolytic_gelation_of_alum,mechanism,132_Fournier 等 - 2009 - A multi-technique study of the effect of aqueous aluminium speciation on hydrolytic gelation of alum,10.1016/S1369-7021(05)00864-3,A multi-technique study of the effect of aqueous aluminium speciation on hydrolytic gelation of aluminium (oxy)hydroxide,G:\paper\Sorted_Database\Mechanism\132_Fournier 等 - 2009 - A multi-technique study of the effect of aqueous aluminium speciation on hydrolytic gelation of alum.pdf,data\markdown\mechanism\132_Fournier 等 - 2009 - A multi-technique study of the effect of aqueous aluminium speciation on hydrolytic gelation of alum.md,false,none,unknown,,unknown,,unavailable,false,low,,none,,,non-supplementary weak phrases present; doi detected: 10.1016/S1369-7021(05)00864-3; general url present without supplementary keyword; available online
mechanism__133_fu_等_1991_aging_processes_of_alumina_sol_gels_characterization_of_new_aluminum_polyoxycations_by_aluminum_27,mechanism,133_Fu 等 - 1991 - Aging processes of alumina sol-gels Characterization of new aluminum polyoxycations by aluminum-27,10.1021/cm00016a009,"of a stacking and close packing of these free radicals in rigid-rod polymer molecules. Long-range spin-spin interactions have, however, not been observed. Arguments to explain the absence of such coup",G:\paper\Sorted_Database\Mechanism\133_Fu 等 - 1991 - Aging processes of alumina sol-gels Characterization of new aluminum polyoxycations by aluminum-27.pdf,data\markdown\mechanism\133_Fu 等 - 1991 - Aging processes of alumina sol-gels Characterization of new aluminum polyoxycations by aluminum-27.md,false,none,unknown,,unknown,,unavailable,false,low,,none,,,non-supplementary weak phrases present; doi detected: 10.1021/cm00016a009; general url present without supplementary keyword; Appendix
mechanism__134_fujita_等_1993_chemical_species_in_polyaluminum_hydroxide_solution,mechanism,134_FUJITA 等 - 1993 - Chemical species-in polyaluminum hydroxide solution.,,——論 文——,G:\paper\Sorted_Database\Mechanism\134_FUJITA 等 - 1993 - Chemical species-in polyaluminum hydroxide solution..pdf,data\markdown\mechanism\134_FUJITA 等 - 1993 - Chemical species-in polyaluminum hydroxide solution..md,false,none,unknown,,unknown,,unavailable,false,low,,none,,,
mechanism__137_gerson_等_1996_an_investigation_of_the_mechanism_of_gibbsite_nucleation_using_molecular_modelling,mechanism,137_Gerson 等 - 1996 - An investigation of the mechanism of gibbsite nucleation using molecular modelling,,An investigation of the mechanism of gibbsite nucleation using molecular modelling,G:\paper\Sorted_Database\Mechanism\137_Gerson 等 - 1996 - An investigation of the mechanism of gibbsite nucleation using molecular modelling.pdf,data\markdown\mechanism\137_Gerson 等 - 1996 - An investigation of the mechanism of gibbsite nucleation using molecular modelling.md,false,none,unknown,,unknown,,unavailable,false,low,,none,,,
mechanism__138_gil_等_1995_preparation_and_characterization_of_microporosity_and_acidity_of_silica_alumina_pillared_clays,mechanism,138_Gil 等 - 1995 - Preparation and characterization of microporosity and acidity of silica-alumina pillared clays,10.1021/j100001a046,Preparation and Characterization of Microporosity and Acidity of Silica–Alumina Pillared Clays,G:\paper\Sorted_Database\Mechanism\138_Gil 等 - 1995 - Preparation and characterization of microporosity and acidity of silica-alumina pillared clays.pdf,data\markdown\mechanism\138_Gil 等 - 1995 - Preparation and characterization of microporosity and acidity of silica-alumina pillared clays.md,false,none,unknown,,unknown,,unavailable,false,low,,none,,,doi detected: 10.1021/j100001a046; general url present without supplementary keyword
mechanism__143_goudarzi_等_2009_study_of_the_ethanolic_tributylmethylammonium_aluminosilicate_solutions_using_27al_nmr,mechanism,143_Goudarzi 等 - 2009 - Study of the ethanolic tributylmethylammonium aluminosilicate solutions using 27Al NMR,10.1016/j.molstruc.2009.04.017,Study of the ethanolic tributylmethylammonium aluminosilicate solutions using ^27 Al NMR,G:\paper\Sorted_Database\Mechanism\143_Goudarzi 等 - 2009 - Study of the ethanolic tributylmethylammonium aluminosilicate solutions using 27Al NMR.pdf,data\markdown\mechanism\143_Goudarzi 等 - 2009 - Study of the ethanolic tributylmethylammonium aluminosilicate solutions using 27Al NMR.md,false,none,unknown,,unknown,,unavailable,false,low,,none,,,non-supplementary weak phrases present; doi detected: 10.1016/j.molstruc.2009.04.017; general url present without supplementary keyword; available online
mechanism__144_graham_等_2020_intermediate_species_in_the_crystallization_of_sodium_aluminate_hydroxy_hydrates,mechanism,144_Graham 等 - 2020 - Intermediate species in the crystallization of sodium aluminate hydroxy hydrates,10.1021/acs.jpcc.0c00205,pubs.acs.org/JPCC,G:\paper\Sorted_Database\Mechanism\144_Graham 等 - 2020 - Intermediate species in the crystallization of sodium aluminate hydroxy hydrates.pdf,data\markdown\mechanism\144_Graham 等 - 2020 - Intermediate species in the crystallization of sodium aluminate hydroxy hydrates.md,true,markdown_keyword; pdf_text_keyword,markdown_link,https://pubs.acs.org/doi/10.1021/acs.jpcc.0c00205,unknown,,not_attempted,false,high,Supporting Information; ESI,strong,Supporting Information; ESI,,supplementary keyword detected with url
mechanism__145_guo_等_2009_high_concentration_ɛ_al13_nanoclusters_sol_prepared_by_chemical_synthesis_and_membrane_distillation,mechanism,145_Guo 等 - 2009 - High-concentration ɛ-Al13 nanoclusters sol prepared by chemical synthesis and membrane distillation,10.1016/j.seppur.2009.07.001)/S,Short communication,G:\paper\Sorted_Database\Mechanism\145_Guo 等 - 2009 - High-concentration ɛ-Al13 nanoclusters sol prepared by chemical synthesis and membrane distillation.pdf,data\markdown\mechanism\145_Guo 等 - 2009 - High-concentration ɛ-Al13 nanoclusters sol prepared by chemical synthesis and membrane distillation.md,false,none,unknown,,unknown,,unavailable,false,low,,none,,,doi detected: 10.1016/j.seppur.2009.07.001)/S; general url present without supplementary keyword
mechanism__146_guo_等_2023_ab_initio_molecular_dynamics_study_of_the_proton_transfer_in_hydroxyl_ion_induced_hydrolysis_of_alum,mechanism,146_Guo 等 - 2023 - Ab initio molecular dynamics study of the proton transfer in hydroxyl ion-induced hydrolysis of alum,10.1021/acs.jpcb.3c02805,Ab Initio Molecular Dynamics Study of the Proton Transfer in Hydroxyl Ion-Induced Hydrolysis of Aluminum Monomers,G:\paper\Sorted_Database\Mechanism\146_Guo 等 - 2023 - Ab initio molecular dynamics study of the proton transfer in hydroxyl ion-induced hydrolysis of alum.pdf,data\markdown\mechanism\146_Guo 等 - 2023 - Ab initio molecular dynamics study of the proton transfer in hydroxyl ion-induced hydrolysis of alum.md,true,markdown_keyword; pdf_text_keyword,markdown_link,https://pubs.acs.org/doi/10.1021/acs.jpcb.3c02805,unknown,,not_attempted,false,high,Supporting Information; ESI,strong,Supporting Information; ESI,,supplementary keyword detected with url
mechanism__147_harrison和luo_1994_studies_of_mixed_silicaalumina_and_silicaboric_oxide_materials_code_ap11,mechanism,147_Harrison和Luo - 1994 - Studies of mixed silicaalumina and silicaboric oxide materials Code AP11,,Studies of Mixed Silica/Alumina and Silica/Boric Oxide Materials,G:\paper\Sorted_Database\Mechanism\147_Harrison和Luo - 1994 - Studies of mixed silicaalumina and silicaboric oxide materials Code AP11.pdf,data\markdown\mechanism\147_Harrison和Luo - 1994 - Studies of mixed silicaalumina and silicaboric oxide materials Code AP11.md,false,none,unknown,,unknown,,unavailable,false,low,,none,,,
mechanism__149_hayden和rubin_1986_determination_of_monomeric_and_polynuclear_aluminum_iii_species_and_hydrolysis_constants,mechanism,149_Hayden和Rubin - 1986 - Determination of monomeric and polynuclear aluminum(III) species and hydrolysis constants,10.1080/01496398608058393,Determination of Monomeric and Polynuclear Aluminum(III) Species and Hydrolysis Constants,G:\paper\Sorted_Database\Mechanism\149_Hayden和Rubin - 1986 - Determination of monomeric and polynuclear aluminum(III) species and hydrolysis constants.pdf,data\markdown\mechanism\149_Hayden和Rubin - 1986 - Determination of monomeric and polynuclear aluminum(III) species and hydrolysis constants.md,false,none,unknown,,unknown,,unavailable,false,low,,none,,,doi detected: 10.1080/01496398608058393; general url present without supplementary keyword
mechanism__150_hochepied和nortier_2002_influence_of_precipitation_conditions_ph_and_temperature_on_the_morphology_and_porosity_of_boehmit,mechanism,150_Hochepied和Nortier - 2002 - Influence of precipitation conditions (pH and temperature) on the morphology and porosity of boehmit,,Influence of precipitation conditions (pH and temperature) on the morphology and porosity of boehmite particles,G:\paper\Sorted_Database\Mechanism\150_Hochepied和Nortier - 2002 - Influence of precipitation conditions (pH and temperature) on the morphology and porosity of boehmit.pdf,data\markdown\mechanism\150_Hochepied和Nortier - 2002 - Influence of precipitation conditions (pH and temperature) on the morphology and porosity of boehmit.md,false,none,unknown,,unknown,,unavailable,false,low,,none,,,
mechanism__151_houston_等_2008_association_of_dissolved_aluminum_with_silica_connecting_molecular_structure_to_surface_reactivity,mechanism,151_Houston 等 - 2008 - Association of dissolved aluminum with silica Connecting molecular structure to surface reactivity,10.1016/j.gca.2008.04.028,Association of dissolved aluminum with silica: Connecting molecular structure to surface reactivity using NMR ☆,G:\paper\Sorted_Database\Mechanism\151_Houston 等 - 2008 - Association of dissolved aluminum with silica Connecting molecular structure to surface reactivity.pdf,data\markdown\mechanism\151_Houston 等 - 2008 - Association of dissolved aluminum with silica Connecting molecular structure to surface reactivity.md,true,markdown_keyword; pdf_text_keyword,markdown_link,http://dx.doi.org/10.1016/j.gca.2008.04.028)/S/URI,unknown,,not_attempted,false,high,Supplementary Data,strong,Supplementary Data,,supplementary keyword detected with url; Appendix; available online; online version
mechanism__155_janosovits_等_1997_structural_characterization_of_intermediate_species_during_synthesis_of_al2o3_aerogels,mechanism,155_Janosovits 等 - 1997 - Structural characterization of intermediate species during synthesis of Al2O3-aerogels,,Structural characterization of intermediate species during synthesis of Al2O3 -aerogels,G:\paper\Sorted_Database\Mechanism\155_Janosovits 等 - 1997 - Structural characterization of intermediate species during synthesis of Al2O3-aerogels.pdf,data\markdown\mechanism\155_Janosovits 等 - 1997 - Structural characterization of intermediate species during synthesis of Al2O3-aerogels.md,false,none,unknown,,unknown,,unavailable,false,low,,none,,,
mechanism__156_jaymes_等_1995_synthesis_of_a_mullite_precursor_from_aluminum_nitrate_and_tetraethoxysilane_via_aqueous_homogeneous,mechanism,156_Jaymes 等 - 1995 - Synthesis of a mullite precursor from aluminum nitrate and tetraethoxysilane via aqueous homogeneous,10.1111/j.1151-2916.1995.tb08035.x,Synthesis of a Mullite Precursor from Aluminum Nitrate and Tetraethoxysilane via Aqueous Homogeneous Precipitation: An ^27 Al and ^29 Si Liquid- and Solid-State NMR Spectroscopic Study,G:\paper\Sorted_Database\Mechanism\156_Jaymes 等 - 1995 - Synthesis of a mullite precursor from aluminum nitrate and tetraethoxysilane via aqueous homogeneous.pdf,data\markdown\mechanism\156_Jaymes 等 - 1995 - Synthesis of a mullite precursor from aluminum nitrate and tetraethoxysilane via aqueous homogeneous.md,true,pdf_text_keyword,unknown,,unknown,,manual_required,true,high,ESI,strong,ESI,,supplementary keyword detected without url
mechanism__159_jolivet_等_2011_basic_concepts_of_the_crystallization_from_aqueous_solutions_the_example_of_aluminum_oxy_hydroxi_de,mechanism,159_Jolivet 等 - 2011 - Basic concepts of the crystallization from aqueous solutions The example of aluminum oxy(hydroxi)de,10.1016/j.crte.2010.12.006)/S,"Petrology, geochemistry",G:\paper\Sorted_Database\Mechanism\159_Jolivet 等 - 2011 - Basic concepts of the crystallization from aqueous solutions The example of aluminum oxy(hydroxi)de.pdf,data\markdown\mechanism\159_Jolivet 等 - 2011 - Basic concepts of the crystallization from aqueous solutions The example of aluminum oxy(hydroxi)de.md,true,pdf_text_keyword,markdown_link,http://dx.doi.org/10.1016/j.crte.2010.12.006)/S,unknown,,not_attempted,false,high,ESI,strong,ESI,,supplementary keyword detected with url; available online
mechanism__160_kabelitz_等_2019_early_stage_in_situ_detection_of_polynuclear_aluminum_phases_in_aqueous_solution,mechanism,160_Kabelitz 等 - 2019 - Early stage in situ detection of polynuclear aluminum phases in aqueous solution,10.1016/j.poly.2019.05.049,Accepted Manuscript,G:\paper\Sorted_Database\Mechanism\160_Kabelitz 等 - 2019 - Early stage in situ detection of polynuclear aluminum phases in aqueous solution.pdf,data\markdown\mechanism\160_Kabelitz 等 - 2019 - Early stage in situ detection of polynuclear aluminum phases in aqueous solution.md,false,none,unknown,,unknown,,unavailable,false,low,,none,,,non-supplementary weak phrases present; doi detected: 10.1016/j.poly.2019.05.049; general url present without supplementary keyword; available online
mechanism__161_kalashnikov_等_2007_in_situultrasonic_monitoring_of_aluminum_ion_hydrolysis_in_aqueous_solutions_instrumentation_techn,mechanism,"161_Kalashnikov 等 - 2007 - In SituUltrasonic monitoring of aluminum ion hydrolysis in aqueous solutions Instrumentation, techn",10.1109/TIM.2007.899857,"In Situ Ultrasonic Monitoring of Aluminum Ion Hydrolysis in Aqueous Solutions: Instrumentation, Techniques, and Comparisons to pH-Metry","G:\paper\Sorted_Database\Mechanism\161_Kalashnikov 等 - 2007 - In SituUltrasonic monitoring of aluminum ion hydrolysis in aqueous solutions Instrumentation, techn.pdf","data\markdown\mechanism\161_Kalashnikov 等 - 2007 - In SituUltrasonic monitoring of aluminum ion hydrolysis in aqueous solutions Instrumentation, techn.md",false,none,unknown,,unknown,,unavailable,false,low,,none,,,doi detected: 10.1109/TIM.2007.899857
mechanism__162_kambe_等_2017_solution_phase_synthesis_of_al13_using_a_dendrimer_template,mechanism,162_Kambe 等 - 2017 - Solution-phase synthesis of Al13 − using a dendrimer template,10.1038/s41467-017-02250-4,ARTICLE,G:\paper\Sorted_Database\Mechanism\162_Kambe 等 - 2017 - Solution-phase synthesis of Al13 − using a dendrimer template.pdf,data\markdown\mechanism\162_Kambe 等 - 2017 - Solution-phase synthesis of Al13 − using a dendrimer template.md,true,markdown_keyword,markdown_link,https://doi.org/10.1038/s41467-017-02250-4,unknown,,not_attempted,false,high,Supplementary Information,strong,Supplementary Information,,supplementary keyword detected with url; available online; online version
mechanism__166_kerven_等_1995_detrimental_sulfate_effects_on_formation_of_al_13_tridecameric_polycation_in_synthetic_soil_solution,mechanism,166_Kerven 等 - 1995 - Detrimental sulfate effects on formation of al‐13 tridecameric polycation in synthetic soil solution,10.2136/sssaj1995.03615995005900030019x,Detrimental Sulfate Effects on Formation of Al-13 Tridecameric Polycation in Synthetic Soil Solutions,G:\paper\Sorted_Database\Mechanism\166_Kerven 等 - 1995 - Detrimental sulfate effects on formation of al‐13 tridecameric polycation in synthetic soil solution.pdf,data\markdown\mechanism\166_Kerven 等 - 1995 - Detrimental sulfate effects on formation of al‐13 tridecameric polycation in synthetic soil solution.md,false,none,unknown,,unknown,,unavailable,false,low,,none,,,doi detected: 10.2136/sssaj1995.03615995005900030019x; general url present without supplementary keyword
mechanism__168_kloprogge_等_1992_a_27al_nuclear_magnetic_resonance_study_on_the_optimalization_of_the_development_of_the_al13_polymer,mechanism,168_Kloprogge 等 - 1992 - A 27Al nuclear magnetic resonance study on the optimalization of the development of the Al13 polymer,,A ^27 Al nuclear magnetic resonance study on the optimization of the development of the Al13 polymer *,G:\paper\Sorted_Database\Mechanism\168_Kloprogge 等 - 1992 - A 27Al nuclear magnetic resonance study on the optimalization of the development of the Al13 polymer.pdf,data\markdown\mechanism\168_Kloprogge 等 - 1992 - A 27Al nuclear magnetic resonance study on the optimalization of the development of the Al13 polymer.md,false,none,unknown,,unknown,,unavailable,false,low,,none,,,
mechanism__169_kloprogge_等_1992_temperature_influence_on_the_al13_complex_in_partially_neutralized_aluminum_solutions_a_27al_nuclea,mechanism,169_Kloprogge 等 - 1992 - Temperature influence on the Al13 complex in partially neutralized aluminum solutions A 27Al nuclea,,Temperature influence on the Al13 complex in partially neutralized aluminum solutions: a ^27 Al nuclear magnetic resonance study *,G:\paper\Sorted_Database\Mechanism\169_Kloprogge 等 - 1992 - Temperature influence on the Al13 complex in partially neutralized aluminum solutions A 27Al nuclea.pdf,data\markdown\mechanism\169_Kloprogge 等 - 1992 - Temperature influence on the Al13 complex in partially neutralized aluminum solutions A 27Al nuclea.md,false,none,unknown,,unknown,,unavailable,false,low,,none,,,
mechanism__170_kloprogge_等_2000_near_infrared_spectroscopic_study_of_alo4al12_oh_23_h2o_12_7_o_si_oh_3_nitrate_crystals_formed_by,mechanism,170_Kloprogge 等 - 2000 - Near-infrared spectroscopic study of [AlO4Al12(OH)23(H2O)12]7+-O-si(OH)3 nitrate crystals formed by,,Near-infrared spectroscopic study of [AlO4Al12(OH)23(H2O)12]^7+-O-Si(OH)3 nitrate crystals formed by forced hydrolysis of Al^3+ in the presence of TEOS,G:\paper\Sorted_Database\Mechanism\170_Kloprogge 等 - 2000 - Near-infrared spectroscopic study of [AlO4Al12(OH)23(H2O)12]7+-O-si(OH)3 nitrate crystals formed by.pdf,data\markdown\mechanism\170_Kloprogge 等 - 2000 - Near-infrared spectroscopic study of [AlO4Al12(OH)23(H2O)12]7+-O-si(OH)3 nitrate crystals formed by.md,false,none,unknown,,unknown,,unavailable,false,low,,none,,,
mechanism__171_krishnamurti_等_1999_role_of_tartaric_acid_in_the_inhibition_of_the_formation_of_al13_tridecamer_using_sulfate_precipitat,mechanism,171_Krishnamurti 等 - 1999 - Role of tartaric acid in the inhibition of the formation of Al13 tridecamer using sulfate precipitat,,ROLE OF TARTARIC ACID IN THE INHIBITION OF THE FORMATION OF Al13 TRIDECAMER USING SULFATE PRECIPITATION,G:\paper\Sorted_Database\Mechanism\171_Krishnamurti 等 - 1999 - Role of tartaric acid in the inhibition of the formation of Al13 tridecamer using sulfate precipitat.pdf,data\markdown\mechanism\171_Krishnamurti 等 - 1999 - Role of tartaric acid in the inhibition of the formation of Al13 tridecamer using sulfate precipitat.md,false,none,unknown,,unknown,,unavailable,false,low,,none,,,general url present without supplementary keyword
mechanism__172_krishnamurti_等_2004_effects_of_pyrogallol_on_al13_tridecamer_formation_and_humification,mechanism,172_Krishnamurti 等 - 2004 - Effects of pyrogallol on Al13 tridecamer formation and humification,,EFFECTS OF PYROGALLOL ON Al13 TRIDECAMER FORMATION AND HUMIFICATION,G:\paper\Sorted_Database\Mechanism\172_Krishnamurti 等 - 2004 - Effects of pyrogallol on Al13 tridecamer formation and humification.pdf,data\markdown\mechanism\172_Krishnamurti 等 - 2004 - Effects of pyrogallol on Al13 tridecamer formation and humification.md,false,none,unknown,,unknown,,unavailable,false,low,,none,,,general url present without supplementary keyword
mechanism__175_kumru和bale_1994_aggregation_in_aluminium_hydroxide_solutions_investigated_by_small_angle_x_ray_scattering,mechanism,175_Kumru和Bale - 1994 - Aggregation in aluminium hydroxide solutions investigated by small-angle X-ray scattering,10.1107/S0021889894000245,Aggregation in Aluminium Hydroxide Solutions Investigated by Small-Angle X-ray Scattering,G:\paper\Sorted_Database\Mechanism\175_Kumru和Bale - 1994 - Aggregation in aluminium hydroxide solutions investigated by small-angle X-ray scattering.pdf,data\markdown\mechanism\175_Kumru和Bale - 1994 - Aggregation in aluminium hydroxide solutions investigated by small-angle X-ray scattering.md,false,none,unknown,,unknown,,unavailable,false,low,,none,,,doi detected: 10.1107/S0021889894000245; general url present without supplementary keyword
mechanism__176_kurajica_等_2019_multinuclear_magnetic_resonance_study_on_aluminium_sec_butoxide_chelated_with_ethyl_acetoacetate_in,mechanism,176_Kurajica 等 - 2019 - Multinuclear magnetic resonance study on aluminium sec-butoxide chelated with ethyl acetoacetate in,10.5562/cca3426,Multinuclear Magnetic Resonance Study on Aluminium Sec-butoxide Chelated with Ethyl Acetoacetate in Various Amounts,G:\paper\Sorted_Database\Mechanism\176_Kurajica 等 - 2019 - Multinuclear magnetic resonance study on aluminium sec-butoxide chelated with ethyl acetoacetate in.pdf,data\markdown\mechanism\176_Kurajica 等 - 2019 - Multinuclear magnetic resonance study on aluminium sec-butoxide chelated with ethyl acetoacetate in.md,true,markdown_keyword; pdf_text_keyword,markdown_link,https://doi.org/10.5562/cca3426,unknown,,not_attempted,false,high,Supplementary Information; Supporting Information; ESI,strong,Supplementary Information; Supporting Information; ESI,,supplementary keyword detected with url
mechanism__177_kureti和weisweiler_2002_a_novel_sol_gel_method_for_the_synthesis_of_γ_aluminium_oxide_development_of_the_sol_gel_transforma,mechanism,177_Kureti和Weisweiler - 2002 - A novel sol–gel method for the synthesis of γ-aluminium oxide Development of the sol–gel transforma,,A novel sol–gel method for the synthesis of γ -aluminium oxide: development of the sol–gel transformation and characterization of the xerogel,G:\paper\Sorted_Database\Mechanism\177_Kureti和Weisweiler - 2002 - A novel sol–gel method for the synthesis of γ-aluminium oxide Development of the sol–gel transforma.pdf,data\markdown\mechanism\177_Kureti和Weisweiler - 2002 - A novel sol–gel method for the synthesis of γ-aluminium oxide Development of the sol–gel transforma.md,false,none,unknown,,unknown,,unavailable,false,low,,none,,,
mechanism__178_könig_等_2009_local_structural_changes_in_aluminum_isopropoxide_fluoride_xerogels_and_solids_as_a_consequence_of_t,mechanism,178_König 等 - 2009 - Local structural changes in aluminum isopropoxide fluoride xerogels and solids as a consequence of t,,Local Structural Changes in Aluminum Isopropoxide Fluoride Xerogels and Solids as a Consequence of the Progressive Fluorination Degree,G:\paper\Sorted_Database\Mechanism\178_König 等 - 2009 - Local structural changes in aluminum isopropoxide fluoride xerogels and solids as a consequence of t.pdf,data\markdown\mechanism\178_König 等 - 2009 - Local structural changes in aluminum isopropoxide fluoride xerogels and solids as a consequence of t.md,false,none,unknown,,unknown,,unavailable,false,low,,none,,,
mechanism__179_könig_等_2010_the_fluorolytic_sol_gel_reaction_of_aluminium_alkoxides_a_multinuclear_mas_nmr_study_of_structural,mechanism,179_König 等 - 2010 - The fluorolytic sol–gel reaction of aluminium alkoxides A multinuclear MAS NMR study of structural,10.1007/s10971-010-2288-4,ORIGINAL PAPER,G:\paper\Sorted_Database\Mechanism\179_König 等 - 2010 - The fluorolytic sol–gel reaction of aluminium alkoxides A multinuclear MAS NMR study of structural.pdf,data\markdown\mechanism\179_König 等 - 2010 - The fluorolytic sol–gel reaction of aluminium alkoxides A multinuclear MAS NMR study of structural.md,true,markdown_keyword,markdown_link,http://www.w3.org/1999/02/22-rdf-syntax-ns#,unknown,,not_attempted,false,high,Supporting Information; Supplementary Material; Electronic Supplementary Material; See Supporting Information,strong,Supporting Information; Supplementary Material; Electronic Supplementary Material; See Supporting Information,,supplementary keyword detected with url; online version
mechanism__180_lalik_等_1993_transformations_of_the_aluminum_al13_polyoxycation_intercalated_in_the_layered_lattice_of_molybden,mechanism,180_Lalik 等 - 1993 - Transformations of the aluminum (Al13) polyoxycation intercalated in the layered lattice of molybden,10.1021/j100103a038,Transformations of the Al13 Polyoxycation Intercalated in the Layered Lattice of MoO3,G:\paper\Sorted_Database\Mechanism\180_Lalik 等 - 1993 - Transformations of the aluminum (Al13) polyoxycation intercalated in the layered lattice of molybden.pdf,data\markdown\mechanism\180_Lalik 等 - 1993 - Transformations of the aluminum (Al13) polyoxycation intercalated in the layered lattice of molybden.md,false,none,unknown,,unknown,,unavailable,false,low,,none,,,doi detected: 10.1021/j100103a038; general url present without supplementary keyword
mechanism__181_lanzani_等_2012_study_of_the_stability_of_aluminium_trimeric_clusters_in_aqueous_solutions,mechanism,181_Lanzani 等 - 2012 - Study of the stability of aluminium trimeric clusters in aqueous solutions,10.1080/08927022.2012.674209,This article was downloaded by: [Universitat Politècnica de València],G:\paper\Sorted_Database\Mechanism\181_Lanzani 等 - 2012 - Study of the stability of aluminium trimeric clusters in aqueous solutions.pdf,data\markdown\mechanism\181_Lanzani 等 - 2012 - Study of the stability of aluminium trimeric clusters in aqueous solutions.md,true,markdown_keyword,markdown_link,http://www.tandfonline.com/loi/gmos20,unknown,,not_attempted,false,high,ESI,strong,ESI,,supplementary keyword detected with url
mechanism__182_lartiges_等_1997_flocculation_of_colloidal_silica_with_hydrolyzed_aluminum_an_27al_solid_state_nmr_investigation,mechanism,182_Lartiges 等 - 1997 - Flocculation of colloidal silica with hydrolyzed aluminum An 27Al solid state NMR investigation,,Flocculation of Colloidal Silica with Hydrolyzed Aluminum: An ^27 Al Solid State NMR Investigation,G:\paper\Sorted_Database\Mechanism\182_Lartiges 等 - 1997 - Flocculation of colloidal silica with hydrolyzed aluminum An 27Al solid state NMR investigation.pdf,data\markdown\mechanism\182_Lartiges 等 - 1997 - Flocculation of colloidal silica with hydrolyzed aluminum An 27Al solid state NMR investigation.md,false,none,unknown,,unknown,,unavailable,false,low,,none,,,
mechanism__183_letterman和asolekar_1990_surface_ionization_of_polynuclear_species_in_al_iii_hydrolysis_ii_a_conditional_equilibrium_model,mechanism,183_Letterman和Asolekar - 1990 - Surface ionization of polynuclear species in al(III) hydrolysis—II. A conditional equilibrium model,,SURFACE IONIZATION OF POLYNUCLEAR SPECIES IN Al(III) HYDROLYSIS—II. A CONDITIONAL EQUILIBRIUM MODEL,G:\paper\Sorted_Database\Mechanism\183_Letterman和Asolekar - 1990 - Surface ionization of polynuclear species in al(III) hydrolysis—II. A conditional equilibrium model.pdf,data\markdown\mechanism\183_Letterman和Asolekar - 1990 - Surface ionization of polynuclear species in al(III) hydrolysis—II. A conditional equilibrium model.md,false,none,unknown,,unknown,,unavailable,false,low,,none,,,
mechanism__186_li_等_2019_dft_studies_on_the_al_speciation_and_its_structure_in_aqueous_aluminum_sol_formed_by_aluminum_formoa,mechanism,186_Li 等 - 2019 - DFT studies on the al-speciation and its structure in aqueous aluminum sol formed by aluminum formoa,10.1021/acs.jpcb.9b05821,DFT Studies on the Al-Speciation and Its Structure in Aqueous Aluminum Sol Formed by Aluminum Formoacetate,G:\paper\Sorted_Database\Mechanism\186_Li 等 - 2019 - DFT studies on the al-speciation and its structure in aqueous aluminum sol formed by aluminum formoa.pdf,data\markdown\mechanism\186_Li 等 - 2019 - DFT studies on the al-speciation and its structure in aqueous aluminum sol formed by aluminum formoa.md,true,markdown_keyword; pdf_text_keyword,markdown_link,http://www.w3.org/1999/02/22-rdf-syntax-ns#,unknown,,not_attempted,false,high,Supporting Information; ESI,strong,Supporting Information; ESI,,supplementary keyword detected with url
mechanism__187_li_等_2019_influence_of_h3o_on_the_structure_formation_of_oligomers_in_aluminium_sols_prepared_from_basic_alum,mechanism,187_Li 等 - 2019 - Influence of H3O+ on the structure formation of oligomers in aluminium sols prepared from basic alum,10.1016/j.molliq.2019.111052,Accepted Manuscript,G:\paper\Sorted_Database\Mechanism\187_Li 等 - 2019 - Influence of H3O+ on the structure formation of oligomers in aluminium sols prepared from basic alum.pdf,data\markdown\mechanism\187_Li 等 - 2019 - Influence of H3O+ on the structure formation of oligomers in aluminium sols prepared from basic alum.md,true,pdf_text_keyword,markdown_link,https://doi.org/10.1016/j.molliq.2019.111052,unknown,,not_attempted,false,high,ESI,strong,ESI,,supplementary keyword detected with url
mechanism__188_li_等_2020_a_density_functional_theory_study_on_the_structure_formation_of_al_iii_carboxylate_complexes_in_aqu,mechanism,188_Li 等 - 2020 - A density functional theory study on the structure formation of al(III) carboxylate complexes in aqu,10.1002/qua.26430,A density functional theory study on the structure formation of Al(III) carboxylate complexes in aqueous aluminum sols,G:\paper\Sorted_Database\Mechanism\188_Li 等 - 2020 - A density functional theory study on the structure formation of al(III) carboxylate complexes in aqu.pdf,data\markdown\mechanism\188_Li 等 - 2020 - A density functional theory study on the structure formation of al(III) carboxylate complexes in aqu.md,true,markdown_keyword,markdown_link,https://orcid.org/0000-0003-2441-9351,unknown,,not_attempted,false,high,Supporting Information,strong,Supporting Information,,supplementary keyword detected with url
mechanism__190_lima_等_2005_structural_evolution_of_phosphated_alumina_during_sol_gel_synthesis,mechanism,190_Lima 等 - 2005 - Structural evolution of phosphated alumina during sol−gel synthesis,,Structural Evolution of Phosphated Alumina during Sol–Gel Synthesis,G:\paper\Sorted_Database\Mechanism\190_Lima 等 - 2005 - Structural evolution of phosphated alumina during sol−gel synthesis.pdf,data\markdown\mechanism\190_Lima 等 - 2005 - Structural evolution of phosphated alumina during sol−gel synthesis.md,false,none,unknown,,unknown,,unavailable,false,low,,none,,,
mechanism__191_lin和lee_2010_purification_of_aluminum_tridecamer_salt_using_organic_solvent_precipitation,mechanism,191_Lin和Lee - 2010 - Purification of aluminum tridecamer salt using organic solvent precipitation,10.1016/j.seppur.2010.08.002)/S,Short communication,G:\paper\Sorted_Database\Mechanism\191_Lin和Lee - 2010 - Purification of aluminum tridecamer salt using organic solvent precipitation.pdf,data\markdown\mechanism\191_Lin和Lee - 2010 - Purification of aluminum tridecamer salt using organic solvent precipitation.md,true,markdown_keyword; pdf_text_keyword,markdown_link,http://www.sciencedirect.com/science/journal/13835866)/S,unknown,,not_attempted,false,high,ESI,strong,ESI,,supplementary keyword detected with url
mechanism__192_liu_等_2003_characteristics_of_nanosized_polyaluminum_chloride_coagulant_prepared_by_electrolysis_process,mechanism,192_Liu 等 - 2003 - Characteristics of nanosized polyaluminum chloride coagulant prepared by electrolysis process,10.1016/S0927-7757,Characteristics of nanosized polyaluminum chloride coagulant prepared by electrolysis process,G:\paper\Sorted_Database\Mechanism\192_Liu 等 - 2003 - Characteristics of nanosized polyaluminum chloride coagulant prepared by electrolysis process.pdf,data\markdown\mechanism\192_Liu 等 - 2003 - Characteristics of nanosized polyaluminum chloride coagulant prepared by electrolysis process.md,false,none,unknown,,unknown,,unavailable,false,low,,none,,,doi detected: 10.1016/S0927-7757
mechanism__197_liu_等_2024_elucidating_the_hydrolysis_and_polymerization_reactions_of_al3_solvated_molecules_by_reactive_molec,mechanism,197_Liu 等 - 2024 - Elucidating the hydrolysis and polymerization reactions of Al3+-solvated molecules by reactive molec,10.1002/qua.27483,RESEARCH ARTICLE,G:\paper\Sorted_Database\Mechanism\197_Liu 等 - 2024 - Elucidating the hydrolysis and polymerization reactions of Al3+-solvated molecules by reactive molec.pdf,data\markdown\mechanism\197_Liu 等 - 2024 - Elucidating the hydrolysis and polymerization reactions of Al3+-solvated molecules by reactive molec.md,true,markdown_keyword; pdf_text_keyword,markdown_link,http://crossmark.crossref.org/dialog/?doi=10.1002%2Fqua.27483&domain=pdf&date_stamp=2024-09-16,unknown,,not_attempted,false,high,Supporting Information; ESI,strong,Supporting Information; ESI,,supplementary keyword detected with url
mechanism__198_liu_等_2025_direct_observation_of_key_aluminum_hydroxide_prenucleation_oligomers_for_gibbsite_nucleation_and_cry,mechanism,198_Liu 等 - 2025 - Direct observation of key aluminum hydroxide prenucleation oligomers for gibbsite nucleation and cry,10.46936/lser.proj.2020.51382/60000186,Direct observation of key aluminum hydroxide prenucleation oligomers for gibbsite nucleation and crystallization in sodium aluminate solution by liquid ToF-SIMS,G:\paper\Sorted_Database\Mechanism\198_Liu 等 - 2025 - Direct observation of key aluminum hydroxide prenucleation oligomers for gibbsite nucleation and cry.pdf,data\markdown\mechanism\198_Liu 等 - 2025 - Direct observation of key aluminum hydroxide prenucleation oligomers for gibbsite nucleation and cry.md,true,markdown_keyword; pdf_text_keyword,markdown_link,https://doi.org/10.1016/j.mtchem.2025.102596,unknown,,not_attempted,false,high,ESI; Supplementary Data,strong,ESI; Supplementary Data,,supplementary keyword detected with url; Appendix
mechanism__203_macêdo_等_2004_sol_gel_synthesis_of_transparent_alumina_gel_and_pure_gamma_alumina_by_urea_hydrolysis_of_aluminum_n,mechanism,203_Macêdo 等 - 2004 - Sol-gel synthesis of transparent alumina gel and pure gamma alumina by urea hydrolysis of aluminum n,,Sol-Gel Synthesis of Transparent Alumina Gel and Pure Gamma Alumina by Urea Hydrolysis of Aluminum Nitrate,G:\paper\Sorted_Database\Mechanism\203_Macêdo 等 - 2004 - Sol-gel synthesis of transparent alumina gel and pure gamma alumina by urea hydrolysis of aluminum n.pdf,data\markdown\mechanism\203_Macêdo 等 - 2004 - Sol-gel synthesis of transparent alumina gel and pure gamma alumina by urea hydrolysis of aluminum n.md,false,none,unknown,,unknown,,unavailable,false,low,,none,,,general url present without supplementary keyword
mechanism__207_masion_等_1994_chemistry_and_structure_of_al_oh_organic_precipitates_a_small_angle_x_ray_scattering_study_3_dep,mechanism,207_Masion 等 - 1994 - Chemistry and structure of al(OH)organic precipitates. A small-angle X-ray scattering study. 3. Dep,10.1021/la00023a069,Chemistry and Structure of Al(OH)/Organic Precipitates. A Small-Angle X-ray Scattering Study. 3. Depolymerization of the Al13 Polycation by Organic Ligands,G:\paper\Sorted_Database\Mechanism\207_Masion 等 - 1994 - Chemistry and structure of al(OH)organic precipitates. A small-angle X-ray scattering study. 3. Dep.pdf,data\markdown\mechanism\207_Masion 等 - 1994 - Chemistry and structure of al(OH)organic precipitates. A small-angle X-ray scattering study. 3. Dep.md,false,none,unknown,,unknown,,unavailable,false,low,,none,,,doi detected: 10.1021/la00023a069; general url present without supplementary keyword
mechanism__208_masion_等_1994_formation_of_amorphous_precipitates_from_aluminum_organic_ligands_solutions_macroscopic_and_molecul,mechanism,208_Masion 等 - 1994 - Formation of amorphous precipitates from aluminum-organic ligands solutions Macroscopic and molecul,,Formation of amorphous precipitates from aluminum–organic ligands solutions: macroscopic and molecular study,G:\paper\Sorted_Database\Mechanism\208_Masion 等 - 1994 - Formation of amorphous precipitates from aluminum-organic ligands solutions Macroscopic and molecul.pdf,data\markdown\mechanism\208_Masion 等 - 1994 - Formation of amorphous precipitates from aluminum-organic ligands solutions Macroscopic and molecul.md,true,pdf_text_keyword,unknown,,unknown,,manual_required,true,high,ESI,strong,ESI,,supplementary keyword detected without url
mechanism__209_mathieu_等_2007_control_of_the_morphology_and_particle_size_of_boehmite_nanoparticles_synthesized_under_hydrothermal,mechanism,209_Mathieu 等 - 2007 - Control of the morphology and particle size of boehmite nanoparticles synthesized under hydrothermal,,Control of the Morphology and Particle Size of Boehmite Nanoparticles Synthesized under Hydrothermal Conditions,G:\paper\Sorted_Database\Mechanism\209_Mathieu 等 - 2007 - Control of the morphology and particle size of boehmite nanoparticles synthesized under hydrothermal.pdf,data\markdown\mechanism\209_Mathieu 等 - 2007 - Control of the morphology and particle size of boehmite nanoparticles synthesized under hydrothermal.md,false,none,unknown,,unknown,,unavailable,false,low,,none,,,
mechanism__210_may_等_1997_precursor_aluminum_effect_in_the_synthesis_of_sol_ąígel_si_ąíal_catalysts_äč_ftir_and_nmr_character,mechanism,210_May 等 - 1997 - Precursor aluminum effect in the synthesis of sol‚ąíGel si‚ąíAl catalysts‚ÄČ FTIR and NMR character,,Precursor Aluminum Effect in the Synthesis of Sol–Gel Si–Al Catalysts: FTIR and NMR Characterization,G:\paper\Sorted_Database\Mechanism\210_May 等 - 1997 - Precursor aluminum effect in the synthesis of sol‚ąíGel si‚ąíAl catalysts‚ÄČ FTIR and NMR character.pdf,data\markdown\mechanism\210_May 等 - 1997 - Precursor aluminum effect in the synthesis of sol‚ąíGel si‚ąíAl catalysts‚ÄČ FTIR and NMR character.md,false,none,unknown,,unknown,,unavailable,false,low,,none,,,
mechanism__211_mezei_等_1998_chemical_processes_involved_in_the_sol_gel_preparation_of_an_aluminium_oxohydroxide_gel_from_alumini,mechanism,211_Mezei 等 - 1998 - Chemical processes involved in the sol–gel preparation of an aluminium oxohydroxide gel from alumini,10.1039/a802660b,Chemical processes involved in the sol–gel preparation of an aluminium oxohydroxide gel from aluminium nitrate in organic medium,G:\paper\Sorted_Database\Mechanism\211_Mezei 等 - 1998 - Chemical processes involved in the sol–gel preparation of an aluminium oxohydroxide gel from alumini.pdf,data\markdown\mechanism\211_Mezei 等 - 1998 - Chemical processes involved in the sol–gel preparation of an aluminium oxohydroxide gel from alumini.md,false,none,unknown,,unknown,,unavailable,false,low,,none,,,doi detected: 10.1039/a802660b; general url present without supplementary keyword
mechanism__214_monsef_mirzai_等_1991_some_observations_on_the_reaction_of_tris_isopropoxoaluminium_iii_with_limited_quantities_of_water,mechanism,214_Monsef-Mirzai 等 - 1991 - Some observations on the reaction of tris-isopropoxoaluminium(III) with limited quantities of water,,Some observations on the reaction of tris-isopropoxoaluminium(III) with limited quantities of water and with ortho-substituted phenols,G:\paper\Sorted_Database\Mechanism\214_Monsef-Mirzai 等 - 1991 - Some observations on the reaction of tris-isopropoxoaluminium(III) with limited quantities of water.pdf,data\markdown\mechanism\214_Monsef-Mirzai 等 - 1991 - Some observations on the reaction of tris-isopropoxoaluminium(III) with limited quantities of water.md,false,none,unknown,,unknown,,unavailable,false,low,,none,,,
mechanism__216_morgado_jr_等_1995_characterization_of_peptized_boehmite_systems_an27al_nuclear_magnetic_resonance_study,mechanism,216_Morgado Jr. 等 - 1995 - Characterization of peptized boehmite systems An27Al nuclear magnetic resonance study,,Characterization of Peptized Boehmite Systems: An ^27 Al Nuclear Magnetic Resonance Study,G:\paper\Sorted_Database\Mechanism\216_Morgado Jr. 等 - 1995 - Characterization of peptized boehmite systems An27Al nuclear magnetic resonance study.pdf,data\markdown\mechanism\216_Morgado Jr. 等 - 1995 - Characterization of peptized boehmite systems An27Al nuclear magnetic resonance study.md,false,none,unknown,,unknown,,unavailable,false,low,,none,,,
mechanism__217_morgado_等_1997_formation_of_peptizable_boehmites_by_hydrolysis_of_aluminum_nitrate_in_aqueous_solution,mechanism,217_Morgado 等 - 1997 - Formation of peptizable boehmites by hydrolysis of aluminum nitrate in aqueous solution,,Formation of Peptizable Boehmites by Hydrolysis of Aluminum Nitrate in Aqueous Solution,G:\paper\Sorted_Database\Mechanism\217_Morgado 等 - 1997 - Formation of peptizable boehmites by hydrolysis of aluminum nitrate in aqueous solution.pdf,data\markdown\mechanism\217_Morgado 等 - 1997 - Formation of peptizable boehmites by hydrolysis of aluminum nitrate in aqueous solution.md,false,none,unknown,,unknown,,unavailable,false,low,,none,,,
mechanism__220_nazar_等_1992_27al_mas_nmr_studies_of_a_new_polyoxyaluminium_cluster_and_its_selective_transformation_to_five_coor,mechanism,220_Nazar 等 - 1992 - 27Al MAS NMR studies of a new polyoxyaluminium cluster and its selective transformation to five-coor,10.1039/c39920000251,^27 AI MAS NMR Studies of a New Polyoxyaluminium Cluster and its Selective Transformation to Five-coordinate Aluminium in the Solid State,G:\paper\Sorted_Database\Mechanism\220_Nazar 等 - 1992 - 27Al MAS NMR studies of a new polyoxyaluminium cluster and its selective transformation to five-coor.pdf,data\markdown\mechanism\220_Nazar 等 - 1992 - 27Al MAS NMR studies of a new polyoxyaluminium cluster and its selective transformation to five-coor.md,false,none,unknown,,unknown,,unavailable,false,low,,none,,,doi detected: 10.1039/c39920000251; general url present without supplementary keyword
mechanism__221_nofz_等_2006_27al_nmr_study_of_al_speciation_in_aqueous_alumina_sols,mechanism,221_Nofz 等 - 2006 - 27Al NMR study of al-speciation in aqueous alumina-sols,,^27 Al NMR Study of Al-Speciation in Aqueous Alumina-Sols,G:\paper\Sorted_Database\Mechanism\221_Nofz 等 - 2006 - 27Al NMR study of al-speciation in aqueous alumina-sols.pdf,data\markdown\mechanism\221_Nofz 等 - 2006 - 27Al NMR study of al-speciation in aqueous alumina-sols.md,false,none,unknown,,unknown,,unavailable,false,low,,none,,,general url present without supplementary keyword
mechanism__222_nordin_等_1998_an_17o_nmr_study_of_the_exchange_of_water_on_aloh_h2o_52_aq,mechanism,222_Nordin 等 - 1998 - An 17O-NMR study of the exchange of water on AlOH(H2O)52+(aq),,Articles,G:\paper\Sorted_Database\Mechanism\222_Nordin 等 - 1998 - An 17O-NMR study of the exchange of water on AlOH(H2O)52+(aq).pdf,data\markdown\mechanism\222_Nordin 等 - 1998 - An 17O-NMR study of the exchange of water on AlOH(H2O)52+(aq).md,true,markdown_keyword,unknown,,unknown,,manual_required,true,high,Supporting Information,strong,Supporting Information,,supplementary keyword detected without url
mechanism__223_occelli_等_2000_physicochemical_characterization_of_a_texas_montmorillonite_pillared_with_polyoxocations_of_aluminum,mechanism,223_Occelli 等 - 2000 - Physicochemical characterization of a texas montmorillonite pillared with polyoxocations of aluminum,,Physicochemical characterization of a Texas montmorillonite pillared with polyoxocations of aluminum Part I: the microporous structure,G:\paper\Sorted_Database\Mechanism\223_Occelli 等 - 2000 - Physicochemical characterization of a texas montmorillonite pillared with polyoxocations of aluminum.pdf,data\markdown\mechanism\223_Occelli 等 - 2000 - Physicochemical characterization of a texas montmorillonite pillared with polyoxocations of aluminum.md,false,none,unknown,,unknown,,unavailable,false,low,,none,,,
mechanism__225_ouadah_等_2017_analysis_and_characterization_of_aluminum_chlorohydrate_oligocations_by_capillary_electrophoresis,mechanism,225_Ouadah 等 - 2017 - Analysis and characterization of aluminum chlorohydrate oligocations by capillary electrophoresis,10.1016/j.chroma.2017.02.008,Accepted Manuscript,G:\paper\Sorted_Database\Mechanism\225_Ouadah 等 - 2017 - Analysis and characterization of aluminum chlorohydrate oligocations by capillary electrophoresis.pdf,data\markdown\mechanism\225_Ouadah 等 - 2017 - Analysis and characterization of aluminum chlorohydrate oligocations by capillary electrophoresis.md,false,none,unknown,,unknown,,unavailable,false,low,,none,,,doi detected: 10.1016/j.chroma.2017.02.008; general url present without supplementary keyword
mechanism__226_palmer和wesolowski_1993_aluminum_speciation_and_equilibria_in_aqueous_solution_iii_potentiometric_determination_of_the_fir,mechanism,226_Palmer和Wesolowski - 1993 - Aluminum speciation and equilibria in aqueous solution III. Potentiometric determination of the fir,,Aluminum speciation and equilibria in aqueous solution: III. Potentiometric determination of the first hydrolysis constant of aluminum(III) in sodium chloride solutions to 125°C,G:\paper\Sorted_Database\Mechanism\226_Palmer和Wesolowski - 1993 - Aluminum speciation and equilibria in aqueous solution III. Potentiometric determination of the fir.pdf,data\markdown\mechanism\226_Palmer和Wesolowski - 1993 - Aluminum speciation and equilibria in aqueous solution III. Potentiometric determination of the fir.md,false,none,unknown,,unknown,,unavailable,false,low,,none,,,non-supplementary weak phrases present; Appendix
mechanism__227_parker和bertsch_1992_formation_of_the_al13_tridecameric_aluminum_polycation_under_diverse_synthesis_conditions,mechanism,227_Parker和Bertsch - 1992 - Formation of the “Al13” tridecameric aluminum polycation under diverse synthesis conditions,10.1021/es00029a007,"(34) Plee, D.; Gatineau, L.; Fripiat, J. J. Clays Clay Miner. 1987, 35, 81.",G:\paper\Sorted_Database\Mechanism\227_Parker和Bertsch - 1992 - Formation of the “Al13” tridecameric aluminum polycation under diverse synthesis conditions.pdf,data\markdown\mechanism\227_Parker和Bertsch - 1992 - Formation of the “Al13” tridecameric aluminum polycation under diverse synthesis conditions.md,false,none,unknown,,unknown,,unavailable,false,low,,none,,,doi detected: 10.1021/es00029a007; general url present without supplementary keyword
mechanism__228_parker和bertsch_1992_identification_and_quantification_of_the_al13_tridecameric_aluminum_polycation_using_ferron,mechanism,228_Parker和Bertsch - 1992 - Identification and quantification of the “Al13” tridecameric aluminum polycation using ferron,10.1021/es00029a006,"(5) Sudicky, E. A. University of Waterloo, Waterloo, Ontario, Canada, personal communication to Michael R. Anderson of the Oregon Graduate Institute, 1988.",G:\paper\Sorted_Database\Mechanism\228_Parker和Bertsch - 1992 - Identification and quantification of the “Al13” tridecameric aluminum polycation using ferron.pdf,data\markdown\mechanism\228_Parker和Bertsch - 1992 - Identification and quantification of the “Al13” tridecameric aluminum polycation using ferron.md,false,none,unknown,,unknown,,unavailable,false,low,,none,,,doi detected: 10.1021/es00029a006; general url present without supplementary keyword
mechanism__229_pascual_cosp_等_2009_synthesis_and_characterization_of_a_new_aluminium_based_compound,mechanism,229_Pascual-Cosp 等 - 2009 - Synthesis and characterization of a new aluminium-based compound,10.1039/b900550a,Synthesis and characterization of a new aluminium-based compound,G:\paper\Sorted_Database\Mechanism\229_Pascual-Cosp 等 - 2009 - Synthesis and characterization of a new aluminium-based compound.pdf,data\markdown\mechanism\229_Pascual-Cosp 等 - 2009 - Synthesis and characterization of a new aluminium-based compound.md,false,none,unknown,,unknown,,unavailable,false,low,,none,,,doi detected: 10.1039/b900550a; general url present without supplementary keyword
mechanism__231_peptization_and_al_keggin_species_in_alumina_sol,mechanism,231_Peptization_and_Al-Keggin_Species_in_Alumina_Sol,,Scientific paper,G:\paper\Sorted_Database\Mechanism\231_Peptization_and_Al-Keggin_Species_in_Alumina_Sol.pdf,data\markdown\mechanism\231_Peptization_and_Al-Keggin_Species_in_Alumina_Sol.md,false,none,unknown,,unknown,,unavailable,false,low,,none,,,general url present without supplementary keyword
mechanism__232_perkins_等_2017_synthesis_of_an_aluminum_hydroxide_octamer_through_a_simple_dissolution_method,mechanism,232_Perkins 等 - 2017 - Synthesis of an aluminum hydroxide octamer through a simple dissolution method,10.1002/anie.201702318,Aluminum Clusters,G:\paper\Sorted_Database\Mechanism\232_Perkins 等 - 2017 - Synthesis of an aluminum hydroxide octamer through a simple dissolution method.pdf,data\markdown\mechanism\232_Perkins 等 - 2017 - Synthesis of an aluminum hydroxide octamer through a simple dissolution method.md,true,markdown_keyword; pdf_text_keyword,markdown_link,http://www.w3.org/1999/02/22-rdf-syntax-ns#,unknown,,not_attempted,false,high,Supporting Information; ESI,strong,Supporting Information; ESI,,supplementary keyword detected with url
mechanism__233_perry和shafran_2001_the_systematic_study_of_aluminium_speciation_in_medium_concentrated_aqueous_solutions,mechanism,233_Perry和Shafran - 2001 - The systematic study of aluminium speciation in medium concentrated aqueous solutions,,The systematic study of aluminium speciation in medium concentrated aqueous solutions,G:\paper\Sorted_Database\Mechanism\233_Perry和Shafran - 2001 - The systematic study of aluminium speciation in medium concentrated aqueous solutions.pdf,data\markdown\mechanism\233_Perry和Shafran - 2001 - The systematic study of aluminium speciation in medium concentrated aqueous solutions.md,false,none,unknown,,unknown,,unavailable,false,low,,none,,,
mechanism__235_phillips_等_2003_rates_of_oxygen_exchange_between_the_al2o8al28_oh_56_h2o_2618_aq_al30_molecule_and_aqueous_solut,mechanism,235_Phillips 等 - 2003 - Rates of oxygen exchange between the Al2O8Al28(OH)56(H2O)2618+(aq) (Al30) molecule and aqueous solut,10.1016/S0016-7037(03)00108-X,doi:10.1016/S0016-7037(03)00108-X,G:\paper\Sorted_Database\Mechanism\235_Phillips 等 - 2003 - Rates of oxygen exchange between the Al2O8Al28(OH)56(H2O)2618+(aq) (Al30) molecule and aqueous solut.pdf,data\markdown\mechanism\235_Phillips 等 - 2003 - Rates of oxygen exchange between the Al2O8Al28(OH)56(H2O)2618+(aq) (Al30) molecule and aqueous solut.md,false,none,unknown,,unknown,,unavailable,false,low,,none,,,non-supplementary weak phrases present; doi detected: 10.1016/S0016-7037(03)00108-X; Appendix
mechanism__236_phillips_等_2016_characterization_of_al_30_in_commercial_poly_aluminum_chlorohydrate_by_solid_state_27_al_nmr_spectro,mechanism,236_Phillips 等 - 2016 - Characterization of al 30 in commercial poly-aluminum chlorohydrate by solid-state 27 al NMR spectro,10.1016/j.jcis.2016.05.019,Characterization of Al30 in commercial poly-aluminum chlorohydrate by solid-state ^27Al NMR spectroscopy,G:\paper\Sorted_Database\Mechanism\236_Phillips 等 - 2016 - Characterization of al 30 in commercial poly-aluminum chlorohydrate by solid-state 27 al NMR spectro.pdf,data\markdown\mechanism\236_Phillips 等 - 2016 - Characterization of al 30 in commercial poly-aluminum chlorohydrate by solid-state 27 al NMR spectro.md,true,markdown_keyword,markdown_link,http://dx.doi.org/10.1016/j.jcis.2016.05.019,unknown,,not_attempted,false,high,Supplementary Information; Supplementary Material; Supplementary Data,strong,Supplementary Information; Supplementary Material; Supplementary Data,,supplementary keyword detected with url; Appendix; available online; online version
mechanism__237_pillaring_of_a_layered_titanate_with_alumina_effect_of_hydrolysis,mechanism,237_PILLARING OF A LAYERED TITANATE WITH ALUMINA EFFECT OF HYDROLYSIS,,PILLARING OF A LAYERED TITANATE WITH ALUMINA: EFFECT OF HYDROLYSIS SOLUTION,G:\paper\Sorted_Database\Mechanism\237_PILLARING OF A LAYERED TITANATE WITH ALUMINA EFFECT OF HYDROLYSIS.pdf,data\markdown\mechanism\237_PILLARING OF A LAYERED TITANATE WITH ALUMINA EFFECT OF HYDROLYSIS.md,false,none,unknown,,unknown,,unavailable,false,low,,none,,,general url present without supplementary keyword
mechanism__238_potentiometric_titration_curves_of_aluminium_salt_solutions_and_its_species_conversion_in_the_hydrolysis_polymerization_course,mechanism,238_POTENTIOMETRIC TITRATION CURVES OF ALUMINIUM SALT SOLUTIONS AND ITS SPECIES CONVERSION IN THE HYDROLYSIS-POLYMERIZATION COURSE,,POTENTIOMETRIC TITRATION CURVES OF ALUMINIUM SALT SOLUTIONS AND ITS SPECIES CONVERSION IN THE HYDROLYSIS-POLYMERIZATION COURSE,G:\paper\Sorted_Database\Mechanism\238_POTENTIOMETRIC TITRATION CURVES OF ALUMINIUM SALT SOLUTIONS AND ITS SPECIES CONVERSION IN THE HYDROLYSIS-POLYMERIZATION COURSE.pdf,data\markdown\mechanism\238_POTENTIOMETRIC TITRATION CURVES OF ALUMINIUM SALT SOLUTIONS AND ITS SPECIES CONVERSION IN THE HYDROLYSIS-POLYMERIZATION COURSE.md,false,none,unknown,,unknown,,unavailable,false,low,,none,,,
mechanism__239_pozarnsky和mccormick_1996_the_role_of_transesterification_in_the_multistep_prehydrolysis_solgel_synthesis_of_aluminum_rich,mechanism,239_Pozarnsky和McCormick - 1996 - The role of transesterification in the multistep “prehydrolysis” solgel synthesis of aluminum-rich,,The role of transesterification in the multistep “prehydrolysis” sol/gel synthesis of aluminum-rich aluminosilicate gels,G:\paper\Sorted_Database\Mechanism\239_Pozarnsky和McCormick - 1996 - The role of transesterification in the multistep “prehydrolysis” solgel synthesis of aluminum-rich.pdf,data\markdown\mechanism\239_Pozarnsky和McCormick - 1996 - The role of transesterification in the multistep “prehydrolysis” solgel synthesis of aluminum-rich.md,false,none,unknown,,unknown,,unavailable,false,low,,none,,,
mechanism__244_progress_in_the_species_of_al30_in_hydrolytic_polymeric_aluminum_solutions中文,mechanism,244_Progress in the Species of Al30 in Hydrolytic Polymeric Aluminum Solutions中文,,水解聚合铝溶液中 Al30 形态的研究 ^*,G:\paper\Sorted_Database\Mechanism\244_Progress in the Species of Al30 in Hydrolytic Polymeric Aluminum Solutions中文.pdf,data\markdown\mechanism\244_Progress in the Species of Al30 in Hydrolytic Polymeric Aluminum Solutions中文.md,false,none,unknown,,unknown,,unavailable,false,low,,none,,,
mechanism__247_quartararo_等_1999_sol_gel_synthesis_of_alumina_modified_by_phosphorus_a_solid_state_nmr_characterization_study,mechanism,247_Quartararo 等 - 1999 - Sol–gel synthesis of alumina modified by phosphorus A solid state NMR characterization study,10.1039/a903889b,Sol–gel synthesis of alumina modified by phosphorus: a solid state NMR characterization study,G:\paper\Sorted_Database\Mechanism\247_Quartararo 等 - 1999 - Sol–gel synthesis of alumina modified by phosphorus A solid state NMR characterization study.pdf,data\markdown\mechanism\247_Quartararo 等 - 1999 - Sol–gel synthesis of alumina modified by phosphorus A solid state NMR characterization study.md,true,pdf_text_keyword,markdown_link,https://doi.org/10.1039/a903889b,unknown,,not_attempted,false,high,ESI,strong,ESI,,supplementary keyword detected with url
mechanism__248_raman_microscopy_study_of_basic_aluminium_nitrate,mechanism,248_Raman microscopy study of basic aluminium nitrate,,Raman microscopy study of basic aluminium nitrate,G:\paper\Sorted_Database\Mechanism\248_Raman microscopy study of basic aluminium nitrate.pdf,data\markdown\mechanism\248_Raman microscopy study of basic aluminium nitrate.md,false,none,unknown,,unknown,,unavailable,false,low,,none,,,
mechanism__250_reusser_等_2015_energetic_insight_into_the_formation_of_solids_from_aluminum_polyoxocations,mechanism,250_Reusser 等 - 2015 - Energetic insight into the formation of solids from aluminum polyoxocations,10.1002/anie.201503544,![](G:/paper/Al-gel-sol/alumina_sol_extractor/data/outputs/250_Reusser 等 - 2015 - Energetic insight into the formation of solids from aluminum polyoxocations/figures_all/2920f45bd8a7ee79cad05c74f7ccd8,G:\paper\Sorted_Database\Mechanism\250_Reusser 等 - 2015 - Energetic insight into the formation of solids from aluminum polyoxocations.pdf,data\markdown\mechanism\250_Reusser 等 - 2015 - Energetic insight into the formation of solids from aluminum polyoxocations.md,true,markdown_keyword,markdown_link,http://dx.doi.org/10.1002/anie.201503544,unknown,,not_attempted,false,high,Supporting Information,strong,Supporting Information,,supplementary keyword detected with url
mechanism__251_rezgui_等_1994_chemistry_of_sol_gel_synthesis_of_aluminum_oxides_with_in_situ_water_formation_control_of_the_morph,mechanism,251_Rezgui 等 - 1994 - Chemistry of sol-gel synthesis of aluminum oxides with in situ water formation Control of the morph,10.1021/cm00048a029,Chemistry of Sol–Gel Synthesis of Aluminum Oxides with in Situ Water Formation: Control of the Morphology and Texture,G:\paper\Sorted_Database\Mechanism\251_Rezgui 等 - 1994 - Chemistry of sol-gel synthesis of aluminum oxides with in situ water formation Control of the morph.pdf,data\markdown\mechanism\251_Rezgui 等 - 1994 - Chemistry of sol-gel synthesis of aluminum oxides with in situ water formation Control of the morph.md,true,pdf_text_keyword,markdown_link,http://www.w3.org/1999/02/22-rdf-syntax-ns#,unknown,,not_attempted,false,high,ESI,strong,ESI,,supplementary keyword detected with url
mechanism__252_rezgui和gates_1994_sol_gel_synthesis_of_alumina_in_the_presence_of_acetic_acid_distinguishing_gels_and_gelatinous_prec,mechanism,252_Rezgui和Gates - 1994 - Sol-gel synthesis of alumina in the presence of acetic acid Distinguishing gels and gelatinous prec,10.1021/cm00048a028,Sol-Gel Synthesis of Alumina in the Presence of Acetic Acid: Distinguishing Gels and Gelatinous Precipitates by NMR Spectroscopy,G:\paper\Sorted_Database\Mechanism\252_Rezgui和Gates - 1994 - Sol-gel synthesis of alumina in the presence of acetic acid Distinguishing gels and gelatinous prec.pdf,data\markdown\mechanism\252_Rezgui和Gates - 1994 - Sol-gel synthesis of alumina in the presence of acetic acid Distinguishing gels and gelatinous prec.md,false,none,unknown,,unknown,,unavailable,false,low,,none,,,doi detected: 10.1021/cm00048a028; general url present without supplementary keyword
mechanism__253_richter_等_1999_water_activities_in_solutions_of_basic_aluminum_chlorides,mechanism,253_Richter 等 - 1999 - Water activities in solutions of basic aluminum chlorides,,Water Activities in Solutions of Basic Aluminum Chlorides,G:\paper\Sorted_Database\Mechanism\253_Richter 等 - 1999 - Water activities in solutions of basic aluminum chlorides.pdf,data\markdown\mechanism\253_Richter 等 - 1999 - Water activities in solutions of basic aluminum chlorides.md,false,none,unknown,,unknown,,unavailable,false,low,,none,,,
mechanism__254_samadi_maybodi_等_2006_aluminium_27_nmr_investigation_of_the_2_hydroxyethyl_trimethyl_ammonium_aluminosilicate_solution,mechanism,254_Samadi-Maybodi 等 - 2006 - Aluminium-27 NMR investigation of the 2-hydroxyethyl(trimethyl)ammonium aluminosilicate solution,,Aluminium-27 NMR Investigation of the 2-Hydroxyethyl(trimethyl)-ammonium Aluminosilicate Solution,G:\paper\Sorted_Database\Mechanism\254_Samadi-Maybodi 等 - 2006 - Aluminium-27 NMR investigation of the 2-hydroxyethyl(trimethyl)ammonium aluminosilicate solution.pdf,data\markdown\mechanism\254_Samadi-Maybodi 等 - 2006 - Aluminium-27 NMR investigation of the 2-hydroxyethyl(trimethyl)ammonium aluminosilicate solution.md,false,none,unknown,,unknown,,unavailable,false,low,,none,,,
mechanism__255_sarpola_等_2004_identification_of_the_hydrolysis_products_of_alcl3_6h2o_by_electrospray_ionization_mass_spectrometry,mechanism,255_Sarpola 等 - 2004 - Identification of the hydrolysis products of AlCl3·6H2O by electrospray ionization mass spectrometry,10.1002/jms.607,Identification of the hydrolysis products of AlCl3cdot6H2O by electrospray ionization mass spectrometry,G:\paper\Sorted_Database\Mechanism\255_Sarpola 等 - 2004 - Identification of the hydrolysis products of AlCl3·6H2O by electrospray ionization mass spectrometry.pdf,data\markdown\mechanism\255_Sarpola 等 - 2004 - Identification of the hydrolysis products of AlCl3·6H2O by electrospray ionization mass spectrometry.md,true,markdown_keyword,unknown,,unknown,,manual_required,true,high,ESI,strong,ESI,,supplementary keyword detected without url
mechanism__256_sarpola_等_2007_identification_of_hydrolysis_products_of_alcl3_6h2o_in_the_presence_of_sulfate_by_electrospray_ioniz,mechanism,256_Sarpola 等 - 2007 - Identification of hydrolysis products of AlCl3·6H2O in the presence of sulfate by electrospray ioniz,10.1039/b614814j,Identification of hydrolysis products of AlCl3cdot6H2O in the presence of sulfate by electrospray ionization time-of-flight mass spectrometry and computational methods,G:\paper\Sorted_Database\Mechanism\256_Sarpola 等 - 2007 - Identification of hydrolysis products of AlCl3·6H2O in the presence of sulfate by electrospray ioniz.pdf,data\markdown\mechanism\256_Sarpola 等 - 2007 - Identification of hydrolysis products of AlCl3·6H2O in the presence of sulfate by electrospray ioniz.md,true,markdown_keyword,markdown_link,https://doi.org/10.1039/b614814j,unknown,,not_attempted,false,high,ESI,strong,ESI,,supplementary keyword detected with url
mechanism__257_shafran_等_2005_the_static_anion_exchange_method_for_generation_of_high_purity_aluminium_polyoxocations_and_monodisp,mechanism,257_Shafran 等 - 2005 - The static anion exchange method for generation of high purity aluminium polyoxocations and monodisp,10.1039/b505466d,The static anion exchange method for generation of high purity aluminium polyoxocations and monodisperse aluminium hydroxide nanoparticles,G:\paper\Sorted_Database\Mechanism\257_Shafran 等 - 2005 - The static anion exchange method for generation of high purity aluminium polyoxocations and monodisp.pdf,data\markdown\mechanism\257_Shafran 等 - 2005 - The static anion exchange method for generation of high purity aluminium polyoxocations and monodisp.md,false,none,unknown,,unknown,,unavailable,false,low,,none,,,doi detected: 10.1039/b505466d; general url present without supplementary keyword
mechanism__258_shafran和perry_2005_a_systematic_investigation_of_aluminium_ion_speciation_at_high_temperature_part_1_solution_studie,mechanism,258_Shafran和Perry - 2005 - A systematic investigation of aluminium ion speciation at high temperature. Part. 1. Solution studie,,A systematic investigation of aluminium ion speciation at high temperature. Part. 1. Solution studies,G:\paper\Sorted_Database\Mechanism\258_Shafran和Perry - 2005 - A systematic investigation of aluminium ion speciation at high temperature. Part. 1. Solution studie.pdf,data\markdown\mechanism\258_Shafran和Perry - 2005 - A systematic investigation of aluminium ion speciation at high temperature. Part. 1. Solution studie.md,true,pdf_text_keyword,unknown,,unknown,,manual_required,true,high,ESI,strong,ESI,,supplementary keyword detected without url
mechanism__259_shang_等_2012_a_template_free_synthesis_of_mesoporous_crystalline_γ_alumina_through_partial_hydrolysis_of_aluminum,mechanism,259_Shang 等 - 2012 - A template-free synthesis of mesoporous crystalline γ-alumina through partial hydrolysis of aluminum,10.1016/j.matlet.2012.05.109,A template-free synthesis of mesoporous crystalline γ -alumina through partial hydrolysis of aluminum nitrate aqueous solution,G:\paper\Sorted_Database\Mechanism\259_Shang 等 - 2012 - A template-free synthesis of mesoporous crystalline γ-alumina through partial hydrolysis of aluminum.pdf,data\markdown\mechanism\259_Shang 等 - 2012 - A template-free synthesis of mesoporous crystalline γ-alumina through partial hydrolysis of aluminum.md,false,none,unknown,,unknown,,unavailable,false,low,,none,,,non-supplementary weak phrases present; doi detected: 10.1016/j.matlet.2012.05.109; general url present without supplementary keyword; available online
mechanism__260_shang_等_2012_facile_strategy_for_synthesis_of_mesoporous_crystalline_γ_alumina_by_partially_hydrolyzing_aluminum,mechanism,260_Shang 等 - 2012 - Facile strategy for synthesis of mesoporous crystalline γ-alumina by partially hydrolyzing aluminum,10.1039/c2jm35508f,Facile strategy for synthesis of mesoporous crystalline γ -alumina by partially hydrolyzing aluminum nitrate solution,G:\paper\Sorted_Database\Mechanism\260_Shang 等 - 2012 - Facile strategy for synthesis of mesoporous crystalline γ-alumina by partially hydrolyzing aluminum.pdf,data\markdown\mechanism\260_Shang 等 - 2012 - Facile strategy for synthesis of mesoporous crystalline γ-alumina by partially hydrolyzing aluminum.md,true,pdf_text_keyword,markdown_link,https://doi.org/10.1039/c2jm35508f,unknown,,not_attempted,false,high,ESI,strong,ESI,,supplementary keyword detected with url
mechanism__261_sharbatdaran_等_2012_modification_of_aluminium_alkoxide_with_different_long_chain_chelating_agent_hydrolysis_and_charact,mechanism,261_Sharbatdaran 等 - 2012 - Modification of aluminium alkoxide with different long-chain chelating agent Hydrolysis and charact,,Modification of Aluminium Alkoxide with Different Long-Chain Chelating Agent: Hydrolysis and Characterization of the Product,G:\paper\Sorted_Database\Mechanism\261_Sharbatdaran 等 - 2012 - Modification of aluminium alkoxide with different long-chain chelating agent Hydrolysis and charact.pdf,data\markdown\mechanism\261_Sharbatdaran 等 - 2012 - Modification of aluminium alkoxide with different long-chain chelating agent Hydrolysis and charact.md,false,none,unknown,,unknown,,unavailable,false,low,,none,,,general url present without supplementary keyword
mechanism__263_shindo_等_2003_applicability_of_mcm_41_as_column_packing_in_hplc_for_the_evaluation_of_aluminum_species_in_partiall,mechanism,263_Shindo 等 - 2003 - Applicability of MCM-41 as column packing in HPLC for the evaluation of aluminum species in partiall,10.1016/S1387-1811,Applicability of MCM-41 as column packing in HPLC for the evaluation of aluminum species in partially neutralized aluminum solutions,G:\paper\Sorted_Database\Mechanism\263_Shindo 等 - 2003 - Applicability of MCM-41 as column packing in HPLC for the evaluation of aluminum species in partiall.pdf,data\markdown\mechanism\263_Shindo 等 - 2003 - Applicability of MCM-41 as column packing in HPLC for the evaluation of aluminum species in partiall.md,false,none,unknown,,unknown,,unavailable,false,low,,none,,,doi detected: 10.1016/S1387-1811
mechanism__265_singh_1982_hydrolytic_reactions_and_properties_of_dilute_aluminum_salt_solutions,mechanism,265_Singh - 1982 - Hydrolytic reactions and properties of dilute aluminum salt solutions,,HYDROLYTIC REACTIONS AND PROPERTIES OF DILUTE ALUMINUM SALT SOLUTIONS,G:\paper\Sorted_Database\Mechanism\265_Singh - 1982 - Hydrolytic reactions and properties of dilute aluminum salt solutions.pdf,data\markdown\mechanism\265_Singh - 1982 - Hydrolytic reactions and properties of dilute aluminum salt solutions.md,false,none,unknown,,unknown,,unavailable,false,low,,none,,,non-supplementary weak phrases present; general url present without supplementary keyword; Appendix
mechanism__266_singh_2011_hydrolytic_reactions_and_properties_of_dilute_aluminum_salt_solutions,mechanism,266_singh-2011-hydrolytic-reactions-and-properties-of-dilute-aluminum-salt-solutions,,HYDROLYTIC REACTIONS AND PROPERTIES OF DILUTE ALUMINUM SALT SOLUTIONS,G:\paper\Sorted_Database\Mechanism\266_singh-2011-hydrolytic-reactions-and-properties-of-dilute-aluminum-salt-solutions.pdf,data\markdown\mechanism\266_singh-2011-hydrolytic-reactions-and-properties-of-dilute-aluminum-salt-solutions.md,false,none,unknown,,unknown,,unavailable,false,low,,none,,,non-supplementary weak phrases present; general url present without supplementary keyword; Appendix
mechanism__267_singhal和keefer_1994_a_study_of_aluminum_speciation_in_aluminum_chloride_solutions_by_small_angle_x_ray_scattering_and_27,mechanism,267_Singhal和Keefer - 1994 - A study of aluminum speciation in aluminum chloride solutions by small angle x-ray scattering and 27,,A study of aluminum speciation in aluminum chloride solutions by small angle x-ray scattering and ^27 Al NMR,G:\paper\Sorted_Database\Mechanism\267_Singhal和Keefer - 1994 - A study of aluminum speciation in aluminum chloride solutions by small angle x-ray scattering and 27.pdf,data\markdown\mechanism\267_Singhal和Keefer - 1994 - A study of aluminum speciation in aluminum chloride solutions by small angle x-ray scattering and 27.md,false,none,unknown,,unknown,,unavailable,false,low,,none,,,general url present without supplementary keyword
mechanism__268_sinkó_等_1999_gel_structures_containing_al_iii,mechanism,268_Sinkó 等 - 1999 - Gel structures containing al(III),,Gel Structures Containing Al(III),G:\paper\Sorted_Database\Mechanism\268_Sinkó 等 - 1999 - Gel structures containing al(III).pdf,data\markdown\mechanism\268_Sinkó 等 - 1999 - Gel structures containing al(III).md,false,none,unknown,,unknown,,unavailable,false,low,,none,,,
mechanism__269_sipos_等_1998_spectroscopic_studies_of_the_chemical_speciation_in_concentrated_alkaline_aluminate_solutions,mechanism,269_Sipos 等 - 1998 - Spectroscopic studies of the chemical speciation in concentrated alkaline aluminate solutions,10.1039/a805271i,Spectroscopic studies of the chemical speciation in concentrated alkaline aluminate solutions,G:\paper\Sorted_Database\Mechanism\269_Sipos 等 - 1998 - Spectroscopic studies of the chemical speciation in concentrated alkaline aluminate solutions.pdf,data\markdown\mechanism\269_Sipos 等 - 1998 - Spectroscopic studies of the chemical speciation in concentrated alkaline aluminate solutions.md,false,none,unknown,,unknown,,unavailable,false,low,,none,,,doi detected: 10.1039/a805271i; general url present without supplementary keyword
mechanism__276_stone_等_1993_association_of_soluble_aluminum_ionic_species_with_a_silica_gel_surface_a_solid_state_nmr_study,mechanism,276_Stone 等 - 1993 - Association of soluble aluminum ionic species with a silica-gel surface A solid-state NMR study,10.1021/j100141a038,Association of Soluble Aluminum Ionic Species with a Silica-Gel Surface. A Solid-State NMR Study,G:\paper\Sorted_Database\Mechanism\276_Stone 等 - 1993 - Association of soluble aluminum ionic species with a silica-gel surface A solid-state NMR study.pdf,data\markdown\mechanism\276_Stone 等 - 1993 - Association of soluble aluminum ionic species with a silica-gel surface A solid-state NMR study.md,false,none,unknown,,unknown,,unavailable,false,low,,none,,,doi detected: 10.1021/j100141a038; general url present without supplementary keyword
mechanism__278_sun_等_2013_effects_of_structure_of_ionic_liquids_and_phosphoric_acid_on_structure_of_aluminum_isopropoxide,mechanism,278_Sun 等 - 2013 - Effects of structure of ionic liquids and phosphoric acid on structure of aluminum isopropoxide,,Effects of Structure of Ionic Liquids and Phosphoric Acid on Structure of Aluminum Isopropoxide,G:\paper\Sorted_Database\Mechanism\278_Sun 等 - 2013 - Effects of structure of ionic liquids and phosphoric acid on structure of aluminum isopropoxide.pdf,data\markdown\mechanism\278_Sun 等 - 2013 - Effects of structure of ionic liquids and phosphoric acid on structure of aluminum isopropoxide.md,false,none,unknown,,unknown,,unavailable,false,low,,none,,,general url present without supplementary keyword
mechanism__291_the_effects_of_concentration_and_hydrolysis_on_the_oligomerization_and_polymerization_of_al_iii_as_evident_from_the_al_27_nmr_chemical_shifts_and_linewidths8,mechanism,291_THE EFFECTS OF CONCENTRATION AND HYDROLYSIS ON THE OLIGOMERIZATION AND POLYMERIZATION OF AL(III) AS EVIDENT FROM THE AL-27 NMR CHEMICAL-SHIFTS AND LINEWIDTHS8,,The effects of concentration and hydrolysis on the oligomerization and polymerization of Al(III) as evident from the ^27 Al NMR chemical shifts and linewidths *,G:\paper\Sorted_Database\Mechanism\291_THE EFFECTS OF CONCENTRATION AND HYDROLYSIS ON THE OLIGOMERIZATION AND POLYMERIZATION OF AL(III) AS EVIDENT FROM THE AL-27 NMR CHEMICAL-SHIFTS AND LINEWIDTHS8.pdf,data\markdown\mechanism\291_THE EFFECTS OF CONCENTRATION AND HYDROLYSIS ON THE OLIGOMERIZATION AND POLYMERIZATION OF AL(III) AS EVIDENT FROM THE AL-27 NMR CHEMICAL-SHIFTS AND LINEWIDTHS8.md,false,none,unknown,,unknown,,unavailable,false,low,,none,,,
mechanism__294_tsai和hsu_1985_aging_of_partially_neutralized_aluminum_solutions_of_sodium_hydroxidealuminum_molar_ratio_2_2,mechanism,294_Tsai和Hsu - 1985 - Aging of partially neutralized aluminum solutions of sodium hydroxidealuminum molar ratio = 2.2,,Aging of Partially Neutralized Aluminum Solutions of Sodium Hydroxide/Aluminum Molar Ratio = 2.2 ^1,G:\paper\Sorted_Database\Mechanism\294_Tsai和Hsu - 1985 - Aging of partially neutralized aluminum solutions of sodium hydroxidealuminum molar ratio = 2.2.pdf,data\markdown\mechanism\294_Tsai和Hsu - 1985 - Aging of partially neutralized aluminum solutions of sodium hydroxidealuminum molar ratio = 2.2.md,false,none,unknown,,unknown,,unavailable,false,low,,none,,,
mechanism__295_urabe_等_2007_study_on_chemical_speciation_in_aluminum_chloride_solution_by_esi_q_ms,mechanism,295_Urabe 等 - 2007 - Study on chemical speciation in aluminum chloride solution by ESI‐Q‐MS,10.1002/jms.1188,Study on chemical speciation in aluminum chloride solution by ESI-Q-MS,G:\paper\Sorted_Database\Mechanism\295_Urabe 等 - 2007 - Study on chemical speciation in aluminum chloride solution by ESI‐Q‐MS.pdf,data\markdown\mechanism\295_Urabe 等 - 2007 - Study on chemical speciation in aluminum chloride solution by ESI‐Q‐MS.md,true,markdown_keyword,unknown,,unknown,,manual_required,true,high,ESI,strong,ESI,,supplementary keyword detected without url
mechanism__296_urabe_等_2008_characterization_of_aluminum_species_with_nitrate_perchlorate_and_sulfate_ions_in_the_positive_and,mechanism,"296_Urabe 等 - 2008 - Characterization of aluminum species with nitrate, perchlorate and sulfate ions in the positive and",10.1002/jms.1485,"Characterization of aluminum species with nitrate, perchlorate and sulfate ions in the positive and negative ion mode by electrospray ionization mass spectrometry","G:\paper\Sorted_Database\Mechanism\296_Urabe 等 - 2008 - Characterization of aluminum species with nitrate, perchlorate and sulfate ions in the positive and.pdf","data\markdown\mechanism\296_Urabe 等 - 2008 - Characterization of aluminum species with nitrate, perchlorate and sulfate ions in the positive and.md",true,markdown_keyword,markdown_link,http://www.YandY.comMTMI     ,unknown,,not_attempted,false,high,ESI,strong,ESI,,supplementary keyword detected with url
mechanism__297_urabe_等_2008_electrospray_ionization_mass_spectrometry_investigation_of_the_blocking_effect_of_sulfate_on_the_for,mechanism,297_Urabe 等 - 2008 - Electrospray ionization mass spectrometry investigation of the blocking effect of sulfate on the for,10.1016/j.molliq.2008.06.019)/S,Electrospray ionization mass spectrometry investigation of the blocking effect of sulfate on the formation of aluminum tridecamer,G:\paper\Sorted_Database\Mechanism\297_Urabe 等 - 2008 - Electrospray ionization mass spectrometry investigation of the blocking effect of sulfate on the for.pdf,data\markdown\mechanism\297_Urabe 等 - 2008 - Electrospray ionization mass spectrometry investigation of the blocking effect of sulfate on the for.md,true,markdown_keyword; pdf_text_keyword,markdown_link,http://dx.doi.org/10.1016/j.molliq.2008.06.019)/S,unknown,,not_attempted,false,high,ESI,strong,ESI,,supplementary keyword detected with url; available online
mechanism__302_vogels_等_2005_homogeneous_forced_hydrolysis_of_aluminum_through_the_thermal_decomposition_of_urea,mechanism,302_Vogels 等 - 2005 - Homogeneous forced hydrolysis of aluminum through the thermal decomposition of urea,,HOMOGENEOUS FORCED HYDROLYSIS OF ALUMINIUM THROUGH THE THERMAL DECOMPOSITION OF UREA,G:\paper\Sorted_Database\Mechanism\302_Vogels 等 - 2005 - Homogeneous forced hydrolysis of aluminum through the thermal decomposition of urea.pdf,data\markdown\mechanism\302_Vogels 等 - 2005 - Homogeneous forced hydrolysis of aluminum through the thermal decomposition of urea.md,false,none,unknown,,unknown,,unavailable,false,low,,none,,,
mechanism__303_wang_等_2003_effect_of_temperatures_on_formation_and_transformation_of_hydrolytic_aluminum_in_aqueous_solutions,mechanism,303_Wang 等 - 2003 - Effect of temperatures on formation and transformation of hydrolytic aluminum in aqueous solutions,10.1016/j.colsurfa.2003.08.018,Effect of temperatures on formation and transformation of hydrolytic aluminum in aqueous solutions,G:\paper\Sorted_Database\Mechanism\303_Wang 等 - 2003 - Effect of temperatures on formation and transformation of hydrolytic aluminum in aqueous solutions.pdf,data\markdown\mechanism\303_Wang 等 - 2003 - Effect of temperatures on formation and transformation of hydrolytic aluminum in aqueous solutions.md,false,none,unknown,,unknown,,unavailable,false,low,,none,,,doi detected: 10.1016/j.colsurfa.2003.08.018
mechanism__305_wang_等_2011_synthesis_of_the_hydroxide_cluster_al13_μ3_oh_6_μ_oh_18_h2o_24_15_from_an_aqueous_solution,mechanism,305_Wang 等 - 2011 - Synthesis of the hydroxide cluster [Al13(μ3-OH)6(μ-OH)18(H2O)24]15+ from an aqueous solution,,Synthesis of the Hydroxide Cluster [Al13(mu3-OH)6(mu-OH)18(H2O)24]^15+ from an Aqueous Solution,G:\paper\Sorted_Database\Mechanism\305_Wang 等 - 2011 - Synthesis of the hydroxide cluster [Al13(μ3-OH)6(μ-OH)18(H2O)24]15+ from an aqueous solution.pdf,data\markdown\mechanism\305_Wang 等 - 2011 - Synthesis of the hydroxide cluster [Al13(μ3-OH)6(μ-OH)18(H2O)24]15+ from an aqueous solution.md,true,pdf_text_keyword,markdown_link,http://www.w3.org/1999/02/22-rdf-syntax-ns#,unknown,,not_attempted,false,high,ESI,strong,ESI,,supplementary keyword detected with url
mechanism__306_wang和muhammed_1999_novel_synthesis_of_al13_cluster_based_alumina_materials,mechanism,306_Wang和Muhammed - 1999 - Novel synthesis of Al13-cluster based alumina materials,,NOVEL SYNTHESIS OF Al13 -CLUSTER BASED ALUMINA MATERIALS,G:\paper\Sorted_Database\Mechanism\306_Wang和Muhammed - 1999 - Novel synthesis of Al13-cluster based alumina materials.pdf,data\markdown\mechanism\306_Wang和Muhammed - 1999 - Novel synthesis of Al13-cluster based alumina materials.md,true,pdf_text_keyword,unknown,,unknown,,manual_required,true,high,ESI,strong,ESI,,supplementary keyword detected without url
mechanism__307_wu_等_2006_structural_characterization_of_al10o6ibu16_μ_h_2_a_high_aluminum_content_cluster_further_studies_o,mechanism,"307_Wu 等 - 2006 - Structural characterization of Al10O6iBu16(μ-H)2, a high aluminum content cluster Further studies o",,"Structural Characterization of Al10O6^iBu16(mu-H)2, a High Aluminum Content Cluster: Further Studies of Methylaluminoxane (MAO) and Related Aluminum Complexes","G:\paper\Sorted_Database\Mechanism\307_Wu 等 - 2006 - Structural characterization of Al10O6iBu16(μ-H)2, a high aluminum content cluster Further studies o.pdf","data\markdown\mechanism\307_Wu 等 - 2006 - Structural characterization of Al10O6iBu16(μ-H)2, a high aluminum content cluster Further studies o.md",true,markdown_keyword,markdown_link,http://pubs.acs.org,unknown,,not_attempted,false,high,Supporting Information,strong,Supporting Information,,supplementary keyword detected with url
mechanism__308_xiao_等_2008_effects_of_low_temperature_on_aluminum_iii_hydrolysis_theoretical_and_experimental_studies,mechanism,308_XIAO 等 - 2008 - Effects of low temperature on aluminum(III) hydrolysis Theoretical and experimental studies,10.1016/S1001-0742,Effects of low temperature on aluminum(III) hydrolysis: Theoretical and experimental studies,G:\paper\Sorted_Database\Mechanism\308_XIAO 等 - 2008 - Effects of low temperature on aluminum(III) hydrolysis Theoretical and experimental studies.pdf,data\markdown\mechanism\308_XIAO 等 - 2008 - Effects of low temperature on aluminum(III) hydrolysis Theoretical and experimental studies.md,false,none,unknown,,unknown,,unavailable,false,low,,none,,,doi detected: 10.1016/S1001-0742; general url present without supplementary keyword
mechanism__312_yang_等_2009_density_functional_theory_study_of_the_aluminium_iii_hydrolysis_in_aqueous_solution,mechanism,312_Yang 等 - 2009 - Density functional theory study of the aluminium(iii) hydrolysis in aqueous solution,10.1039/b819484j,Density functional theory study of the aluminium(III) hydrolysis in aqueous solution†,G:\paper\Sorted_Database\Mechanism\312_Yang 等 - 2009 - Density functional theory study of the aluminium(iii) hydrolysis in aqueous solution.pdf,data\markdown\mechanism\312_Yang 等 - 2009 - Density functional theory study of the aluminium(iii) hydrolysis in aqueous solution.md,true,markdown_keyword,markdown_link,https://doi.org/10.1039/b819484j,unknown,,not_attempted,false,high,Supplementary Information; ESI,strong,Supplementary Information; ESI,,supplementary keyword detected with url
mechanism__313_yao_等_2001_preparation_of_novel_uniform_mesoporous_alumina_catalysts_by_the_sol_gel_method,mechanism,313_Yao 等 - 2001 - Preparation of novel uniform mesoporous alumina catalysts by the sol–gel method,,Preparation of novel uniform mesoporous alumina catalysts by the sol–gel method,G:\paper\Sorted_Database\Mechanism\313_Yao 等 - 2001 - Preparation of novel uniform mesoporous alumina catalysts by the sol–gel method.pdf,data\markdown\mechanism\313_Yao 等 - 2001 - Preparation of novel uniform mesoporous alumina catalysts by the sol–gel method.md,true,pdf_text_keyword,unknown,,unknown,,manual_required,true,high,ESI,strong,ESI,,supplementary keyword detected without url
mechanism__314_ye_等_2007_formation_and_transformation_of_al13_from_freshly_formed_precipitate_in_partially_neutralized_al_iii,mechanism,314_Ye 等 - 2007 - Formation and transformation of Al13 from freshly formed precipitate in partially neutralized al(III,,Formation and transformation of Al13 from freshly formed precipitate in partially neutralized Al(III) solution,G:\paper\Sorted_Database\Mechanism\314_Ye 等 - 2007 - Formation and transformation of Al13 from freshly formed precipitate in partially neutralized al(III.pdf,data\markdown\mechanism\314_Ye 等 - 2007 - Formation and transformation of Al13 from freshly formed precipitate in partially neutralized al(III.md,false,none,unknown,,unknown,,unavailable,false,low,,none,,,general url present without supplementary keyword
mechanism__315_ye_等_2009_k_value_based_ferron_assay_and_its_application,mechanism,315_Ye 等 - 2009 - k-value-based ferron assay and its application,10.1016/j.jcis.2009.02.056,k-Value-based ferron assay and its application,G:\paper\Sorted_Database\Mechanism\315_Ye 等 - 2009 - k-value-based ferron assay and its application.pdf,data\markdown\mechanism\315_Ye 等 - 2009 - k-value-based ferron assay and its application.md,false,none,unknown,,unknown,,unavailable,false,low,,none,,,non-supplementary weak phrases present; doi detected: 10.1016/j.jcis.2009.02.056; general url present without supplementary keyword; available online
mechanism__316_yucelen_等_2011_formation_of_single_walled_aluminosilicate_nanotubes_from_molecular_precursors_and_curved_nanoscale,mechanism,316_Yucelen 等 - 2011 - Formation of single-walled aluminosilicate nanotubes from molecular precursors and curved nanoscale,,Formation of Single-Walled Aluminosilicate Nanotubes from Molecular Precursors and Curved Nanoscale Intermediates,G:\paper\Sorted_Database\Mechanism\316_Yucelen 等 - 2011 - Formation of single-walled aluminosilicate nanotubes from molecular precursors and curved nanoscale.pdf,data\markdown\mechanism\316_Yucelen 等 - 2011 - Formation of single-walled aluminosilicate nanotubes from molecular precursors and curved nanoscale.md,true,markdown_keyword; pdf_text_keyword,markdown_link,http://pubs.acs.org,unknown,,not_attempted,false,high,Supporting Information; ESI; See Supporting Information,strong,Supporting Information; ESI; See Supporting Information,,supplementary keyword detected with url
mechanism__317_zangrando_等_2006_polymerization_processes_in_al_obu_s_3_sol_gel_solutions_an_investigation_by_laser_desorptionion,mechanism,317_Zangrando 等 - 2006 - Polymerization processes in al(OBu s ) 3 sol‐gel solutions An investigation by laser desorptionion,10.1002/rcm.2642,Polymerization processes in Al(OBu ^s ) 3 sol-gel solutions: an investigation by laser desorption/ionization mass spectrometry,G:\paper\Sorted_Database\Mechanism\317_Zangrando 等 - 2006 - Polymerization processes in al(OBu s ) 3 sol‐gel solutions An investigation by laser desorptionion.pdf,data\markdown\mechanism\317_Zangrando 等 - 2006 - Polymerization processes in al(OBu s ) 3 sol‐gel solutions An investigation by laser desorptionion.md,true,markdown_keyword,markdown_link,http://www.w3.org/1999/02/22-rdf-syntax-ns#',unknown,,not_attempted,false,high,ESI,strong,ESI,,supplementary keyword detected with url
mechanism__318_zeng_等_2005_post_synthesis_alumination_of_sba_15_in_aqueous_solution_a_versatile_tool_for_the_preparation_of_ac,mechanism,318_Zeng 等 - 2005 - Post-synthesis alumination of SBA-15 in aqueous solution A versatile tool for the preparation of ac,10.1016/j.micromeso.2005.06.031,Post-synthesis alumination of SBA-15 in aqueous solution: A versatile tool for the preparation of acidic Al-SBA-15 supports,G:\paper\Sorted_Database\Mechanism\318_Zeng 等 - 2005 - Post-synthesis alumination of SBA-15 in aqueous solution A versatile tool for the preparation of ac.pdf,data\markdown\mechanism\318_Zeng 等 - 2005 - Post-synthesis alumination of SBA-15 in aqueous solution A versatile tool for the preparation of ac.md,false,none,unknown,,unknown,,unavailable,false,low,,none,,,non-supplementary weak phrases present; doi detected: 10.1016/j.micromeso.2005.06.031; general url present without supplementary keyword; available online
mechanism__319_zhang_等_2003_novel_sol_gel_synthesis_of_sodium_aluminophosphate_glass_based_on_aluminum_lactate,mechanism,319_Zhang 等 - 2003 - Novel sol−gel synthesis of sodium aluminophosphate glass based on aluminum lactate,,Novel Sol–Gel Synthesis of Sodium Aluminophosphate Glass Based on Aluminum Lactate,G:\paper\Sorted_Database\Mechanism\319_Zhang 等 - 2003 - Novel sol−gel synthesis of sodium aluminophosphate glass based on aluminum lactate.pdf,data\markdown\mechanism\319_Zhang 等 - 2003 - Novel sol−gel synthesis of sodium aluminophosphate glass based on aluminum lactate.md,false,none,unknown,,unknown,,unavailable,false,low,,none,,,
mechanism__324_zhang_等_2014_determination_time_of_the_mononuclear_aluminum_species_in_the_hydroxyl_polyaluminum_solution_by_ferr,mechanism,324_Zhang 等 - 2014 - Determination time of the mononuclear aluminum species in the hydroxyl polyaluminum solution by ferr,10.1080/00387010.2014.883543,Determination Time of the Mononuclear Aluminum Species in the Hydroxyl Polyaluminum Solution by Ferron (7-iodine-8-hydroxyquinoline-5-sulfonic Acid)-Timed Spectrometry,G:\paper\Sorted_Database\Mechanism\324_Zhang 等 - 2014 - Determination time of the mononuclear aluminum species in the hydroxyl polyaluminum solution by ferr.pdf,data\markdown\mechanism\324_Zhang 等 - 2014 - Determination time of the mononuclear aluminum species in the hydroxyl polyaluminum solution by ferr.md,true,markdown_keyword,markdown_link,https://doi.org/10.1080/00387010.2014.883543,unknown,,not_attempted,false,high,Supplementary Material,strong,Supplementary Material,,supplementary keyword detected with url
mechanism__329_zhang和eckert_2004_multinuclear_nmr_studies_on_the_sol_gel_preparation_of_sodium_aluminophosphate_glasses,mechanism,329_Zhang和Eckert - 2004 - Multinuclear NMR studies on the sol–gel preparation of sodium aluminophosphate glasses,10.1016/j.ssnmr.2004.03.002,Multinuclear NMR studies on the sol–gel preparation of sodium aluminophosphate glasses,G:\paper\Sorted_Database\Mechanism\329_Zhang和Eckert - 2004 - Multinuclear NMR studies on the sol–gel preparation of sodium aluminophosphate glasses.pdf,data\markdown\mechanism\329_Zhang和Eckert - 2004 - Multinuclear NMR studies on the sol–gel preparation of sodium aluminophosphate glasses.md,false,none,unknown,,unknown,,unavailable,false,low,,none,,,doi detected: 10.1016/j.ssnmr.2004.03.002
mechanism__330_zhang和eckert_2004_sol_gel_synthesis_of_al2o3_p2o5glasses_mechanistic_studies_by_solution_and_solid_state_nmr,mechanism,330_Zhang和Eckert - 2004 - Sol–gel synthesis of Al2O3–P2O5glasses Mechanistic studies by solution and solid state NMR,10.1039/b400651h,Sol-gel synthesis of Al2O3-P2O5 glasses: mechanistic studies by solution and solid state NMR,G:\paper\Sorted_Database\Mechanism\330_Zhang和Eckert - 2004 - Sol–gel synthesis of Al2O3–P2O5glasses Mechanistic studies by solution and solid state NMR.pdf,data\markdown\mechanism\330_Zhang和Eckert - 2004 - Sol–gel synthesis of Al2O3–P2O5glasses Mechanistic studies by solution and solid state NMR.md,false,none,unknown,,unknown,,unavailable,false,low,,none,,,doi detected: 10.1039/b400651h; general url present without supplementary keyword
mechanism__331_zhao_等_2009_effect_of_ph_on_the_aluminum_salts_hydrolysis_during_coagulation_process_formation_and_decompositio,mechanism,331_Zhao 等 - 2009 - Effect of pH on the aluminum salts hydrolysis during coagulation process Formation and decompositio,10.1016/j.jcis.2008.10.020,Effect of pH on the aluminum salts hydrolysis during coagulation process: Formation and decomposition of polymeric aluminum species,G:\paper\Sorted_Database\Mechanism\331_Zhao 等 - 2009 - Effect of pH on the aluminum salts hydrolysis during coagulation process Formation and decompositio.pdf,data\markdown\mechanism\331_Zhao 等 - 2009 - Effect of pH on the aluminum salts hydrolysis during coagulation process Formation and decompositio.md,true,markdown_keyword; pdf_text_keyword,markdown_link,http://www.ScienceDirect.com/)/S/URI,unknown,,not_attempted,false,high,ESI,strong,ESI,,supplementary keyword detected with url; available online; online version
mechanism__332_zhao_等_2025_dual_pathways_and_transient_intermediates_reveal_hydrolysis_driven_assembly_of_aluminum_keggin_clust,mechanism,332_Zhao 等 - 2025 - Dual pathways and transient intermediates reveal hydrolysis-driven assembly of aluminum keggin clust,10.1021/acs.inorgchem.5c02626,Dual Pathways and Transient Intermediates Reveal Hydrolysis-Driven Assembly of Aluminum Keggin Clusters,G:\paper\Sorted_Database\Mechanism\332_Zhao 等 - 2025 - Dual pathways and transient intermediates reveal hydrolysis-driven assembly of aluminum keggin clust.pdf,data\markdown\mechanism\332_Zhao 等 - 2025 - Dual pathways and transient intermediates reveal hydrolysis-driven assembly of aluminum keggin clust.md,true,markdown_keyword; pdf_text_keyword,markdown_link,https://pubs.acs.org/doi/10.1021/acs.inorgchem.5c02626,unknown,,not_attempted,false,high,Supporting Information; ESI,strong,Supporting Information; ESI,,supplementary keyword detected with url
mechanism__342_rudolph和schönherr_1991_raman_und_infrarotspektroskopische_untersuchungen_an_konzentrierten_aluminiumsalzlösungen,mechanism,342_Rudolph和Schönherr - 1991 - Raman- und infrarotspektroskopische untersuchungen an konzentrierten aluminiumsalzlösungen,,Raman- und Infrarotspektroskopische Untersuchungen an konzentrierten Aluminiumsalzlösungen,G:\paper\Sorted_Database\Mechanism\342_Rudolph和Schönherr - 1991 - Raman- und infrarotspektroskopische untersuchungen an konzentrierten aluminiumsalzlösungen.pdf,data\markdown\mechanism\342_Rudolph和Schönherr - 1991 - Raman- und infrarotspektroskopische untersuchungen an konzentrierten aluminiumsalzlösungen.md,false,none,unknown,,unknown,,unavailable,false,low,,none,,,
mechanism__343_sup_27__sup_al核磁共振波谱法测定环境生物样品中铝研究进展,mechanism,343_sup_27__sup_Al核磁共振波谱法测定环境生物样品中铝研究进展,,综述,G:\paper\Sorted_Database\Mechanism\343_sup_27__sup_Al核磁共振波谱法测定环境生物样品中铝研究进展.pdf,data\markdown\mechanism\343_sup_27__sup_Al核磁共振波谱法测定环境生物样品中铝研究进展.md,false,none,unknown,,unknown,,unavailable,false,low,,none,,,general url present without supplementary keyword
rheology__007_两种钛源对钛酸铝溶胶可纺性影响的对比研究,rheology,007_两种钛源对钛酸铝溶胶可纺性影响的对比研究,,两种钛源对钛酸铝溶胶可纺性影响的对比研究,G:\paper\Sorted_Database\Rheology\007_两种钛源对钛酸铝溶胶可纺性影响的对比研究.pdf,data\markdown\rheology\007_两种钛源对钛酸铝溶胶可纺性影响的对比研究.md,false,none,unknown,,unknown,,unavailable,false,low,,none,,,
rheology__018_干法纺丝中羧酸铝溶胶的流变行为及结构演变模拟,rheology,018_干法纺丝中羧酸铝溶胶的流变行为及结构演变模拟,,干法纺丝中羧酸铝溶胶的流变行为及结构演变模拟,G:\paper\Sorted_Database\Rheology\018_干法纺丝中羧酸铝溶胶的流变行为及结构演变模拟.pdf,data\markdown\rheology\018_干法纺丝中羧酸铝溶胶的流变行为及结构演变模拟.md,true,pdf_text_keyword,unknown,,unknown,,manual_required,true,high,ESI,strong,ESI,,supplementary keyword detected without url
rheology__022_拟薄水铝石溶胶性能的影响因素研究,rheology,022_拟薄水铝石溶胶性能的影响因素研究,,拟薄水铝石溶胶性能的影响因素研究,G:\paper\Sorted_Database\Rheology\022_拟薄水铝石溶胶性能的影响因素研究.pdf,data\markdown\rheology\022_拟薄水铝石溶胶性能的影响因素研究.md,true,pdf_text_keyword,markdown_link,http://download.sunman.cn/lcm/product/1/smc1602a.pdf[EB/OL],unknown,,not_attempted,false,high,ESI,strong,ESI,,supplementary keyword detected with url
rheology__043_浅谈氧化铝溶胶制备中溶胶黏度的变化,rheology,043_浅谈氧化铝溶胶制备中溶胶黏度的变化,,浅谈氧化铝溶胶制备中溶胶黏度的变化,G:\paper\Sorted_Database\Rheology\043_浅谈氧化铝溶胶制备中溶胶黏度的变化.pdf,data\markdown\rheology\043_浅谈氧化铝溶胶制备中溶胶黏度的变化.md,false,none,unknown,,unknown,,unavailable,false,low,,none,,,general url present without supplementary keyword
rheology__063_钇铝石榴石纤维纺丝原液的制备及结构与流变性研究,rheology,063_钇铝石榴石纤维纺丝原液的制备及结构与流变性研究,,钇铝石榴石纤维纺丝原液的制备及结构与流变性研究,G:\paper\Sorted_Database\Rheology\063_钇铝石榴石纤维纺丝原液的制备及结构与流变性研究.pdf,data\markdown\rheology\063_钇铝石榴石纤维纺丝原液的制备及结构与流变性研究.md,false,none,unknown,,unknown,,unavailable,false,low,,none,,,
rheology__065_铝基水溶胶体的制备和特性研究,rheology,065_铝基水溶胶体的制备和特性研究,,铝基水溶胶体的制备和特性研究,G:\paper\Sorted_Database\Rheology\065_铝基水溶胶体的制备和特性研究.pdf,data\markdown\rheology\065_铝基水溶胶体的制备和特性研究.md,false,none,unknown,,unknown,,unavailable,false,low,,none,,,
rheology__120_dressler_等_2008_influence_of_polyvinylpyrrolidone_pvp_on_alumina_sols_prepared_by_a_modified_yoldas_procedure,rheology,120_Dressler 等 - 2008 - Influence of polyvinylpyrrolidone (PVP) on alumina sols prepared by a modified yoldas procedure,,Influence of polyvinylpyrrolidone (PVP) on alumina sols prepared by a modified Yoldas procedure,G:\paper\Sorted_Database\Rheology\120_Dressler 等 - 2008 - Influence of polyvinylpyrrolidone (PVP) on alumina sols prepared by a modified yoldas procedure.pdf,data\markdown\rheology\120_Dressler 等 - 2008 - Influence of polyvinylpyrrolidone (PVP) on alumina sols prepared by a modified yoldas procedure.md,false,none,unknown,,unknown,,unavailable,false,low,,none,,,general url present without supplementary keyword
rheology__140_gonzález_等_1992_rheology_of_alumina_sols,rheology,140_González 等 - 1992 - Rheology of alumina sols,,Rheology of alumina sols,G:\paper\Sorted_Database\Rheology\140_González 等 - 1992 - Rheology of alumina sols.pdf,data\markdown\rheology\140_González 等 - 1992 - Rheology of alumina sols.md,true,pdf_text_keyword,unknown,,unknown,,manual_required,true,high,ESI,strong,ESI,,supplementary keyword detected without url
rheology__148_hasmaliza_等_inﬂuence_of_alkoxide_molar_ratio_on_rheological_study_of_alumina_sol_for_fiber_preparation,rheology,148_Hasmaliza 等 - Inﬂuence of alkoxide molar ratio on rheological study of alumina sol for fiber preparation,,Influence of Alkoxide Molar Ratio on Rheological Study of Alumina Sol for Fiber Preparation,G:\paper\Sorted_Database\Rheology\148_Hasmaliza 等 - Inﬂuence of alkoxide molar ratio on rheological study of alumina sol for fiber preparation.pdf,data\markdown\rheology\148_Hasmaliza 等 - Inﬂuence of alkoxide molar ratio on rheological study of alumina sol for fiber preparation.md,false,none,unknown,,unknown,,unavailable,false,low,,none,,,general url present without supplementary keyword
rheology__152_influence_of_alkoxide_molar_ratio_on_rheological_study,rheology,152_Influence of Alkoxide Molar Ratio on Rheological Study,,Influence of Alkoxide Molar Ratio on Rheological Study of Alumina Sol for Fiber Preparation,G:\paper\Sorted_Database\Rheology\152_Influence of Alkoxide Molar Ratio on Rheological Study.pdf,data\markdown\rheology\152_Influence of Alkoxide Molar Ratio on Rheological Study.md,false,none,unknown,,unknown,,unavailable,false,low,,none,,,general url present without supplementary keyword
rheology__154_influence_of_the_synthesis_conditions_on_some_properties_of_boehmite_hydrosols,rheology,154_Influence of the synthesis conditions on some properties of boehmite hydrosols,,Influence of the Synthesis Conditions on Some Properties of Boehmite Hydrosols,G:\paper\Sorted_Database\Rheology\154_Influence of the synthesis conditions on some properties of boehmite hydrosols.pdf,data\markdown\rheology\154_Influence of the synthesis conditions on some properties of boehmite hydrosols.md,true,pdf_text_keyword,markdown_link,http://www.w3.org/1999/02/22-rdf-syntax-ns#',unknown,,not_attempted,false,high,ESI,strong,ESI,,supplementary keyword detected with url
rheology__242_preparation_structure_and_rheological_behavior_of_yttrium_aluminum_garnet_fiber_precursor,rheology,"242_Preparation, Structure and Rheological Behavior of Yttrium Aluminum Garnet Fiber Precursor",10.1016/j.matchemphys.2008.07.025)/S/URI,Materials science communication,"G:\paper\Sorted_Database\Rheology\242_Preparation, Structure and Rheological Behavior of Yttrium Aluminum Garnet Fiber Precursor.pdf","data\markdown\rheology\242_Preparation, Structure and Rheological Behavior of Yttrium Aluminum Garnet Fiber Precursor.md",false,none,unknown,,unknown,,unavailable,false,low,,none,,,doi detected: 10.1016/j.matchemphys.2008.07.025)/S/URI; general url present without supplementary keyword
rheology__264_shojaie_bahaabad_等_2008_an_alumina_yag_nanostructured_fiber_prepared_from_an_aqueous_sol_gel_precursor_preparation_rheolog,rheology,"264_Shojaie-Bahaabad 等 - 2008 - An alumina–YAG nanostructured fiber prepared from an aqueous sol–gel precursor Preparation, rheolog",10.1016/j.ceramint.2007.07.032)/S,"An alumina–YAG nanostructured fiber prepared from an aqueous sol–gel precursor: Preparation, rheological behavior and spinnability","G:\paper\Sorted_Database\Rheology\264_Shojaie-Bahaabad 等 - 2008 - An alumina–YAG nanostructured fiber prepared from an aqueous sol–gel precursor Preparation, rheolog.pdf","data\markdown\rheology\264_Shojaie-Bahaabad 等 - 2008 - An alumina–YAG nanostructured fiber prepared from an aqueous sol–gel precursor Preparation, rheolog.md",true,pdf_text_keyword,markdown_link,http://dx.doi.org/10.1016/j.ceramint.2007.07.032)/S,unknown,,not_attempted,false,high,ESI,strong,ESI,,supplementary keyword detected with url; available online
rheology__334_zhao_等_2026_synthesis_of_the_biphasic_mullite_precursor_sols_with_low_viscosity_and_high_solid_content,rheology,334_Zhao 等 - 2026 - Synthesis of the biphasic mullite precursor sols with low viscosity and high-solid-content,10.1016/j.matchemphys.2025.131770,Synthesis of the biphasic mullite precursor sols with low viscosity and high-solid-content,G:\paper\Sorted_Database\Rheology\334_Zhao 等 - 2026 - Synthesis of the biphasic mullite precursor sols with low viscosity and high-solid-content.pdf,data\markdown\rheology\334_Zhao 等 - 2026 - Synthesis of the biphasic mullite precursor sols with low viscosity and high-solid-content.md,true,pdf_text_keyword,markdown_link,https://orcid.org/0000-0002-3233-8511,unknown,,not_attempted,false,high,ESI,strong,ESI,,supplementary keyword detected with url
applications__003_sio_2_al_2o_3复合中空纤维膜的制备与透氢性能研究_白丽,applications,003_SiO_2_Al_2O_3复合中空纤维膜的制备与透氢性能研究_白丽,,摘 要,G:\paper\Sorted_Database\Applications\003_SiO_2_Al_2O_3复合中空纤维膜的制备与透氢性能研究_白丽.pdf,data\markdown\applications\003_SiO_2_Al_2O_3复合中空纤维膜的制备与透氢性能研究_白丽.md,true,pdf_text_keyword,unknown,,unknown,,manual_required,true,high,ESI,strong,ESI,,supplementary keyword detected without url
applications__006_γ_al_2o_3_a_al_2o_3中空纤维复合膜的制备与性能研究_张许,applications,006_Γ-Al_2O_3_A-Al_2O_3中空纤维复合膜的制备与性能研究_张许,,学位论文的主要创新点,G:\paper\Sorted_Database\Applications\006_Γ-Al_2O_3_A-Al_2O_3中空纤维复合膜的制备与性能研究_张许.pdf,data\markdown\applications\006_Γ-Al_2O_3_A-Al_2O_3中空纤维复合膜的制备与性能研究_张许.md,true,pdf_text_keyword,unknown,,unknown,,manual_required,true,high,ESI,strong,ESI,,supplementary keyword detected without url
applications__012_基于拟薄水铝石氧化铝气凝胶制备工艺研究,applications,012_基于拟薄水铝石氧化铝气凝胶制备工艺研究,,基于拟薄水铝石氧化铝气凝胶制备研究,G:\paper\Sorted_Database\Applications\012_基于拟薄水铝石氧化铝气凝胶制备工艺研究.pdf,data\markdown\applications\012_基于拟薄水铝石氧化铝气凝胶制备工艺研究.md,true,pdf_text_keyword,unknown,,unknown,,manual_required,true,high,ESI,strong,ESI,,supplementary keyword detected without url
applications__028_整装fiber_γ_al_2o_3的涂层制备及其负载ni基催化剂甲烷干气重整研究_盛雯倩,applications,028_整装Fiber@γ-Al_2O_3的涂层制备及其负载Ni基催化剂甲烷干气重整研究_盛雯倩,,![](G:/paper/Al-gel-sol/alumina_sol_extractor/data/outputs/028_整装Fiber@γ-Al_2O_3的涂层制备及其负载Ni基催化剂甲烷干气重整研究_盛雯倩/figures_all/f3381893cb2bdcfc7d19755df7852beaf0bb1e493587b42b98b9d0158799c84f.jpg),G:\paper\Sorted_Database\Applications\028_整装Fiber@γ-Al_2O_3的涂层制备及其负载Ni基催化剂甲烷干气重整研究_盛雯倩.pdf,data\markdown\applications\028_整装Fiber@γ-Al_2O_3的涂层制备及其负载Ni基催化剂甲烷干气重整研究_盛雯倩.md,true,pdf_text_keyword,unknown,,unknown,,manual_required,true,high,ESI,strong,ESI,,supplementary keyword detected without url
applications__040_氧化铝纤维负载氧化铈_氧化铜的制备及其光催化性能研究,applications,040_氧化铝纤维负载氧化铈_氧化铜的制备及其光催化性能研究,,佛山科学技术学院,G:\paper\Sorted_Database\Applications\040_氧化铝纤维负载氧化铈_氧化铜的制备及其光催化性能研究.pdf,data\markdown\applications\040_氧化铝纤维负载氧化铈_氧化铜的制备及其光催化性能研究.md,true,pdf_text_keyword,unknown,,unknown,,manual_required,true,high,ESI,strong,ESI,,supplementary keyword detected without url
applications__052_纤维增强氧化铝基气凝胶复合材料的制备及性能研究,applications,052_纤维增强氧化铝基气凝胶复合材料的制备及性能研究,,![](G:/paper/Al-gel-sol/alumina_sol_extractor/data/outputs/052_纤维增强氧化铝基气凝胶复合材料的制备及性能研究/figures_all/487558138639d2c48376da48e18c59b1d72985bba824676e376643f3ff551b61.jpg),G:\paper\Sorted_Database\Applications\052_纤维增强氧化铝基气凝胶复合材料的制备及性能研究.pdf,data\markdown\applications\052_纤维增强氧化铝基气凝胶复合材料的制备及性能研究.md,true,pdf_text_keyword,unknown,,unknown,,manual_required,true,high,ESI,strong,ESI,,supplementary keyword detected without url
applications__077_aghayan_等_2014_functionalization_of_gamma_alumina_nanofibers_by_alpha_alumina_via_solution_combustion_synthesis,applications,077_Aghayan 等 - 2014 - Functionalization of gamma-alumina nanofibers by alpha-alumina via solution combustion synthesis,10.1016/j.ceramint.2014.04.087,Author's Accepted Manuscript,G:\paper\Sorted_Database\Applications\077_Aghayan 等 - 2014 - Functionalization of gamma-alumina nanofibers by alpha-alumina via solution combustion synthesis.pdf,data\markdown\applications\077_Aghayan 等 - 2014 - Functionalization of gamma-alumina nanofibers by alpha-alumina via solution combustion synthesis.md,false,none,unknown,,unknown,,unavailable,false,low,,none,,,doi detected: 10.1016/j.ceramint.2014.04.087; general url present without supplementary keyword
applications__084_bahlawane_2001_novel_sol_gel_process_depositing_α_al2o3_for_the_improvement_of_graphite_oxidation_resistance,applications,084_Bahlawane - 2001 - Novel sol–gel process depositing α-Al2O3 for the improvement of graphite oxidation-resistance,,Novel sol–gel process depositing α-Al2O3 for the improvement of graphite oxidation-resistance,G:\paper\Sorted_Database\Applications\084_Bahlawane - 2001 - Novel sol–gel process depositing α-Al2O3 for the improvement of graphite oxidation-resistance.pdf,data\markdown\applications\084_Bahlawane - 2001 - Novel sol–gel process depositing α-Al2O3 for the improvement of graphite oxidation-resistance.md,false,none,unknown,,unknown,,unavailable,false,low,,none,,,
applications__085_baumann_等_2004_synthesis_of_high_surface_area_alumina_aerogels_without_the_use_of_alkoxide_precursors,applications,085_Baumann 等 - 2004 - Synthesis of high-surface-area alumina aerogels without the use of alkoxide precursors,,Synthesis of High-Surface-Area Alumina Aerogels without the Use of Alkoxide Precursors,G:\paper\Sorted_Database\Applications\085_Baumann 等 - 2004 - Synthesis of high-surface-area alumina aerogels without the use of alkoxide precursors.pdf,data\markdown\applications\085_Baumann 等 - 2004 - Synthesis of high-surface-area alumina aerogels without the use of alkoxide precursors.md,false,none,unknown,,unknown,,unavailable,false,low,,none,,,
applications__086_bera_等_2021_fabrication_of_sol_gel_derived_cladding_for_sapphire_fibers_and_their_performance_evaluation_under_h,applications,086_Bera 等 - 2021 - Fabrication of sol-gel derived cladding for sapphire fibers and their performance evaluation under h,,Fabrication of Sol-Gel Derived Cladding for Sapphire Fibers and Their Performance Evaluation Under Harsh Environment,G:\paper\Sorted_Database\Applications\086_Bera 等 - 2021 - Fabrication of sol-gel derived cladding for sapphire fibers and their performance evaluation under h.pdf,data\markdown\applications\086_Bera 等 - 2021 - Fabrication of sol-gel derived cladding for sapphire fibers and their performance evaluation under h.md,false,none,unknown,,unknown,,unavailable,false,low,,none,,,general url present without supplementary keyword
applications__092_booij_等_1996_preparation_structural_characteristics_and_catalytic_properties_of_large_pore_rare_earth_element_c,applications,"092_Booij 等 - 1996 - Preparation, structural characteristics and catalytic properties of large-pore rare earth element (c",,"PREPARATION, STRUCTURAL CHARACTERISTICS AND CATALYTIC PROPERTIES OF LARGE-PORE RARE EARTH ELEMENT (Ce, La)/Al-PILLARED SMECTITES","G:\paper\Sorted_Database\Applications\092_Booij 等 - 1996 - Preparation, structural characteristics and catalytic properties of large-pore rare earth element (c.pdf","data\markdown\applications\092_Booij 等 - 1996 - Preparation, structural characteristics and catalytic properties of large-pore rare earth element (c.md",true,pdf_text_keyword,markdown_link,http://www.w3.org/1999/02/22-rdf-syntax-ns#,unknown,,not_attempted,false,high,ESI,strong,ESI,,supplementary keyword detected with url
applications__106_cheng_等_2009_electrochemical_behavior_of_lactate_dehydrogenase_immobilized_on_silica_sol_gelnanometre_sized_tri,applications,106_Cheng 等 - 2009 - Electrochemical behavior of lactate dehydrogenase immobilized on “silica sol–gelnanometre-sized tri,10.1039/b823096j,Electrochemical behavior of lactate dehydrogenase immobilized on “silica sol–gel/nanometre-sized tridecameric aluminium polycation” modified gold electrode and its application†,G:\paper\Sorted_Database\Applications\106_Cheng 等 - 2009 - Electrochemical behavior of lactate dehydrogenase immobilized on “silica sol–gelnanometre-sized tri.pdf,data\markdown\applications\106_Cheng 等 - 2009 - Electrochemical behavior of lactate dehydrogenase immobilized on “silica sol–gelnanometre-sized tri.md,true,markdown_keyword,markdown_link,https://doi.org/10.1039/b823096j,unknown,,not_attempted,false,high,Supplementary Information; ESI,strong,Supplementary Information; ESI,,supplementary keyword detected with url
applications__125_farhadi_等_2011_preparation_of_al2o3tio2_composite_sol_gel_fiber_for_headspace_solid_phase_microextraction_of_chlor,applications,125_Farhadi 等 - 2011 - Preparation of Al2O3TiO2 composite sol–gel fiber for headspace solid‐phase microextraction of chlor,10.1002/jssc.201000924,"Khalil Farhadi ^1 Ramin Maleki ^1, 2 Raheleh Tahmasebi ^1, 2",G:\paper\Sorted_Database\Applications\125_Farhadi 等 - 2011 - Preparation of Al2O3TiO2 composite sol–gel fiber for headspace solid‐phase microextraction of chlor.pdf,data\markdown\applications\125_Farhadi 等 - 2011 - Preparation of Al2O3TiO2 composite sol–gel fiber for headspace solid‐phase microextraction of chlor.md,false,none,unknown,,unknown,,unavailable,false,low,,none,,,doi detected: 10.1002/jssc.201000924; general url present without supplementary keyword
applications__130_fessi和ghorbel_2000_preparation_of_alumina_supported_palladium_catalysts_by_sol_gel_method,applications,130_Fessi和Ghorbel - 2000 - Preparation of alumina supported palladium catalysts by sol-gel method,,Preparation of Alumina Supported Palladium Catalysts by Sol-Gel Method,G:\paper\Sorted_Database\Applications\130_Fessi和Ghorbel - 2000 - Preparation of alumina supported palladium catalysts by sol-gel method.pdf,data\markdown\applications\130_Fessi和Ghorbel - 2000 - Preparation of alumina supported palladium catalysts by sol-gel method.md,false,none,unknown,,unknown,,unavailable,false,low,,none,,,
applications__141_gonzález_peña_等_2005_sol_gel_synthesis_of_mesostructured_aluminas_from_chemically_modified_aluminum_sec_butoxide_using_no,applications,141_González-Peña 等 - 2005 - Sol–gel synthesis of mesostructured aluminas from chemically modified aluminum sec-butoxide using no,10.1016/j.micromeso.2004.12.011,Sol–gel synthesis of mesostructured aluminas from chemically modified aluminum sec-butoxide using non-ionic surfactant templating,G:\paper\Sorted_Database\Applications\141_González-Peña 等 - 2005 - Sol–gel synthesis of mesostructured aluminas from chemically modified aluminum sec-butoxide using no.pdf,data\markdown\applications\141_González-Peña 等 - 2005 - Sol–gel synthesis of mesostructured aluminas from chemically modified aluminum sec-butoxide using no.md,false,none,unknown,,unknown,,unavailable,false,low,,none,,,non-supplementary weak phrases present; doi detected: 10.1016/j.micromeso.2004.12.011; general url present without supplementary keyword; available online
applications__167_kim_等_2007_synthesis_of_thermo_stable_high_surface_area_alumina_powder_from_sol_gel_derived_boehmite,applications,167_Kim 等 - 2007 - Synthesis of thermo-stable high surface area alumina powder from sol–gel derived boehmite,10.1016/j.matchemphys.2007.02.044)/S,Synthesis of thermo-stable high surface area alumina powder from sol–gel derived boehmite,G:\paper\Sorted_Database\Applications\167_Kim 等 - 2007 - Synthesis of thermo-stable high surface area alumina powder from sol–gel derived boehmite.pdf,data\markdown\applications\167_Kim 等 - 2007 - Synthesis of thermo-stable high surface area alumina powder from sol–gel derived boehmite.md,false,none,unknown,,unknown,,unavailable,false,low,,none,,,doi detected: 10.1016/j.matchemphys.2007.02.044)/S; general url present without supplementary keyword
applications__173_krivoshapkin_等_2016_sol_gel_template_preparation_of_alumina_nanofillers_for_reinforcing_the_epoxy_resin,applications,173_Krivoshapkin 等 - 2016 - Sol–gel template preparation of alumina nanofillers for reinforcing the epoxy resin,10.1002/pc.23775,"ORIGINAL PAPER: NANO-STRUCTURED MATERIALS (PARTICLES, FIBERS, COLLOIDS, COMPOSITES, ETC.)",G:\paper\Sorted_Database\Applications\173_Krivoshapkin 等 - 2016 - Sol–gel template preparation of alumina nanofillers for reinforcing the epoxy resin.pdf,data\markdown\applications\173_Krivoshapkin 等 - 2016 - Sol–gel template preparation of alumina nanofillers for reinforcing the epoxy resin.md,false,none,unknown,,unknown,,unavailable,false,low,,none,,,non-supplementary weak phrases present; doi detected: 10.1002/pc.23775; general url present without supplementary keyword; online version
applications__185_li_等_2013_solvothermal_synthesis_of_gamma_aluminas_and_their_structural_evolution,applications,185_Li 等 - 2013 - Solvothermal synthesis of gamma aluminas and their structural evolution,10.1016/j.micromeso.2012.09.005,Solvothermal synthesis of gamma aluminas and their structural evolution,G:\paper\Sorted_Database\Applications\185_Li 等 - 2013 - Solvothermal synthesis of gamma aluminas and their structural evolution.pdf,data\markdown\applications\185_Li 等 - 2013 - Solvothermal synthesis of gamma aluminas and their structural evolution.md,true,markdown_keyword; pdf_text_keyword,markdown_link,http://dx.doi.org/10.1016/j.micromeso.2012.09.005,unknown,,not_attempted,false,high,Supplementary Material; ESI; Supplementary Data,strong,Supplementary Material; ESI; Supplementary Data,,supplementary keyword detected with url; Appendix; available online; online version
applications__202_ma_等_2018_preparation_of_high_performance_zeolite_naa_membranes_in_clear_solution_by_adding_sio2_into_al2o3_ho,applications,202_Ma 等 - 2018 - Preparation of high‐performance zeolite NaA membranes in clear solution by adding SiO2 into Al2O3 ho,10.1002/aic.16107,Preparation of High-Performance Zeolite NaA Membranes in Clear Solution by Adding SiO2 into Al2O3 Hollow-Fiber Precursor,G:\paper\Sorted_Database\Applications\202_Ma 等 - 2018 - Preparation of high‐performance zeolite NaA membranes in clear solution by adding SiO2 into Al2O3 ho.pdf,data\markdown\applications\202_Ma 等 - 2018 - Preparation of high‐performance zeolite NaA membranes in clear solution by adding SiO2 into Al2O3 ho.md,true,markdown_keyword,markdown_link,http://www.w3.org/1999/02/22-rdf-syntax-ns#,unknown,,not_attempted,false,high,Supplementary Information,strong,Supplementary Information,,supplementary keyword detected with url
applications__206_markel_等_1994_aerogel_monoliths_produced_by_direct_oxidation_of_aluminum,applications,206_Markel 等 - 1994 - Aerogel monoliths produced by direct oxidation of aluminum,,Aerogel monoliths produced by direct oxidation of aluminum,G:\paper\Sorted_Database\Applications\206_Markel 等 - 1994 - Aerogel monoliths produced by direct oxidation of aluminum.pdf,data\markdown\applications\206_Markel 等 - 1994 - Aerogel monoliths produced by direct oxidation of aluminum.md,true,pdf_text_keyword,markdown_link,http://www.w3.org/1999/02/22-rdf-syntax-ns#',unknown,,not_attempted,false,high,ESI,strong,ESI,,supplementary keyword detected with url
applications__215_moradipour_等_2020_ternary_znoznal2o4_al2o3_composite_nanofiber_as_photocatalyst_for_conversion_of_co2_and_ch4,applications,215_Moradipour 等 - 2020 - Ternary ZnOZnAl2O4 Al2O3 composite nanofiber as photocatalyst for conversion of CO2 and CH4,10.1016/j.ceramint.2019.09.009,Journal Pre-proof,G:\paper\Sorted_Database\Applications\215_Moradipour 等 - 2020 - Ternary ZnOZnAl2O4 Al2O3 composite nanofiber as photocatalyst for conversion of CO2 and CH4.pdf,data\markdown\applications\215_Moradipour 等 - 2020 - Ternary ZnOZnAl2O4 Al2O3 composite nanofiber as photocatalyst for conversion of CO2 and CH4.md,true,pdf_text_keyword,markdown_link,http://www.elevier.com/local/ceramint,unknown,,not_attempted,false,high,ESI,strong,ESI,,supplementary keyword detected with url
applications__218_müller_等_2002_zirconia_alumina_nanoparticles_prepared_by_laser_evaporation_powder_characterisation_by_tem_and_27a,applications,218_Müller 等 - 2002 - Zirconia-alumina nanoparticles prepared by laser evaporation Powder characterisation by TEM and 27A,10.1002/1521-4117(200207)19:3,Zirconia-Alumina Nanoparticles Prepared by Laser Evaporation: Powder Characterisation by TEM and ^27 Al MAS NMR,G:\paper\Sorted_Database\Applications\218_Müller 等 - 2002 - Zirconia-alumina nanoparticles prepared by laser evaporation Powder characterisation by TEM and 27A.pdf,data\markdown\applications\218_Müller 等 - 2002 - Zirconia-alumina nanoparticles prepared by laser evaporation Powder characterisation by TEM and 27A.md,false,none,unknown,,unknown,,unavailable,false,low,,none,,,doi detected: 10.1002/1521-4117(200207)19:3; general url present without supplementary keyword
applications__230_peng_等_2001_aluminum_oxideamorphous_carbon_coatings_on_carbon_fibers_prepared_by_pyrolysis_of_an_organic_inorg,applications,"230_Peng 等 - 2001 - Aluminum oxideamorphous carbon coatings on carbon fibers, prepared by pyrolysis of an organic–inorg",,"Aluminum oxide/amorphous carbon coatings on carbon fibers, prepared by pyrolysis of an organic–inorganic hybrid precursor","G:\paper\Sorted_Database\Applications\230_Peng 等 - 2001 - Aluminum oxideamorphous carbon coatings on carbon fibers, prepared by pyrolysis of an organic–inorg.pdf","data\markdown\applications\230_Peng 等 - 2001 - Aluminum oxideamorphous carbon coatings on carbon fibers, prepared by pyrolysis of an organic–inorg.md",false,none,unknown,,unknown,,unavailable,false,low,,none,,,
applications__240_preparation_of_alumina_fiber_type_catalyst_for_methane_combustion_by_sol_gel_methodn,applications,240_PREPARATION OF ALUMINA FIBER-TYPE CATALYST FOR METHANE COMBUSTION BY SOL-GEL METHODn,10.1016/j.cej.2020.127744,Research progress of ultrafine alumina fiber prepared by sol-gel method: A review,G:\paper\Sorted_Database\Applications\240_PREPARATION OF ALUMINA FIBER-TYPE CATALYST FOR METHANE COMBUSTION BY SOL-GEL METHODn.pdf,data\markdown\applications\240_PREPARATION OF ALUMINA FIBER-TYPE CATALYST FOR METHANE COMBUSTION BY SOL-GEL METHODn.md,true,pdf_text_keyword,markdown_link,https://www.elsevier.com/locate/cej,unknown,,not_attempted,false,high,ESI,strong,ESI,,supplementary keyword detected with url
applications__245_pérez_pastenes_等_2006_influence_of_the_synthesis_method_on_the_properties_of_ceria_doped_alumina,applications,245_Pérez-Pastenes 等 - 2006 - Influence of the synthesis method on the properties of ceria-doped alumina,,Influence of the Synthesis Method on the Properties of Ceria-Doped Alumina,G:\paper\Sorted_Database\Applications\245_Pérez-Pastenes 等 - 2006 - Influence of the synthesis method on the properties of ceria-doped alumina.pdf,data\markdown\applications\245_Pérez-Pastenes 等 - 2006 - Influence of the synthesis method on the properties of ceria-doped alumina.md,false,none,unknown,,unknown,,unavailable,false,low,,none,,,general url present without supplementary keyword
applications__262_shen_等_2012_morphology_controllable_synthesis_of_nanostructured_boehmite_and_γ_alumina_by_facile_dry_gel_convers,applications,262_Shen 等 - 2012 - Morphology controllable synthesis of nanostructured boehmite and γ-alumina by facile dry gel convers,,Morphology Controllable Synthesis of Nanostructured Boehmite and γ -Alumina by Facile Dry Gel Conversion,G:\paper\Sorted_Database\Applications\262_Shen 等 - 2012 - Morphology controllable synthesis of nanostructured boehmite and γ-alumina by facile dry gel convers.pdf,data\markdown\applications\262_Shen 等 - 2012 - Morphology controllable synthesis of nanostructured boehmite and γ-alumina by facile dry gel convers.md,true,pdf_text_keyword,markdown_link,http://www.w3.org/1999/02/22-rdf-syntax-ns#,unknown,,not_attempted,false,high,ESI,strong,ESI,,supplementary keyword detected with url
applications__277_study_of_poly_vinyl_butyral_alo_hybrid_polymer_materials,applications,277_STUDY OF POLY(VINYL BUTYRAL)ALO HYBRID POLYMER MATERIALS,,聚乙烯醇缩丁醛/氧化铝杂化高分子材料的研究*,G:\paper\Sorted_Database\Applications\277_STUDY OF POLY(VINYL BUTYRAL)ALO HYBRID POLYMER MATERIALS.pdf,data\markdown\applications\277_STUDY OF POLY(VINYL BUTYRAL)ALO HYBRID POLYMER MATERIALS.md,false,none,unknown,,unknown,,unavailable,false,low,,none,,,general url present without supplementary keyword
applications__286_tang_等_2022_fibrous_activated_alumina_prepared_through_phase_transformation_using_dawsonite_as_a_template,applications,286_Tang 等 - 2022 - Fibrous activated alumina prepared through phase transformation using dawsonite as a template,10.1007/s11771-022-4987-8,Fibrous activated alumina prepared through phase transformation using dawsonite as a template,G:\paper\Sorted_Database\Applications\286_Tang 等 - 2022 - Fibrous activated alumina prepared through phase transformation using dawsonite as a template.pdf,data\markdown\applications\286_Tang 等 - 2022 - Fibrous activated alumina prepared through phase transformation using dawsonite as a template.md,true,markdown_keyword; pdf_text_keyword,markdown_link,https://doi.org/10.1007/s11771-022-4987-8,unknown,,not_attempted,false,high,Supporting Information; ESI,strong,Supporting Information; ESI,,supplementary keyword detected with url
applications__292_toledo_等_2005_synthesis_of_highly_porous_aluminas_mediated_by_cationic_surfactant_structural_and_textural_propert,applications,292_Toledo 等 - 2005 - Synthesis of highly porous aluminas mediated by cationic surfactant Structural and textural propert,,Synthesis of highly porous aluminas mediated by cationic surfactant: Structural and textural properties,G:\paper\Sorted_Database\Applications\292_Toledo 等 - 2005 - Synthesis of highly porous aluminas mediated by cationic surfactant Structural and textural propert.pdf,data\markdown\applications\292_Toledo 等 - 2005 - Synthesis of highly porous aluminas mediated by cationic surfactant Structural and textural propert.md,true,pdf_text_keyword,markdown_link,http://www.w3.org/1999/02/22-rdf-syntax-ns#,unknown,,not_attempted,false,high,ESI,strong,ESI,,supplementary keyword detected with url
applications__301_verdenelli_等_2003_sol_gel_preparation_and_thermo_mechanical_properties_of_porous_xal2o3_ysio2_coatings_on_sic_hi_nical,applications,301_Verdenelli 等 - 2003 - Sol-gel preparation and thermo-mechanical properties of porous xAl2O3–ySiO2 coatings on SiC hi-nical,,Sol-gel preparation and thermo-mechanical properties of porous xAl2O3-ySiO2 coatings on SiC Hi-Nicalon fibres,G:\paper\Sorted_Database\Applications\301_Verdenelli 等 - 2003 - Sol-gel preparation and thermo-mechanical properties of porous xAl2O3–ySiO2 coatings on SiC hi-nical.pdf,data\markdown\applications\301_Verdenelli 等 - 2003 - Sol-gel preparation and thermo-mechanical properties of porous xAl2O3–ySiO2 coatings on SiC hi-nical.md,false,none,unknown,,unknown,,unavailable,false,low,,none,,,general url present without supplementary keyword
applications__311_xu_等_2022_lapo4_coating_on_alumina_based_fiber_strength_retention_of_fiber_and_improvement_of_interfacial_per,applications,311_Xu 等 - 2022 - LaPO4 coating on alumina-based fiber Strength retention of fiber and improvement of interfacial per,10.3390/coatings9100609,LaPO 4 coating on alumina-based fiber: Strength retention of fiber and improvement of interfacial performances,G:\paper\Sorted_Database\Applications\311_Xu 等 - 2022 - LaPO4 coating on alumina-based fiber Strength retention of fiber and improvement of interfacial per.pdf,data\markdown\applications\311_Xu 等 - 2022 - LaPO4 coating on alumina-based fiber Strength retention of fiber and improvement of interfacial per.md,true,pdf_text_keyword,markdown_link,https://doi.org/10.3390/coatings9100609,unknown,,not_attempted,false,high,ESI,strong,ESI,,supplementary keyword detected with url
applications__328_zhang_等_2022_preparation_and_characterization_of_alumina_coated_hollow_quartz_fiber_reinforced_al2o3_sio2_aerogel,applications,328_Zhang 等 - 2022 - Preparation and characterization of alumina-coated hollow quartz fiber reinforced Al2O3-SiO2 aerogel,10.1007/s11595-022-2534-y,DOI https://doi.org/10.1007/s11595-022-2534-y,G:\paper\Sorted_Database\Applications\328_Zhang 等 - 2022 - Preparation and characterization of alumina-coated hollow quartz fiber reinforced Al2O3-SiO2 aerogel.pdf,data\markdown\applications\328_Zhang 等 - 2022 - Preparation and characterization of alumina-coated hollow quartz fiber reinforced Al2O3-SiO2 aerogel.md,true,pdf_text_keyword,markdown_link,https://doi.org/10.1007/s11595-022-2534-y,unknown,,not_attempted,false,high,ESI,strong,ESI,,supplementary keyword detected with url
applications__333_zhao_等_2025_fluorescent_alumina_fibers_a_fluorescent_sensor_for_detecting_trace_amounts_of_water_in_organic_sol,applications,333_Zhao 等 - 2025 - Fluorescent alumina fibers A fluorescent sensor for detecting trace amounts of water in organic sol,10.1016/j.microc.2024.110182,Research Article,G:\paper\Sorted_Database\Applications\333_Zhao 等 - 2025 - Fluorescent alumina fibers A fluorescent sensor for detecting trace amounts of water in organic sol.pdf,data\markdown\applications\333_Zhao 等 - 2025 - Fluorescent alumina fibers A fluorescent sensor for detecting trace amounts of water in organic sol.md,true,pdf_text_keyword,markdown_link,https://doi.org/10.1016/j.microc.2024.110182,unknown,,not_attempted,false,high,ESI,strong,ESI,,supplementary keyword detected with url
applications__335_zhou_等_2023_preparation_of_the_al13_sol_via_electrodialysis_as_an_effective_binder_of_fcc_catalysts,applications,335_Zhou 等 - 2023 - Preparation of the Al13 sol via electrodialysis as an effective binder of FCC catalysts,10.1021/acs.iecr.2c02267,Preparation of the Al13 Sol via Electrodialysis as an Effective Binder of FCC Catalysts,G:\paper\Sorted_Database\Applications\335_Zhou 等 - 2023 - Preparation of the Al13 sol via electrodialysis as an effective binder of FCC catalysts.pdf,data\markdown\applications\335_Zhou 等 - 2023 - Preparation of the Al13 sol via electrodialysis as an effective binder of FCC catalysts.md,false,none,unknown,,unknown,,unavailable,false,low,,none,,,doi detected: 10.1021/acs.iecr.2c02267; general url present without supplementary keyword
applications__339_estudio_por_drx_de_la_intercalación_pilarización_de_un_mineral,applications,339_ESTUDIO POR DRX DE LA INTERCALACIÓN-PILARIZACIÓN DE UN MINERAL,,ESTUDIO POR DRX DE LA INTERCALACIÓN-PILARIZACIÓN DE UN MINERAL DE ARCILLA TIPO 2:1 CON ESPECIES POLIOXOCATIÓNICAS DE ALUMINIO,G:\paper\Sorted_Database\Applications\339_ESTUDIO POR DRX DE LA INTERCALACIÓN-PILARIZACIÓN DE UN MINERAL.pdf,data\markdown\applications\339_ESTUDIO POR DRX DE LA INTERCALACIÓN-PILARIZACIÓN DE UN MINERAL.md,false,none,unknown,,unknown,,unavailable,false,low,,none,,,general url present without supplementary keyword
applications__341_jacs_49_2_azis,applications,341_JACS_49-2_Azis,,"DTA/TG, XRD and ^27 Al MAS NMR of Yttrium Aluminium Garnet, Y3Al5O12 by Sol-gel Synthesis",G:\paper\Sorted_Database\Applications\341_JACS_49-2_Azis.pdf,data\markdown\applications\341_JACS_49-2_Azis.md,false,none,unknown,,unknown,,unavailable,false,low,,none,,,general url present without supplementary keyword
